{
"type": "FeatureCollection",
"name": "monash footprint subset v2",
"crs": { "type": "name", "properties": { "name": "urn:ogc:def:crs:OGC:1.3:CRS84" } },
"features": [
{ "type": "Feature", "properties": { "Join_Count": 1, "TARGET_FID": 663513, "BF_FID": 1667077, "PARCEL_VIE": "1477613", "LAND_USE_T": "Residential - R1Z", "FLOOR_LEVE": -9.99, "FLOOD_RISK": -9999, "GROUND_ELE": 114.05, "HEIGHT_AVE": 0, "NO_OF_GROU": 0, "NO_ABOVE_G": -9999, "SOURCE_OF_": 1, "ACCURACY_O": 0, "DATE_CAPTU": null, "CAPTURED_B": null, "DATE_LAST_": null, "UPDATED_BY": null, "MI_PRINX": 0.0, "LGA_CODE": "348", "LGA_NAME": "MONASH", "height": 0 }, "geometry": { "type": "MultiPolygon", "coordinates": [ [ [ [ 145.146446506761066, -37.896972095235121 ], [ 145.14653596269099, -37.897032159774042 ], [ 145.146500036722415, -37.897081149195735 ], [ 145.146464695984577, -37.897084376741965 ], [ 145.146430807757923, -37.897067084231125 ], [ 145.146401649227727, -37.897078067688511 ], [ 145.146359262461289, -37.89705190153073 ], [ 145.146418627877665, -37.896980666139257 ], [ 145.146446506761066, -37.896972095235121 ] ] ] ] } },
{ "type": "Feature", "properties": { "Join_Count": 1, "TARGET_FID": 664662, "BF_FID": 1668229, "PARCEL_VIE": "1467881", "LAND_USE_T": "Business - B3Z", "FLOOR_LEVE": -9.99, "FLOOD_RISK": -9999, "GROUND_ELE": 115.64, "HEIGHT_AVE": 7.53, "NO_OF_GROU": 0, "NO_ABOVE_G": -9999, "SOURCE_OF_": 1, "ACCURACY_O": 0, "DATE_CAPTU": null, "CAPTURED_B": null, "DATE_LAST_": null, "UPDATED_BY": null, "MI_PRINX": 0.0, "LGA_CODE": "348", "LGA_NAME": "MONASH", "height": 0 }, "geometry": { "type": "MultiPolygon", "coordinates": [ [ [ [ 145.139947674035625, -37.894467917434525 ], [ 145.140168603878351, -37.894493934576232 ], [ 145.140166168487809, -37.894512456790117 ], [ 145.140281376204427, -37.89452517976202 ], [ 145.140279823580073, -37.894586874075102 ], [ 145.14015706706391, -37.894576014002332 ], [ 145.140145016878222, -37.894652408979951 ], [ 145.140550387461616, -37.894693774272852 ], [ 145.140535552253198, -37.894828690617537 ], [ 145.140836180106646, -37.894858849092309 ], [ 145.140797260862882, -37.895049067071653 ], [ 145.140800939351891, -37.895130215651307 ], [ 145.140834946023972, -37.89513525796918 ], [ 145.140801669744945, -37.895328538413068 ], [ 145.139962366930291, -37.895236526783016 ], [ 145.139951537197106, -37.895215992885184 ], [ 145.139984135525964, -37.89504973213559 ], [ 145.139961564756931, -37.895044870339106 ], [ 145.139774452427673, -37.895023892427268 ], [ 145.139748044641465, -37.895167725855067 ], [ 145.139543758722851, -37.895150981104941 ], [ 145.139568239512755, -37.895083702682591 ], [ 145.139648405148392, -37.89460734734061 ], [ 145.139893156912592, -37.894629506888933 ], [ 145.139924783007018, -37.894472060620984 ], [ 145.139947674035625, -37.894467917434525 ] ] ] ] } },
{ "type": "Feature", "properties": { "Join_Count": 1, "TARGET_FID": 664663, "BF_FID": 1668230, "PARCEL_VIE": "1467882", "LAND_USE_T": "Business - B3Z", "FLOOR_LEVE": -9.99, "FLOOD_RISK": -9999, "GROUND_ELE": 116.42, "HEIGHT_AVE": 4.54, "NO_OF_GROU": 0, "NO_ABOVE_G": -9999, "SOURCE_OF_": 1, "ACCURACY_O": 0, "DATE_CAPTU": null, "CAPTURED_B": null, "DATE_LAST_": null, "UPDATED_BY": null, "MI_PRINX": 0.0, "LGA_CODE": "348", "LGA_NAME": "MONASH", "height": 0 }, "geometry": { "type": "MultiPolygon", "coordinates": [ [ [ [ 145.141850435088543, -37.894772875563397 ], [ 145.142145172048458, -37.89481356953501 ], [ 145.142126527058508, -37.894876345533312 ], [ 145.141967816372301, -37.894855819524459 ], [ 145.141938961474068, -37.894873384013735 ], [ 145.141938282090564, -37.894900403444829 ], [ 145.14196073973244, -37.894909768102977 ], [ 145.142142380562547, -37.894917141073542 ], [ 145.142102130933353, -37.895141756914619 ], [ 145.141689753775353, -37.895099205085572 ], [ 145.141719276392706, -37.895014075811389 ], [ 145.141748056109236, -37.894775763900817 ], [ 145.141850435088543, -37.894772875563397 ] ] ] ] } },
{ "type": "Feature", "properties": { "Join_Count": 1, "TARGET_FID": 664672, "BF_FID": 1668239, "PARCEL_VIE": "1467905", "LAND_USE_T": "Business - B3Z", "FLOOR_LEVE": -9.99, "FLOOD_RISK": -9999, "GROUND_ELE": 107.92, "HEIGHT_AVE": 7.99, "NO_OF_GROU": 0, "NO_ABOVE_G": -9999, "SOURCE_OF_": 1, "ACCURACY_O": 0, "DATE_CAPTU": null, "CAPTURED_B": null, "DATE_LAST_": null, "UPDATED_BY": null, "MI_PRINX": 0.0, "LGA_CODE": "348", "LGA_NAME": "MONASH", "height": 0 }, "geometry": { "type": "MultiPolygon", "coordinates": [ [ [ [ 145.143086994780617, -37.8982890163105 ], [ 145.143103489649661, -37.898311801734934 ], [ 145.143143009211997, -37.898321435421003 ], [ 145.143136139902396, -37.898370882294131 ], [ 145.143149169820305, -37.89837108791005 ], [ 145.143069277685612, -37.898766359433338 ], [ 145.143057029608741, -37.898802206341891 ], [ 145.142915031509403, -37.898795460348694 ], [ 145.142892478837183, -37.898786094365121 ], [ 145.142892931590353, -37.898768081413209 ], [ 145.142972495519274, -37.898318744543424 ], [ 145.1429841776432, -37.898305413832752 ], [ 145.143029641701759, -37.898306131320894 ], [ 145.143041530731068, -37.89828829884479 ], [ 145.143086994780617, -37.8982890163105 ] ] ] ] } },
{ "type": "Feature", "properties": { "Join_Count": 1, "TARGET_FID": 664675, "BF_FID": 1668242, "PARCEL_VIE": "1467911", "LAND_USE_T": "Business - B3Z", "FLOOR_LEVE": -9.99, "FLOOD_RISK": -9999, "GROUND_ELE": 107.23, "HEIGHT_AVE": 6.19, "NO_OF_GROU": 0, "NO_ABOVE_G": -9999, "SOURCE_OF_": 1, "ACCURACY_O": 0, "DATE_CAPTU": null, "CAPTURED_B": null, "DATE_LAST_": null, "UPDATED_BY": null, "MI_PRINX": 0.0, "LGA_CODE": "348", "LGA_NAME": "MONASH", "height": 0 }, "geometry": { "type": "MultiPolygon", "coordinates": [ [ [ [ 145.141629328524516, -37.89904546339914 ], [ 145.141719691179361, -37.899069415601929 ], [ 145.141693398651455, -37.899208746199186 ], [ 145.141761189358078, -37.899227836873443 ], [ 145.14169509217524, -37.899596295038528 ], [ 145.141373610771637, -37.899544365279468 ], [ 145.141433867809781, -37.899195637165704 ], [ 145.141557231461121, -37.899197585622062 ], [ 145.141578032565292, -37.899049158281215 ], [ 145.141629328524516, -37.89904546339914 ] ] ] ] } },
{ "type": "Feature", "properties": { "Join_Count": 1, "TARGET_FID": 664704, "BF_FID": 1668271, "PARCEL_VIE": "1468013", "LAND_USE_T": "Business - B3Z", "FLOOR_LEVE": -9.99, "FLOOD_RISK": -9999, "GROUND_ELE": 116.5, "HEIGHT_AVE": 5.74, "NO_OF_GROU": 0, "NO_ABOVE_G": -9999, "SOURCE_OF_": 1, "ACCURACY_O": 0, "DATE_CAPTU": null, "CAPTURED_B": null, "DATE_LAST_": null, "UPDATED_BY": null, "MI_PRINX": 0.0, "LGA_CODE": "348", "LGA_NAME": "MONASH", "height": 0 }, "geometry": { "type": "MultiPolygon", "coordinates": [ [ [ [ 145.141255372846672, -37.894921153469625 ], [ 145.141487720869151, -37.894951853534955 ], [ 145.141555960673799, -37.894952931287399 ], [ 145.141562131584749, -37.894935008641731 ], [ 145.141601875638969, -37.894935636323154 ], [ 145.141601309382139, -37.894958152511208 ], [ 145.141623973981979, -37.894963015475625 ], [ 145.141562598965692, -37.895367588621319 ], [ 145.141290298333303, -37.895340762648075 ], [ 145.141204865325619, -37.895348423200502 ], [ 145.141205205156979, -37.895334913491624 ], [ 145.14114279621819, -37.895329422616022 ], [ 145.14115731016426, -37.895203511171104 ], [ 145.141123190153564, -37.895202972181274 ], [ 145.141124549530332, -37.895148933346704 ], [ 145.141170240421985, -37.895140554965231 ], [ 145.141182922293865, -37.895091200011443 ], [ 145.141184168344353, -37.895041664410478 ], [ 145.141144557065616, -37.895032028633068 ], [ 145.141151634314923, -37.894978080120623 ], [ 145.141197322831943, -37.894969791790274 ], [ 145.141198568867338, -37.894920256187874 ], [ 145.141255372846672, -37.894921153469625 ] ] ] ] } },
{ "type": "Feature", "properties": { "Join_Count": 1, "TARGET_FID": 664705, "BF_FID": 1668272, "PARCEL_VIE": "1468013", "LAND_USE_T": "Business - B3Z", "FLOOR_LEVE": -9.99, "FLOOD_RISK": -9999, "GROUND_ELE": 117.63, "HEIGHT_AVE": 4.54, "NO_OF_GROU": 0, "NO_ABOVE_G": -9999, "SOURCE_OF_": 1, "ACCURACY_O": 0, "DATE_CAPTU": null, "CAPTURED_B": null, "DATE_LAST_": null, "UPDATED_BY": null, "MI_PRINX": 0.0, "LGA_CODE": "348", "LGA_NAME": "MONASH", "height": 0 }, "geometry": { "type": "MultiPolygon", "coordinates": [ [ [ [ 145.141445667972391, -37.894629170076328 ], [ 145.141439766608443, -37.894714672367925 ], [ 145.141251632003843, -37.894700798605669 ], [ 145.141260664778315, -37.894591469149837 ], [ 145.141445667972391, -37.894629170076328 ] ] ] ] } },
{ "type": "Feature", "properties": { "Join_Count": 1, "TARGET_FID": 664714, "BF_FID": 1668281, "PARCEL_VIE": "1468160", "LAND_USE_T": "Business - B3Z", "FLOOR_LEVE": -9.99, "FLOOD_RISK": -9999, "GROUND_ELE": 114.01, "HEIGHT_AVE": 7.33, "NO_OF_GROU": 0, "NO_ABOVE_G": -9999, "SOURCE_OF_": 1, "ACCURACY_O": 0, "DATE_CAPTU": null, "CAPTURED_B": null, "DATE_LAST_": null, "UPDATED_BY": null, "MI_PRINX": 0.0, "LGA_CODE": "348", "LGA_NAME": "MONASH", "height": 0 }, "geometry": { "type": "MultiPolygon", "coordinates": [ [ [ [ 145.141429904934938, -37.895897175989603 ], [ 145.14176429693913, -37.895938497279012 ], [ 145.141730229892687, -37.896163300673997 ], [ 145.141650533468663, -37.896166547106567 ], [ 145.141650873228599, -37.896153037396147 ], [ 145.141633812999203, -37.896152767968303 ], [ 145.141627755246191, -37.896166187375272 ], [ 145.141607504323702, -37.896296513287126 ], [ 145.141630188848382, -37.896296871543008 ], [ 145.141629849082904, -37.896310381252938 ], [ 145.141603200558535, -37.896467636274913 ], [ 145.141585458440403, -37.896494476321372 ], [ 145.141568398132819, -37.896494206882004 ], [ 145.141549185867177, -37.896579498929128 ], [ 145.141311001428591, -37.896553211774837 ], [ 145.141395129367936, -37.896068087985668 ], [ 145.141368736197705, -37.89606604929785 ], [ 145.141376232511163, -37.895995438805187 ], [ 145.14139959654787, -37.895968777685432 ], [ 145.141395784598757, -37.895896637070464 ], [ 145.141429904934938, -37.895897175989603 ] ] ] ] } },
{ "type": "Feature", "properties": { "Join_Count": 1, "TARGET_FID": 664715, "BF_FID": 1668282, "PARCEL_VIE": "1468161", "LAND_USE_T": "Business - B3Z", "FLOOR_LEVE": -9.99, "FLOOD_RISK": -9999, "GROUND_ELE": 116.23, "HEIGHT_AVE": 4.76, "NO_OF_GROU": 0, "NO_ABOVE_G": -9999, "SOURCE_OF_": 1, "ACCURACY_O": 0, "DATE_CAPTU": null, "CAPTURED_B": null, "DATE_LAST_": null, "UPDATED_BY": null, "MI_PRINX": 0.0, "LGA_CODE": "348", "LGA_NAME": "MONASH", "height": 0 }, "geometry": { "type": "MultiPolygon", "coordinates": [ [ [ [ 145.142454299151296, -37.894957024338389 ], [ 145.14252910871474, -37.894972801520709 ], [ 145.142480092391764, -37.895382075305015 ], [ 145.142460255578413, -37.895395277248312 ], [ 145.142459046591568, -37.895443371845552 ], [ 145.142373797394129, -37.895436259662588 ], [ 145.142384102045582, -37.895373261866176 ], [ 145.142108898341434, -37.895349995977874 ], [ 145.142142418045609, -37.895146898015028 ], [ 145.142102130933353, -37.895141756914619 ], [ 145.142140193359978, -37.894929540414502 ], [ 145.142454299151296, -37.894957024338389 ] ] ] ] } },
{ "type": "Feature", "properties": { "Join_Count": 1, "TARGET_FID": 664728, "BF_FID": 1668295, "PARCEL_VIE": "1477064", "LAND_USE_T": "Residential - R1Z", "FLOOR_LEVE": -9.99, "FLOOD_RISK": -9999, "GROUND_ELE": 116.01, "HEIGHT_AVE": 4.28, "NO_OF_GROU": 0, "NO_ABOVE_G": -9999, "SOURCE_OF_": 1, "ACCURACY_O": 0, "DATE_CAPTU": null, "CAPTURED_B": null, "DATE_LAST_": null, "UPDATED_BY": null, "MI_PRINX": 0.0, "LGA_CODE": "348", "LGA_NAME": "MONASH", "height": 0 }, "geometry": { "type": "MultiPolygon", "coordinates": [ [ [ [ 145.145482684705485, -37.890290726849258 ], [ 145.145442301246561, -37.890386678309312 ], [ 145.145395883282703, -37.89038306354967 ], [ 145.145369969626529, -37.890451672232018 ], [ 145.145247110770725, -37.890430184043346 ], [ 145.145277492883253, -37.890310558757378 ], [ 145.14537224958562, -37.890319710736094 ], [ 145.145385594997236, -37.890277393562144 ], [ 145.145482684705485, -37.890290726849258 ] ] ] ] } },
{ "type": "Feature", "properties": { "Join_Count": 1, "TARGET_FID": 664729, "BF_FID": 1668296, "PARCEL_VIE": "1477065", "LAND_USE_T": "Residential - R1Z", "FLOOR_LEVE": -9.99, "FLOOD_RISK": -9999, "GROUND_ELE": 116.9, "HEIGHT_AVE": 3.9, "NO_OF_GROU": 0, "NO_ABOVE_G": -9999, "SOURCE_OF_": 1, "ACCURACY_O": 0, "DATE_CAPTU": null, "CAPTURED_B": null, "DATE_LAST_": null, "UPDATED_BY": null, "MI_PRINX": 0.0, "LGA_CODE": "348", "LGA_NAME": "MONASH", "height": 0 }, "geometry": { "type": "MultiPolygon", "coordinates": [ [ [ [ 145.145329007432167, -37.890499680991418 ], [ 145.145318058014084, -37.890622135379878 ], [ 145.145202620213354, -37.890618784229176 ], [ 145.145205985838317, -37.890540720031666 ], [ 145.145251587435723, -37.890543240792574 ], [ 145.145255853597718, -37.890496545805405 ], [ 145.145329007432167, -37.890499680991418 ] ] ] ] } },
{ "type": "Feature", "properties": { "Join_Count": 1, "TARGET_FID": 664730, "BF_FID": 1668297, "PARCEL_VIE": "1477066", "LAND_USE_T": "Residential - R1Z", "FLOOR_LEVE": -9.99, "FLOOD_RISK": -9999, "GROUND_ELE": 117.62, "HEIGHT_AVE": 4.92, "NO_OF_GROU": 0, "NO_ABOVE_G": -9999, "SOURCE_OF_": 1, "ACCURACY_O": 0, "DATE_CAPTU": null, "CAPTURED_B": null, "DATE_LAST_": null, "UPDATED_BY": null, "MI_PRINX": 0.0, "LGA_CODE": "348", "LGA_NAME": "MONASH", "height": 0 }, "geometry": { "type": "MultiPolygon", "coordinates": [ [ [ [ 145.145211747405256, -37.890662356591804 ], [ 145.145409946793507, -37.890697015591677 ], [ 145.14539726860292, -37.89074637112958 ], [ 145.145329126263334, -37.89074529718193 ], [ 145.145328448219601, -37.890772316683979 ], [ 145.145385023137038, -37.890782218391102 ], [ 145.145377947237762, -37.890836257350976 ], [ 145.145315541683033, -37.890830768776262 ], [ 145.145305330325101, -37.89078555752328 ], [ 145.145163575580995, -37.890769718067347 ], [ 145.145159327225542, -37.890711085697319 ], [ 145.145177516395819, -37.89066632208155 ], [ 145.145211747405256, -37.890662356591804 ] ] ] ] } },
{ "type": "Feature", "properties": { "Join_Count": 1, "TARGET_FID": 664731, "BF_FID": 1668298, "PARCEL_VIE": "1477067", "LAND_USE_T": "Residential - R1Z", "FLOOR_LEVE": -9.99, "FLOOD_RISK": -9999, "GROUND_ELE": 118.46, "HEIGHT_AVE": 3.8, "NO_OF_GROU": 0, "NO_ABOVE_G": -9999, "SOURCE_OF_": 1, "ACCURACY_O": 0, "DATE_CAPTU": null, "CAPTURED_B": null, "DATE_LAST_": null, "UPDATED_BY": null, "MI_PRINX": 0.0, "LGA_CODE": "348", "LGA_NAME": "MONASH", "height": 0 }, "geometry": { "type": "MultiPolygon", "coordinates": [ [ [ [ 145.145302647262042, -37.891344589605851 ], [ 145.145289382268771, -37.891421056163033 ], [ 145.145160994685739, -37.891418041459424 ], [ 145.145162060395705, -37.89143535757578 ], [ 145.145087721042898, -37.891430852080489 ], [ 145.145093736369063, -37.891344360206119 ], [ 145.145302647262042, -37.891344589605851 ] ] ] ] } },
{ "type": "Feature", "properties": { "Join_Count": 1, "TARGET_FID": 664732, "BF_FID": 1668299, "PARCEL_VIE": "1477068", "LAND_USE_T": "Residential - R1Z", "FLOOR_LEVE": -9.99, "FLOOD_RISK": -9999, "GROUND_ELE": 118.58, "HEIGHT_AVE": 3.32, "NO_OF_GROU": 0, "NO_ABOVE_G": -9999, "SOURCE_OF_": 1, "ACCURACY_O": 0, "DATE_CAPTU": null, "CAPTURED_B": null, "DATE_LAST_": null, "UPDATED_BY": null, "MI_PRINX": 0.0, "LGA_CODE": "348", "LGA_NAME": "MONASH", "height": 0 }, "geometry": { "type": "MultiPolygon", "coordinates": [ [ [ [ 145.145253787952868, -37.891479330856257 ], [ 145.145294185156501, -37.89148375179132 ], [ 145.145300561013386, -37.891554761467219 ], [ 145.145116331293679, -37.891564922267122 ], [ 145.145115268197742, -37.891476516806627 ], [ 145.145253787952868, -37.891479330856257 ] ] ] ] } },
{ "type": "Feature", "properties": { "Join_Count": 1, "TARGET_FID": 664733, "BF_FID": 1668300, "PARCEL_VIE": "1477069", "LAND_USE_T": "Residential - R1Z", "FLOOR_LEVE": -9.99, "FLOOD_RISK": -9999, "GROUND_ELE": 118.89, "HEIGHT_AVE": 5.75, "NO_OF_GROU": 0, "NO_ABOVE_G": -9999, "SOURCE_OF_": 1, "ACCURACY_O": 0, "DATE_CAPTU": null, "CAPTURED_B": null, "DATE_LAST_": null, "UPDATED_BY": null, "MI_PRINX": 0.0, "LGA_CODE": "348", "LGA_NAME": "MONASH", "height": 0 }, "geometry": { "type": "MultiPolygon", "coordinates": [ [ [ [ 145.145221449710164, -37.891635776429077 ], [ 145.145329089930925, -37.89165098806356 ], [ 145.145326759640909, -37.891743845070749 ], [ 145.145164822479558, -37.891725074588955 ], [ 145.145180676296548, -37.891635133764282 ], [ 145.145221449710164, -37.891635776429077 ] ] ] ] } },
{ "type": "Feature", "properties": { "Join_Count": 1, "TARGET_FID": 664734, "BF_FID": 1668301, "PARCEL_VIE": "1477070", "LAND_USE_T": "Residential - R1Z", "FLOOR_LEVE": -9.99, "FLOOD_RISK": -9999, "GROUND_ELE": 118.82, "HEIGHT_AVE": 3.9, "NO_OF_GROU": 0, "NO_ABOVE_G": -9999, "SOURCE_OF_": 1, "ACCURACY_O": 0, "DATE_CAPTU": null, "CAPTURED_B": null, "DATE_LAST_": null, "UPDATED_BY": null, "MI_PRINX": 0.0, "LGA_CODE": "348", "LGA_NAME": "MONASH", "height": 0 }, "geometry": { "type": "MultiPolygon", "coordinates": [ [ [ [ 145.145177542626357, -37.891797355575527 ], [ 145.145169231651977, -37.891874440800962 ], [ 145.14498279848749, -37.891856545362351 ], [ 145.144984197972747, -37.891744752567007 ], [ 145.1451813027588, -37.891763356811531 ], [ 145.145177542626357, -37.891797355575527 ] ] ] ] } },
{ "type": "Feature", "properties": { "Join_Count": 1, "TARGET_FID": 664735, "BF_FID": 1668302, "PARCEL_VIE": "1477072", "LAND_USE_T": "Residential - R1Z", "FLOOR_LEVE": -9.99, "FLOOD_RISK": -9999, "GROUND_ELE": 119.04, "HEIGHT_AVE": 3.79, "NO_OF_GROU": 0, "NO_ABOVE_G": -9999, "SOURCE_OF_": 1, "ACCURACY_O": 0, "DATE_CAPTU": null, "CAPTURED_B": null, "DATE_LAST_": null, "UPDATED_BY": null, "MI_PRINX": 0.0, "LGA_CODE": "348", "LGA_NAME": "MONASH", "height": 0 }, "geometry": { "type": "MultiPolygon", "coordinates": [ [ [ [ 145.145043100895407, -37.892173749070501 ], [ 145.144916968570669, -37.892163020985627 ], [ 145.144925812504567, -37.892102072194447 ], [ 145.144999901922716, -37.892101618325349 ], [ 145.145000408309301, -37.892081443772142 ], [ 145.145062957302571, -37.892081258446616 ], [ 145.145043100895407, -37.892173749070501 ] ] ] ] } },
{ "type": "Feature", "properties": { "Join_Count": 1, "TARGET_FID": 664736, "BF_FID": 1668303, "PARCEL_VIE": "1477073", "LAND_USE_T": "Residential - R1Z", "FLOOR_LEVE": -9.99, "FLOOD_RISK": -9999, "GROUND_ELE": 119.05, "HEIGHT_AVE": 4.21, "NO_OF_GROU": 0, "NO_ABOVE_G": -9999, "SOURCE_OF_": 1, "ACCURACY_O": 0, "DATE_CAPTU": null, "CAPTURED_B": null, "DATE_LAST_": null, "UPDATED_BY": null, "MI_PRINX": 0.0, "LGA_CODE": "348", "LGA_NAME": "MONASH", "height": 0 }, "geometry": { "type": "MultiPolygon", "coordinates": [ [ [ [ 145.145002385119341, -37.892208156384541 ], [ 145.145033198311438, -37.892209633214833 ], [ 145.145022474265517, -37.89231560267843 ], [ 145.144954236761151, -37.892314526998696 ], [ 145.144954752206985, -37.892293992186907 ], [ 145.144925584614981, -37.89228299061363 ], [ 145.144928992416681, -37.892206999426428 ], [ 145.145002385119341, -37.892208156384541 ] ] ] ] } },
{ "type": "Feature", "properties": { "Join_Count": 1, "TARGET_FID": 664737, "BF_FID": 1668304, "PARCEL_VIE": "1477078", "LAND_USE_T": "Residential - R1Z", "FLOOR_LEVE": -9.99, "FLOOD_RISK": -9999, "GROUND_ELE": 117.95, "HEIGHT_AVE": 3.83, "NO_OF_GROU": 0, "NO_ABOVE_G": -9999, "SOURCE_OF_": 1, "ACCURACY_O": 0, "DATE_CAPTU": null, "CAPTURED_B": null, "DATE_LAST_": null, "UPDATED_BY": null, "MI_PRINX": 0.0, "LGA_CODE": "348", "LGA_NAME": "MONASH", "height": 0 }, "geometry": { "type": "MultiPolygon", "coordinates": [ [ [ [ 145.144844705105072, -37.893734317309203 ], [ 145.144858245087562, -37.893762732250593 ], [ 145.144729087577161, -37.893808899812676 ], [ 145.144700799016476, -37.89380394877805 ], [ 145.144673980232767, -37.893740455534029 ], [ 145.144674235746692, -37.893730278197175 ], [ 145.14482225517898, -37.893687291278894 ], [ 145.144844705105072, -37.893734317309203 ] ] ] ] } },
{ "type": "Feature", "properties": { "Join_Count": 1, "TARGET_FID": 664738, "BF_FID": 1668305, "PARCEL_VIE": "1477086", "LAND_USE_T": "Residential - R1Z", "FLOOR_LEVE": -9.99, "FLOOD_RISK": -9999, "GROUND_ELE": 107.47, "HEIGHT_AVE": 4.08, "NO_OF_GROU": 0, "NO_ABOVE_G": -9999, "SOURCE_OF_": 1, "ACCURACY_O": 0, "DATE_CAPTU": null, "CAPTURED_B": null, "DATE_LAST_": null, "UPDATED_BY": null, "MI_PRINX": 0.0, "LGA_CODE": "348", "LGA_NAME": "MONASH", "height": 0 }, "geometry": { "type": "MultiPolygon", "coordinates": [ [ [ [ 145.144041663217649, -37.897407397502732 ], [ 145.144121021621316, -37.897417659209552 ], [ 145.144106851447589, -37.897530061369665 ], [ 145.143925355762946, -37.897509178580663 ], [ 145.143920410123968, -37.89748207041508 ], [ 145.143966213053091, -37.897469277803332 ], [ 145.143961852367937, -37.897415148709968 ], [ 145.144041663217649, -37.897407397502732 ] ] ] ] } },
{ "type": "Feature", "properties": { "Join_Count": 1, "TARGET_FID": 664739, "BF_FID": 1668306, "PARCEL_VIE": "1477087", "LAND_USE_T": "Residential - R1Z", "FLOOR_LEVE": -9.99, "FLOOD_RISK": -9999, "GROUND_ELE": 107.27, "HEIGHT_AVE": 3.4, "NO_OF_GROU": 0, "NO_ABOVE_G": -9999, "SOURCE_OF_": 1, "ACCURACY_O": 0, "DATE_CAPTU": null, "CAPTURED_B": null, "DATE_LAST_": null, "UPDATED_BY": null, "MI_PRINX": 0.0, "LGA_CODE": "348", "LGA_NAME": "MONASH", "height": 0 }, "geometry": { "type": "MultiPolygon", "coordinates": [ [ [ [ 145.14403781737056, -37.897560507727199 ], [ 145.144050957137722, -37.897578735078021 ], [ 145.144122441609937, -37.897588872593992 ], [ 145.144114461319077, -37.897678847248208 ], [ 145.144000360865419, -37.897681552634211 ], [ 145.143892832143337, -37.897661566140521 ], [ 145.143895762520401, -37.897615841301779 ], [ 145.143935471870265, -37.897617909269968 ], [ 145.143938246712537, -37.897563442226087 ], [ 145.14403781737056, -37.897560507727199 ] ] ] ] } },
{ "type": "Feature", "properties": { "Join_Count": 1, "TARGET_FID": 664740, "BF_FID": 1668307, "PARCEL_VIE": "1477092", "LAND_USE_T": "Residential - R1Z", "FLOOR_LEVE": -9.99, "FLOOD_RISK": -9999, "GROUND_ELE": 106.51, "HEIGHT_AVE": 3.68, "NO_OF_GROU": 0, "NO_ABOVE_G": -9999, "SOURCE_OF_": 1, "ACCURACY_O": 0, "DATE_CAPTU": null, "CAPTURED_B": null, "DATE_LAST_": null, "UPDATED_BY": null, "MI_PRINX": 0.0, "LGA_CODE": "348", "LGA_NAME": "MONASH", "height": 0 }, "geometry": { "type": "MultiPolygon", "coordinates": [ [ [ [ 145.14392466374963, -37.89847747785803 ], [ 145.143916405036236, -37.898544922965556 ], [ 145.143832831343047, -37.898541892757081 ], [ 145.143824996907568, -37.898562582388941 ], [ 145.143739815063554, -37.898556373228843 ], [ 145.143748374555571, -37.898484427855237 ], [ 145.143825068912292, -37.898488791213211 ], [ 145.143824454085291, -37.898472203022038 ], [ 145.14392466374963, -37.89847747785803 ] ] ] ] } },
{ "type": "Feature", "properties": { "Join_Count": 1, "TARGET_FID": 664741, "BF_FID": 1668308, "PARCEL_VIE": "1477093", "LAND_USE_T": "Residential - R1Z", "FLOOR_LEVE": -9.99, "FLOOD_RISK": -9999, "GROUND_ELE": 106.08, "HEIGHT_AVE": 4.4, "NO_OF_GROU": 0, "NO_ABOVE_G": -9999, "SOURCE_OF_": 1, "ACCURACY_O": 0, "DATE_CAPTU": null, "CAPTURED_B": null, "DATE_LAST_": null, "UPDATED_BY": null, "MI_PRINX": 0.0, "LGA_CODE": "348", "LGA_NAME": "MONASH", "height": 0 }, "geometry": { "type": "MultiPolygon", "coordinates": [ [ [ [ 145.14382556537393, -37.89876766009565 ], [ 145.143935893349038, -37.898784537300777 ], [ 145.143926802608121, -37.898870169582395 ], [ 145.143908384772345, -37.898882853535518 ], [ 145.14367543235025, -37.898857014026461 ], [ 145.143683073941304, -37.89878054915642 ], [ 145.143745599166522, -37.898781535522204 ], [ 145.143751867206362, -37.898759739980676 ], [ 145.14382556537393, -37.89876766009565 ] ] ] ] } },
{ "type": "Feature", "properties": { "Join_Count": 1, "TARGET_FID": 664742, "BF_FID": 1668309, "PARCEL_VIE": "1477094", "LAND_USE_T": "Residential - R1Z", "FLOOR_LEVE": -9.99, "FLOOD_RISK": -9999, "GROUND_ELE": 105.91, "HEIGHT_AVE": 3.69, "NO_OF_GROU": 0, "NO_ABOVE_G": -9999, "SOURCE_OF_": 1, "ACCURACY_O": 0, "DATE_CAPTU": null, "CAPTURED_B": null, "DATE_LAST_": null, "UPDATED_BY": null, "MI_PRINX": 0.0, "LGA_CODE": "348", "LGA_NAME": "MONASH", "height": 0 }, "geometry": { "type": "MultiPolygon", "coordinates": [ [ [ [ 145.143742883886887, -37.898889613284723 ], [ 145.143878032787541, -37.898941300489618 ], [ 145.143847819116758, -37.899012904289101 ], [ 145.14376845905403, -37.899002642356848 ], [ 145.143757568908654, -37.898984450464646 ], [ 145.143701007404331, -37.89897004311085 ], [ 145.143690796122399, -37.898924831773527 ], [ 145.143708648985523, -37.89889357824017 ], [ 145.143742883886887, -37.898889613284723 ] ] ] ] } },
{ "type": "Feature", "properties": { "Join_Count": 1, "TARGET_FID": 664743, "BF_FID": 1668310, "PARCEL_VIE": "1477095", "LAND_USE_T": "Residential - R1Z", "FLOOR_LEVE": -9.99, "FLOOD_RISK": -9999, "GROUND_ELE": 105.85, "HEIGHT_AVE": 3.97, "NO_OF_GROU": 0, "NO_ABOVE_G": -9999, "SOURCE_OF_": 1, "ACCURACY_O": 0, "DATE_CAPTU": null, "CAPTURED_B": null, "DATE_LAST_": null, "UPDATED_BY": null, "MI_PRINX": 0.0, "LGA_CODE": "348", "LGA_NAME": "MONASH", "height": 0 }, "geometry": { "type": "MultiPolygon", "coordinates": [ [ [ [ 145.143767327694206, -37.899047674757043 ], [ 145.143752930293232, -37.899169083302525 ], [ 145.143630355274325, -37.899158139542784 ], [ 145.143637363441968, -37.899054634539191 ], [ 145.143767327694206, -37.899047674757043 ] ] ] ] } },
{ "type": "Feature", "properties": { "Join_Count": 1, "TARGET_FID": 664783, "BF_FID": 1668350, "PARCEL_VIE": "1477165", "LAND_USE_T": "Residential - R1Z", "FLOOR_LEVE": -9.99, "FLOOD_RISK": -9999, "GROUND_ELE": 111.64, "HEIGHT_AVE": 3.58, "NO_OF_GROU": 0, "NO_ABOVE_G": -9999, "SOURCE_OF_": 1, "ACCURACY_O": 0, "DATE_CAPTU": null, "CAPTURED_B": null, "DATE_LAST_": null, "UPDATED_BY": null, "MI_PRINX": 0.0, "LGA_CODE": "348", "LGA_NAME": "MONASH", "height": 0 }, "geometry": { "type": "MultiPolygon", "coordinates": [ [ [ [ 145.146326272719335, -37.890194996379279 ], [ 145.14628046088265, -37.890275635622714 ], [ 145.146315397415549, -37.890284655415847 ], [ 145.146264115291899, -37.890359081637989 ], [ 145.146128520443057, -37.890307029825671 ], [ 145.146180981517489, -37.890252894880895 ], [ 145.146195052517328, -37.89022275262743 ], [ 145.1461775081236, -37.890204456116287 ], [ 145.146213411547791, -37.890159971386666 ], [ 145.146326272719335, -37.890194996379279 ] ] ] ] } },
{ "type": "Feature", "properties": { "Join_Count": 1, "TARGET_FID": 664784, "BF_FID": 1668351, "PARCEL_VIE": "1477166", "LAND_USE_T": "Residential - R1Z", "FLOOR_LEVE": -9.99, "FLOOD_RISK": -9999, "GROUND_ELE": 113.42, "HEIGHT_AVE": 3.58, "NO_OF_GROU": 0, "NO_ABOVE_G": -9999, "SOURCE_OF_": 1, "ACCURACY_O": 0, "DATE_CAPTU": null, "CAPTURED_B": null, "DATE_LAST_": null, "UPDATED_BY": null, "MI_PRINX": 0.0, "LGA_CODE": "348", "LGA_NAME": "MONASH", "height": 0 }, "geometry": { "type": "MultiPolygon", "coordinates": [ [ [ [ 145.145994236549228, -37.890296174506496 ], [ 145.146033639322042, -37.890310310384329 ], [ 145.146038340212669, -37.890350929734225 ], [ 145.146074198237983, -37.890360594821217 ], [ 145.146082148772052, -37.890466047726754 ], [ 145.146014256285667, -37.890458761170756 ], [ 145.146015024442477, -37.89042813905489 ], [ 145.145942758230632, -37.890427000495073 ], [ 145.145932926714408, -37.890299353187913 ], [ 145.145994236549228, -37.890296174506496 ] ] ] ] } },
{ "type": "Feature", "properties": { "Join_Count": 1, "TARGET_FID": 664785, "BF_FID": 1668352, "PARCEL_VIE": "1477167", "LAND_USE_T": "Residential - R1Z", "FLOOR_LEVE": -9.99, "FLOOD_RISK": -9999, "GROUND_ELE": 114.01, "HEIGHT_AVE": 3.85, "NO_OF_GROU": 0, "NO_ABOVE_G": -9999, "SOURCE_OF_": 1, "ACCURACY_O": 0, "DATE_CAPTU": null, "CAPTURED_B": null, "DATE_LAST_": null, "UPDATED_BY": null, "MI_PRINX": 0.0, "LGA_CODE": "348", "LGA_NAME": "MONASH", "height": 0 }, "geometry": { "type": "MultiPolygon", "coordinates": [ [ [ [ 145.145836040483005, -37.890255479360306 ], [ 145.145834743535829, -37.890307176693291 ], [ 145.145880089777222, -37.890312396205019 ], [ 145.145878548838198, -37.890373820563191 ], [ 145.145742740156237, -37.890378888744614 ], [ 145.145736305787608, -37.890257872299479 ], [ 145.145836040483005, -37.890255479360306 ] ] ] ] } },
{ "type": "Feature", "properties": { "Join_Count": 1, "TARGET_FID": 664786, "BF_FID": 1668353, "PARCEL_VIE": "1477168", "LAND_USE_T": "Residential - R1Z", "FLOOR_LEVE": -9.99, "FLOOD_RISK": -9999, "GROUND_ELE": 115.17, "HEIGHT_AVE": 3.7, "NO_OF_GROU": 0, "NO_ABOVE_G": -9999, "SOURCE_OF_": 1, "ACCURACY_O": 0, "DATE_CAPTU": null, "CAPTURED_B": null, "DATE_LAST_": null, "UPDATED_BY": null, "MI_PRINX": 0.0, "LGA_CODE": "348", "LGA_NAME": "MONASH", "height": 0 }, "geometry": { "type": "MultiPolygon", "coordinates": [ [ [ [ 145.145614919795094, -37.890230010559449 ], [ 145.145614653144037, -37.890240638232939 ], [ 145.145637429592313, -37.890240997145419 ], [ 145.145641132640378, -37.890317641040767 ], [ 145.14565680231641, -37.890335908089121 ], [ 145.145653835306121, -37.89045416347232 ], [ 145.145566381194385, -37.890464138031426 ], [ 145.145544862535218, -37.890238006730513 ], [ 145.145614919795094, -37.890230010559449 ] ] ] ] } },
{ "type": "Feature", "properties": { "Join_Count": 1, "TARGET_FID": 664795, "BF_FID": 1668362, "PARCEL_VIE": "1477193", "LAND_USE_T": "Residential - R1Z", "FLOOR_LEVE": -9.99, "FLOOD_RISK": -9999, "GROUND_ELE": 111.71, "HEIGHT_AVE": 3.22, "NO_OF_GROU": 0, "NO_ABOVE_G": -9999, "SOURCE_OF_": 1, "ACCURACY_O": 0, "DATE_CAPTU": null, "CAPTURED_B": null, "DATE_LAST_": null, "UPDATED_BY": null, "MI_PRINX": 0.0, "LGA_CODE": "348", "LGA_NAME": "MONASH", "height": 0 }, "geometry": { "type": "MultiPolygon", "coordinates": [ [ [ [ 145.146610838830611, -37.890225607735744 ], [ 145.146632227412454, -37.890247658854129 ], [ 145.146721244088667, -37.890242663642034 ], [ 145.146744295072523, -37.890295645444958 ], [ 145.146561681198222, -37.890346199084576 ], [ 145.146569000068581, -37.890364694889847 ], [ 145.146475326055054, -37.890383402027162 ], [ 145.146459070112911, -37.890339897670117 ], [ 145.146490325265944, -37.890331199699162 ], [ 145.146485092208792, -37.890308051508555 ], [ 145.146534518622616, -37.890288917758028 ], [ 145.146521736334932, -37.890241503691399 ], [ 145.146610838830611, -37.890225607735744 ] ] ] ] } },
{ "type": "Feature", "properties": { "Join_Count": 1, "TARGET_FID": 664796, "BF_FID": 1668363, "PARCEL_VIE": "1477194", "LAND_USE_T": "Residential - R1Z", "FLOOR_LEVE": -9.99, "FLOOD_RISK": -9999, "GROUND_ELE": 112.92, "HEIGHT_AVE": 4.17, "NO_OF_GROU": 0, "NO_ABOVE_G": -9999, "SOURCE_OF_": 1, "ACCURACY_O": 0, "DATE_CAPTU": null, "CAPTURED_B": null, "DATE_LAST_": null, "UPDATED_BY": null, "MI_PRINX": 0.0, "LGA_CODE": "348", "LGA_NAME": "MONASH", "height": 0 }, "geometry": { "type": "MultiPolygon", "coordinates": [ [ [ [ 145.146749566694439, -37.890362132645812 ], [ 145.146792390413708, -37.890438041092118 ], [ 145.146677837060366, -37.890492910339987 ], [ 145.146654229349878, -37.890465868744357 ], [ 145.146589226623121, -37.890496650505021 ], [ 145.14654504341388, -37.89043756939607 ], [ 145.146737788247009, -37.890345729034877 ], [ 145.146749566694439, -37.890362132645812 ] ] ] ] } },
{ "type": "Feature", "properties": { "Join_Count": 1, "TARGET_FID": 664797, "BF_FID": 1668364, "PARCEL_VIE": "1477201", "LAND_USE_T": "Residential - R1Z", "FLOOR_LEVE": -9.99, "FLOOD_RISK": -9999, "GROUND_ELE": 117.42, "HEIGHT_AVE": 3.88, "NO_OF_GROU": 0, "NO_ABOVE_G": -9999, "SOURCE_OF_": 1, "ACCURACY_O": 0, "DATE_CAPTU": null, "CAPTURED_B": null, "DATE_LAST_": null, "UPDATED_BY": null, "MI_PRINX": 0.0, "LGA_CODE": "348", "LGA_NAME": "MONASH", "height": 0 }, "geometry": { "type": "MultiPolygon", "coordinates": [ [ [ [ 145.14807471359731, -37.890540760545782 ], [ 145.148118616002563, -37.890554966541615 ], [ 145.148121667311784, -37.890609074959222 ], [ 145.148088190808437, -37.890612872970628 ], [ 145.148098881540619, -37.890713863855503 ], [ 145.147975739225473, -37.890703636628452 ], [ 145.147990783954896, -37.890541061504251 ], [ 145.14807471359731, -37.890540760545782 ] ] ] ] } },
{ "type": "Feature", "properties": { "Join_Count": 1, "TARGET_FID": 664798, "BF_FID": 1668365, "PARCEL_VIE": "1477202", "LAND_USE_T": "Residential - R1Z", "FLOOR_LEVE": -9.99, "FLOOD_RISK": -9999, "GROUND_ELE": 118.71, "HEIGHT_AVE": 3.95, "NO_OF_GROU": 0, "NO_ABOVE_G": -9999, "SOURCE_OF_": 1, "ACCURACY_O": 0, "DATE_CAPTU": null, "CAPTURED_B": null, "DATE_LAST_": null, "UPDATED_BY": null, "MI_PRINX": 0.0, "LGA_CODE": "348", "LGA_NAME": "MONASH", "height": 0 }, "geometry": { "type": "MultiPolygon", "coordinates": [ [ [ [ 145.148318257000199, -37.890610726892895 ], [ 145.148302210048712, -37.890768420858315 ], [ 145.14820965116337, -37.890765072259796 ], [ 145.148214856254697, -37.890721995949377 ], [ 145.14818145868702, -37.890722641705644 ], [ 145.14818735674362, -37.890659393751982 ], [ 145.148230934845998, -37.890660349805295 ], [ 145.148240956129001, -37.890608429314057 ], [ 145.148318257000199, -37.890610726892895 ] ] ] ] } },
{ "type": "Feature", "properties": { "Join_Count": 1, "TARGET_FID": 664799, "BF_FID": 1668366, "PARCEL_VIE": "1477204", "LAND_USE_T": "Residential - R1Z", "FLOOR_LEVE": -9.99, "FLOOD_RISK": -9999, "GROUND_ELE": 120.31, "HEIGHT_AVE": 3.68, "NO_OF_GROU": 0, "NO_ABOVE_G": -9999, "SOURCE_OF_": 1, "ACCURACY_O": 0, "DATE_CAPTU": null, "CAPTURED_B": null, "DATE_LAST_": null, "UPDATED_BY": null, "MI_PRINX": 0.0, "LGA_CODE": "348", "LGA_NAME": "MONASH", "height": 0 }, "geometry": { "type": "MultiPolygon", "coordinates": [ [ [ [ 145.148708061786238, -37.890681371988549 ], [ 145.148700200964726, -37.890766843960229 ], [ 145.148632303166011, -37.890752260673118 ], [ 145.148620059254597, -37.890788108312236 ], [ 145.148558028352511, -37.890782627350873 ], [ 145.148562552351393, -37.890699355408699 ], [ 145.148575942344081, -37.890700106678651 ], [ 145.148581091011209, -37.890666760334014 ], [ 145.148615958920061, -37.890667308905051 ], [ 145.148619816665303, -37.890629347114434 ], [ 145.148715000899614, -37.890628952461853 ], [ 145.148708061786238, -37.890681371988549 ] ] ] ] } },
{ "type": "Feature", "properties": { "Join_Count": 1, "TARGET_FID": 664800, "BF_FID": 1668367, "PARCEL_VIE": "1477205", "LAND_USE_T": "Residential - R1Z", "FLOOR_LEVE": -9.99, "FLOOD_RISK": -9999, "GROUND_ELE": 120.8, "HEIGHT_AVE": 3.66, "NO_OF_GROU": 0, "NO_ABOVE_G": -9999, "SOURCE_OF_": 1, "ACCURACY_O": 0, "DATE_CAPTU": null, "CAPTURED_B": null, "DATE_LAST_": null, "UPDATED_BY": null, "MI_PRINX": 0.0, "LGA_CODE": "348", "LGA_NAME": "MONASH", "height": 0 }, "geometry": { "type": "MultiPolygon", "coordinates": [ [ [ [ 145.148879248696119, -37.89065649415388 ], [ 145.148878550115853, -37.890781723101057 ], [ 145.148745378536262, -37.890778817268249 ], [ 145.148759172667297, -37.890696051552531 ], [ 145.148795601199055, -37.890694191903158 ], [ 145.148796578010263, -37.890655193678079 ], [ 145.148879248696119, -37.89065649415388 ] ] ] ] } },
{ "type": "Feature", "properties": { "Join_Count": 1, "TARGET_FID": 664801, "BF_FID": 1668368, "PARCEL_VIE": "1477206", "LAND_USE_T": "Residential - R1Z", "FLOOR_LEVE": -9.99, "FLOOD_RISK": -9999, "GROUND_ELE": 120.9, "HEIGHT_AVE": 3.93, "NO_OF_GROU": 0, "NO_ABOVE_G": -9999, "SOURCE_OF_": 1, "ACCURACY_O": 0, "DATE_CAPTU": null, "CAPTURED_B": null, "DATE_LAST_": null, "UPDATED_BY": null, "MI_PRINX": 0.0, "LGA_CODE": "348", "LGA_NAME": "MONASH", "height": 0 }, "geometry": { "type": "MultiPolygon", "coordinates": [ [ [ [ 145.149015043007353, -37.890681966255599 ], [ 145.148996014765856, -37.890760324842475 ], [ 145.149026436764728, -37.890762425172518 ], [ 145.149024126495846, -37.890839695212264 ], [ 145.148900995313369, -37.890836496978629 ], [ 145.148932539446889, -37.890681479409935 ], [ 145.149015043007353, -37.890681966255599 ] ] ] ] } },
{ "type": "Feature", "properties": { "Join_Count": 1, "TARGET_FID": 664810, "BF_FID": 1668377, "PARCEL_VIE": "1477222", "LAND_USE_T": "Residential - R1Z", "FLOOR_LEVE": -9.99, "FLOOD_RISK": -9999, "GROUND_ELE": 120.41, "HEIGHT_AVE": 3.74, "NO_OF_GROU": 0, "NO_ABOVE_G": -9999, "SOURCE_OF_": 1, "ACCURACY_O": 0, "DATE_CAPTU": null, "CAPTURED_B": null, "DATE_LAST_": null, "UPDATED_BY": null, "MI_PRINX": 0.0, "LGA_CODE": "348", "LGA_NAME": "MONASH", "height": 0 }, "geometry": { "type": "MultiPolygon", "coordinates": [ [ [ [ 145.14886621721314, -37.890267054237938 ], [ 145.148869911322947, -37.890347932657214 ], [ 145.14879365526545, -37.8903451112757 ], [ 145.148793269507905, -37.890360512423136 ], [ 145.1487559071102, -37.89035848305339 ], [ 145.148750641972072, -37.890344074217367 ], [ 145.148699690700738, -37.890334262598948 ], [ 145.148707302062434, -37.890255003643503 ], [ 145.14886621721314, -37.890267054237938 ] ] ] ] } },
{ "type": "Feature", "properties": { "Join_Count": 1, "TARGET_FID": 664811, "BF_FID": 1668378, "PARCEL_VIE": "1477223", "LAND_USE_T": "Residential - R1Z", "FLOOR_LEVE": -9.99, "FLOOD_RISK": -9999, "GROUND_ELE": 120.99, "HEIGHT_AVE": 3.62, "NO_OF_GROU": 0, "NO_ABOVE_G": -9999, "SOURCE_OF_": 1, "ACCURACY_O": 0, "DATE_CAPTU": null, "CAPTURED_B": null, "DATE_LAST_": null, "UPDATED_BY": null, "MI_PRINX": 0.0, "LGA_CODE": "348", "LGA_NAME": "MONASH", "height": 0 }, "geometry": { "type": "MultiPolygon", "coordinates": [ [ [ [ 145.149135783774199, -37.890305082102678 ], [ 145.149085704128453, -37.890391511887962 ], [ 145.149031255173099, -37.890375338350978 ], [ 145.149039668880903, -37.890357630756135 ], [ 145.149017454736253, -37.890357281346851 ], [ 145.149012169246078, -37.890343683108014 ], [ 145.148961105151272, -37.890338374861869 ], [ 145.148999253826076, -37.890245360315674 ], [ 145.14914284362456, -37.890292759247103 ], [ 145.149135783774199, -37.890305082102678 ] ] ] ] } },
{ "type": "Feature", "properties": { "Join_Count": 1, "TARGET_FID": 664812, "BF_FID": 1668379, "PARCEL_VIE": "1477224", "LAND_USE_T": "Residential - R1Z", "FLOOR_LEVE": -9.99, "FLOOD_RISK": -9999, "GROUND_ELE": 121.61, "HEIGHT_AVE": 3.32, "NO_OF_GROU": 0, "NO_ABOVE_G": -9999, "SOURCE_OF_": 1, "ACCURACY_O": 0, "DATE_CAPTU": null, "CAPTURED_B": null, "DATE_LAST_": null, "UPDATED_BY": null, "MI_PRINX": 0.0, "LGA_CODE": "348", "LGA_NAME": "MONASH", "height": 0 }, "geometry": { "type": "MultiPolygon", "coordinates": [ [ [ [ 145.1495807502329, -37.890325955295545 ], [ 145.14950867124233, -37.890377260471595 ], [ 145.149493836413512, -37.890363061585816 ], [ 145.149439551473591, -37.890385273708326 ], [ 145.149391168990718, -37.89034027341642 ], [ 145.149523823121768, -37.890270188816459 ], [ 145.1495807502329, -37.890325955295545 ] ] ] ] } },
{ "type": "Feature", "properties": { "Join_Count": 1, "TARGET_FID": 664813, "BF_FID": 1668380, "PARCEL_VIE": "1477225", "LAND_USE_T": "Residential - R1Z", "FLOOR_LEVE": -9.99, "FLOOD_RISK": -9999, "GROUND_ELE": 121.53, "HEIGHT_AVE": 3.76, "NO_OF_GROU": 0, "NO_ABOVE_G": -9999, "SOURCE_OF_": 1, "ACCURACY_O": 0, "DATE_CAPTU": null, "CAPTURED_B": null, "DATE_LAST_": null, "UPDATED_BY": null, "MI_PRINX": 0.0, "LGA_CODE": "348", "LGA_NAME": "MONASH", "height": 0 }, "geometry": { "type": "MultiPolygon", "coordinates": [ [ [ [ 145.149576434577369, -37.890505818505076 ], [ 145.149584272795295, -37.89064217399163 ], [ 145.149476358457804, -37.890652910942826 ], [ 145.149461413894699, -37.890605643377071 ], [ 145.149489165698668, -37.89059454689707 ], [ 145.149485477674261, -37.890513398286814 ], [ 145.149576434577369, -37.890505818505076 ] ] ] ] } },
{ "type": "Feature", "properties": { "Join_Count": 1, "TARGET_FID": 664814, "BF_FID": 1668381, "PARCEL_VIE": "1477228", "LAND_USE_T": "Residential - R1Z", "FLOOR_LEVE": -9.99, "FLOOD_RISK": -9999, "GROUND_ELE": 121.39, "HEIGHT_AVE": 3.39, "NO_OF_GROU": 0, "NO_ABOVE_G": -9999, "SOURCE_OF_": 1, "ACCURACY_O": 0, "DATE_CAPTU": null, "CAPTURED_B": null, "DATE_LAST_": null, "UPDATED_BY": null, "MI_PRINX": 0.0, "LGA_CODE": "348", "LGA_NAME": "MONASH", "height": 0 }, "geometry": { "type": "MultiPolygon", "coordinates": [ [ [ [ 145.149543740929943, -37.891141235011993 ], [ 145.149548760475483, -37.891165460924711 ], [ 145.149468497057882, -37.891199067730419 ], [ 145.149429708495347, -37.891152866812973 ], [ 145.14933774239185, -37.891193227245743 ], [ 145.149287624933038, -37.891150091740776 ], [ 145.149305698981294, -37.891109830687725 ], [ 145.149339930025462, -37.891105863996614 ], [ 145.149415030833183, -37.891057489680861 ], [ 145.149454885736816, -37.891053611396295 ], [ 145.149543740929943, -37.891141235011993 ] ] ] ] } },
{ "type": "Feature", "properties": { "Join_Count": 1, "TARGET_FID": 664815, "BF_FID": 1668382, "PARCEL_VIE": "1477229", "LAND_USE_T": "Residential - R1Z", "FLOOR_LEVE": -9.99, "FLOOD_RISK": -9999, "GROUND_ELE": 121.35, "HEIGHT_AVE": 3.44, "NO_OF_GROU": 0, "NO_ABOVE_G": -9999, "SOURCE_OF_": 1, "ACCURACY_O": 0, "DATE_CAPTU": null, "CAPTURED_B": null, "DATE_LAST_": null, "UPDATED_BY": null, "MI_PRINX": 0.0, "LGA_CODE": "348", "LGA_NAME": "MONASH", "height": 0 }, "geometry": { "type": "MultiPolygon", "coordinates": [ [ [ [ 145.149416801863794, -37.891215193712419 ], [ 145.149420660082257, -37.891319500864938 ], [ 145.14935642601634, -37.891330834498746 ], [ 145.149352477895434, -37.891297525260939 ], [ 145.149295245128712, -37.891298877692122 ], [ 145.149290150614689, -37.89122896955044 ], [ 145.149416801863794, -37.891215193712419 ] ] ] ] } },
{ "type": "Feature", "properties": { "Join_Count": 1, "TARGET_FID": 664950, "BF_FID": 1668518, "PARCEL_VIE": "1477419", "LAND_USE_T": "Residential - R1Z", "FLOOR_LEVE": -9.99, "FLOOD_RISK": -9999, "GROUND_ELE": 116.81, "HEIGHT_AVE": 3.97, "NO_OF_GROU": 0, "NO_ABOVE_G": -9999, "SOURCE_OF_": 1, "ACCURACY_O": 0, "DATE_CAPTU": null, "CAPTURED_B": null, "DATE_LAST_": null, "UPDATED_BY": null, "MI_PRINX": 0.0, "LGA_CODE": "348", "LGA_NAME": "MONASH", "height": 0 }, "geometry": { "type": "MultiPolygon", "coordinates": [ [ [ [ 145.145570589873614, -37.890636476766673 ], [ 145.145593140461841, -37.890645842193059 ], [ 145.145598180094936, -37.890672951799353 ], [ 145.145600524956222, -37.890803724767409 ], [ 145.1455037753515, -37.890806705145202 ], [ 145.145485049643355, -37.890648643837864 ], [ 145.145570589873614, -37.890636476766673 ] ] ] ] } },
{ "type": "Feature", "properties": { "Join_Count": 1, "TARGET_FID": 664951, "BF_FID": 1668519, "PARCEL_VIE": "1477420", "LAND_USE_T": "Residential - R1Z", "FLOOR_LEVE": -9.99, "FLOOD_RISK": -9999, "GROUND_ELE": 116.59, "HEIGHT_AVE": 4.05, "NO_OF_GROU": 0, "NO_ABOVE_G": -9999, "SOURCE_OF_": 1, "ACCURACY_O": 0, "DATE_CAPTU": null, "CAPTURED_B": null, "DATE_LAST_": null, "UPDATED_BY": null, "MI_PRINX": 0.0, "LGA_CODE": "348", "LGA_NAME": "MONASH", "height": 0 }, "geometry": { "type": "MultiPolygon", "coordinates": [ [ [ [ 145.145815410914139, -37.890666643929286 ], [ 145.145796061966053, -37.890847351229965 ], [ 145.145730262793307, -37.890846314434341 ], [ 145.145730940691976, -37.89081929492648 ], [ 145.145658900084271, -37.890809149680059 ], [ 145.145667141605287, -37.890723593847049 ], [ 145.145736824216414, -37.890730548410154 ], [ 145.145743693392205, -37.89065857614132 ], [ 145.145815410914139, -37.890666643929286 ] ] ] ] } },
{ "type": "Feature", "properties": { "Join_Count": 1, "TARGET_FID": 664952, "BF_FID": 1668520, "PARCEL_VIE": "1477421", "LAND_USE_T": "Residential - R1Z", "FLOOR_LEVE": -9.99, "FLOOD_RISK": -9999, "GROUND_ELE": 116.23, "HEIGHT_AVE": 3.71, "NO_OF_GROU": 0, "NO_ABOVE_G": -9999, "SOURCE_OF_": 1, "ACCURACY_O": 0, "DATE_CAPTU": null, "CAPTURED_B": null, "DATE_LAST_": null, "UPDATED_BY": null, "MI_PRINX": 0.0, "LGA_CODE": "348", "LGA_NAME": "MONASH", "height": 0 }, "geometry": { "type": "MultiPolygon", "coordinates": [ [ [ [ 145.146005757643792, -37.890692888938332 ], [ 145.145972593503302, -37.890863647745569 ], [ 145.145911930275702, -37.890867197000865 ], [ 145.145911757894339, -37.890825477691159 ], [ 145.145855980083184, -37.890821175035164 ], [ 145.145843100683066, -37.89080754710988 ], [ 145.14584663137282, -37.890756515680657 ], [ 145.145937175430475, -37.890757942280452 ], [ 145.145938043041099, -37.890723357305795 ], [ 145.145914047939101, -37.890722979249318 ], [ 145.145919064569256, -37.890687468538211 ], [ 145.146005757643792, -37.890692888938332 ] ] ] ] } },
{ "type": "Feature", "properties": { "Join_Count": 1, "TARGET_FID": 664953, "BF_FID": 1668521, "PARCEL_VIE": "1477422", "LAND_USE_T": "Residential - R1Z", "FLOOR_LEVE": -9.99, "FLOOD_RISK": -9999, "GROUND_ELE": 116.15, "HEIGHT_AVE": 4.45, "NO_OF_GROU": 0, "NO_ABOVE_G": -9999, "SOURCE_OF_": 1, "ACCURACY_O": 0, "DATE_CAPTU": null, "CAPTURED_B": null, "DATE_LAST_": null, "UPDATED_BY": null, "MI_PRINX": 0.0, "LGA_CODE": "348", "LGA_NAME": "MONASH", "height": 0 }, "geometry": { "type": "MultiPolygon", "coordinates": [ [ [ [ 145.146187744270435, -37.890742157805548 ], [ 145.146167044639782, -37.890890768069916 ], [ 145.146059124065573, -37.890883031146529 ], [ 145.14607249884898, -37.890802151285428 ], [ 145.146044211327705, -37.890797200599138 ], [ 145.146040416386057, -37.890720465169146 ], [ 145.146187744270435, -37.890742157805548 ] ] ] ] } },
{ "type": "Feature", "properties": { "Join_Count": 1, "TARGET_FID": 664954, "BF_FID": 1668522, "PARCEL_VIE": "1477426", "LAND_USE_T": "Residential - R1Z", "FLOOR_LEVE": -9.99, "FLOOD_RISK": -9999, "GROUND_ELE": 116.74, "HEIGHT_AVE": 5.15, "NO_OF_GROU": 0, "NO_ABOVE_G": -9999, "SOURCE_OF_": 1, "ACCURACY_O": 0, "DATE_CAPTU": null, "CAPTURED_B": null, "DATE_LAST_": null, "UPDATED_BY": null, "MI_PRINX": 0.0, "LGA_CODE": "348", "LGA_NAME": "MONASH", "height": 0 }, "geometry": { "type": "MultiPolygon", "coordinates": [ [ [ [ 145.146850257367419, -37.890848910328927 ], [ 145.146872431060046, -37.890873316384649 ], [ 145.146934274413837, -37.890878795281473 ], [ 145.146927928196931, -37.890974832736688 ], [ 145.146782019129915, -37.890960101115162 ], [ 145.14679986844186, -37.890846585096149 ], [ 145.146850257367419, -37.890848910328927 ] ] ] ] } },
{ "type": "Feature", "properties": { "Join_Count": 1, "TARGET_FID": 664955, "BF_FID": 1668523, "PARCEL_VIE": "1477436", "LAND_USE_T": "Residential - R1Z", "FLOOR_LEVE": -9.99, "FLOOD_RISK": -9999, "GROUND_ELE": 121.41, "HEIGHT_AVE": 3.21, "NO_OF_GROU": 0, "NO_ABOVE_G": -9999, "SOURCE_OF_": 1, "ACCURACY_O": 0, "DATE_CAPTU": null, "CAPTURED_B": null, "DATE_LAST_": null, "UPDATED_BY": null, "MI_PRINX": 0.0, "LGA_CODE": "348", "LGA_NAME": "MONASH", "height": 0 }, "geometry": { "type": "MultiPolygon", "coordinates": [ [ [ [ 145.149645307582603, -37.891170583098258 ], [ 145.149673629346324, -37.891174181950035 ], [ 145.149673531669208, -37.891215536624905 ], [ 145.149702289569973, -37.891224187965555 ], [ 145.149681284759794, -37.891336573639578 ], [ 145.149658226726359, -37.891336211079292 ], [ 145.149657737408802, -37.891355755231707 ], [ 145.149567340280953, -37.891352171383453 ], [ 145.14958938813453, -37.891168172095959 ], [ 145.149645307582603, -37.891170583098258 ] ] ] ] } },
{ "type": "Feature", "properties": { "Join_Count": 1, "TARGET_FID": 664956, "BF_FID": 1668524, "PARCEL_VIE": "1477437", "LAND_USE_T": "Residential - R1Z", "FLOOR_LEVE": -9.99, "FLOOD_RISK": -9999, "GROUND_ELE": 121.37, "HEIGHT_AVE": 5.95, "NO_OF_GROU": 0, "NO_ABOVE_G": -9999, "SOURCE_OF_": 1, "ACCURACY_O": 0, "DATE_CAPTU": null, "CAPTURED_B": null, "DATE_LAST_": null, "UPDATED_BY": null, "MI_PRINX": 0.0, "LGA_CODE": "348", "LGA_NAME": "MONASH", "height": 0 }, "geometry": { "type": "MultiPolygon", "coordinates": [ [ [ [ 145.149902968948084, -37.891324742015271 ], [ 145.149953501059827, -37.891336348543213 ], [ 145.149951363733607, -37.891421730384124 ], [ 145.149784800753878, -37.891415417529636 ], [ 145.149795057514524, -37.891320342380034 ], [ 145.149902968948084, -37.891324742015271 ] ] ] ] } },
{ "type": "Feature", "properties": { "Join_Count": 1, "TARGET_FID": 664963, "BF_FID": 1668531, "PARCEL_VIE": "1477445", "LAND_USE_T": "Residential - R1Z", "FLOOR_LEVE": -9.99, "FLOOD_RISK": -9999, "GROUND_ELE": 118.28, "HEIGHT_AVE": 3.53, "NO_OF_GROU": 0, "NO_ABOVE_G": -9999, "SOURCE_OF_": 1, "ACCURACY_O": 0, "DATE_CAPTU": null, "CAPTURED_B": null, "DATE_LAST_": null, "UPDATED_BY": null, "MI_PRINX": 0.0, "LGA_CODE": "348", "LGA_NAME": "MONASH", "height": 0 }, "geometry": { "type": "MultiPolygon", "coordinates": [ [ [ [ 145.145484910476142, -37.891106352837788 ], [ 145.145476668449078, -37.891206865346021 ], [ 145.14537572312824, -37.891201400132573 ], [ 145.145367469342119, -37.891253798712803 ], [ 145.14530496172739, -37.891252363048615 ], [ 145.145298855503086, -37.891196764825921 ], [ 145.145275262304807, -37.89119531176447 ], [ 145.145284764447609, -37.891119326503194 ], [ 145.145382073271719, -37.891127707802141 ], [ 145.145388453094171, -37.89110140886671 ], [ 145.145484910476142, -37.891106352837788 ] ] ] ] } },
{ "type": "Feature", "properties": { "Join_Count": 1, "TARGET_FID": 664964, "BF_FID": 1668532, "PARCEL_VIE": "1477446", "LAND_USE_T": "Residential - R1Z", "FLOOR_LEVE": -9.99, "FLOOD_RISK": -9999, "GROUND_ELE": 118.04, "HEIGHT_AVE": 3.5, "NO_OF_GROU": 0, "NO_ABOVE_G": -9999, "SOURCE_OF_": 1, "ACCURACY_O": 0, "DATE_CAPTU": null, "CAPTURED_B": null, "DATE_LAST_": null, "UPDATED_BY": null, "MI_PRINX": 0.0, "LGA_CODE": "348", "LGA_NAME": "MONASH", "height": 0 }, "geometry": { "type": "MultiPolygon", "coordinates": [ [ [ [ 145.145679821653033, -37.891133841624196 ], [ 145.145679480430886, -37.891147441442051 ], [ 145.14575086750969, -37.891157486280413 ], [ 145.145744257322974, -37.891192971870694 ], [ 145.145714720617008, -37.891192956954967 ], [ 145.145709054503271, -37.89122818711715 ], [ 145.145532720935478, -37.891211442814985 ], [ 145.145541286688626, -37.891131658547629 ], [ 145.145679821653033, -37.891133841624196 ] ] ] ] } },
{ "type": "Feature", "properties": { "Join_Count": 1, "TARGET_FID": 664965, "BF_FID": 1668533, "PARCEL_VIE": "1477447", "LAND_USE_T": "Residential - R1Z", "FLOOR_LEVE": -9.99, "FLOOD_RISK": -9999, "GROUND_ELE": 118.05, "HEIGHT_AVE": 3.59, "NO_OF_GROU": 0, "NO_ABOVE_G": -9999, "SOURCE_OF_": 1, "ACCURACY_O": 0, "DATE_CAPTU": null, "CAPTURED_B": null, "DATE_LAST_": null, "UPDATED_BY": null, "MI_PRINX": 0.0, "LGA_CODE": "348", "LGA_NAME": "MONASH", "height": 0 }, "geometry": { "type": "MultiPolygon", "coordinates": [ [ [ [ 145.145996612049544, -37.891165863280897 ], [ 145.145974563219056, -37.891345807258574 ], [ 145.145837265592746, -37.891339138989878 ], [ 145.145839645522813, -37.891292864766733 ], [ 145.145898227764718, -37.891293787796279 ], [ 145.145905659173906, -37.891229302733763 ], [ 145.145846131799345, -37.891224940992743 ], [ 145.145850714990758, -37.891176809370506 ], [ 145.145931523884542, -37.891181326212276 ], [ 145.145933437065793, -37.891164867940226 ], [ 145.145996612049544, -37.891165863280897 ] ] ] ] } },
{ "type": "Feature", "properties": { "Join_Count": 1, "TARGET_FID": 664966, "BF_FID": 1668534, "PARCEL_VIE": "1477449", "LAND_USE_T": "Residential - R1Z", "FLOOR_LEVE": -9.99, "FLOOD_RISK": -9999, "GROUND_ELE": 118.38, "HEIGHT_AVE": 3.28, "NO_OF_GROU": 0, "NO_ABOVE_G": -9999, "SOURCE_OF_": 1, "ACCURACY_O": 0, "DATE_CAPTU": null, "CAPTURED_B": null, "DATE_LAST_": null, "UPDATED_BY": null, "MI_PRINX": 0.0, "LGA_CODE": "348", "LGA_NAME": "MONASH", "height": 0 }, "geometry": { "type": "MultiPolygon", "coordinates": [ [ [ [ 145.147002938716952, -37.891337767994777 ], [ 145.147021529246786, -37.891344277673241 ], [ 145.147007250781712, -37.891420097779708 ], [ 145.146941623824091, -37.891415910846106 ], [ 145.146940998292763, -37.891440858872954 ], [ 145.146966816339642, -37.891443337742544 ], [ 145.146964005658702, -37.891476901021662 ], [ 145.14682742475128, -37.891467812474851 ], [ 145.146856818870702, -37.891323934146691 ], [ 145.147002938716952, -37.891337767994777 ] ] ] ] } },
{ "type": "Feature", "properties": { "Join_Count": 1, "TARGET_FID": 664967, "BF_FID": 1668535, "PARCEL_VIE": "1477455", "LAND_USE_T": "Residential - R1Z", "FLOOR_LEVE": -9.99, "FLOOD_RISK": -9999, "GROUND_ELE": 120.48, "HEIGHT_AVE": 3.76, "NO_OF_GROU": 0, "NO_ABOVE_G": -9999, "SOURCE_OF_": 1, "ACCURACY_O": 0, "DATE_CAPTU": null, "CAPTURED_B": null, "DATE_LAST_": null, "UPDATED_BY": null, "MI_PRINX": 0.0, "LGA_CODE": "348", "LGA_NAME": "MONASH", "height": 0 }, "geometry": { "type": "MultiPolygon", "coordinates": [ [ [ [ 145.148444778570422, -37.891515346113302 ], [ 145.14842990478104, -37.891618727838946 ], [ 145.148292644504238, -37.891603052952817 ], [ 145.148294901102901, -37.891512987807019 ], [ 145.148444778570422, -37.891515346113302 ] ] ] ] } },
{ "type": "Feature", "properties": { "Join_Count": 1, "TARGET_FID": 664968, "BF_FID": 1668536, "PARCEL_VIE": "1477460", "LAND_USE_T": "Residential - R1Z", "FLOOR_LEVE": -9.99, "FLOOD_RISK": -9999, "GROUND_ELE": 120.93, "HEIGHT_AVE": 3.43, "NO_OF_GROU": 0, "NO_ABOVE_G": -9999, "SOURCE_OF_": 1, "ACCURACY_O": 0, "DATE_CAPTU": null, "CAPTURED_B": null, "DATE_LAST_": null, "UPDATED_BY": null, "MI_PRINX": 0.0, "LGA_CODE": "348", "LGA_NAME": "MONASH", "height": 0 }, "geometry": { "type": "MultiPolygon", "coordinates": [ [ [ [ 145.149774542968316, -37.891915044673922 ], [ 145.149762325164062, -37.891946117504482 ], [ 145.149806824946467, -37.89198520005575 ], [ 145.149722593580464, -37.892076138759812 ], [ 145.149702253566517, -37.892075818942473 ], [ 145.149618337791196, -37.892015573616298 ], [ 145.149638471079555, -37.891986697581792 ], [ 145.149670051551908, -37.891998727039564 ], [ 145.149705072214658, -37.89196323742933 ], [ 145.149711579121913, -37.891931804507678 ], [ 145.149692541771572, -37.891916908863458 ], [ 145.149726304555031, -37.891886715406834 ], [ 145.149774542968316, -37.891915044673922 ] ] ] ] } },
{ "type": "Feature", "properties": { "Join_Count": 1, "TARGET_FID": 664969, "BF_FID": 1668537, "PARCEL_VIE": "1477460", "LAND_USE_T": "Residential - R1Z", "FLOOR_LEVE": -9.99, "FLOOD_RISK": -9999, "GROUND_ELE": 121.05, "HEIGHT_AVE": 5.67, "NO_OF_GROU": 0, "NO_ABOVE_G": -9999, "SOURCE_OF_": 1, "ACCURACY_O": 0, "DATE_CAPTU": null, "CAPTURED_B": null, "DATE_LAST_": null, "UPDATED_BY": null, "MI_PRINX": 0.0, "LGA_CODE": "348", "LGA_NAME": "MONASH", "height": 0 }, "geometry": { "type": "MultiPolygon", "coordinates": [ [ [ [ 145.149807239296138, -37.891743916977703 ], [ 145.14989714058845, -37.891786055938439 ], [ 145.149827492225484, -37.891875061580251 ], [ 145.149747520683945, -37.891855784062827 ], [ 145.149721762637199, -37.89183591731598 ], [ 145.149807239296138, -37.891743916977703 ] ] ] ] } },
{ "type": "Feature", "properties": { "Join_Count": 1, "TARGET_FID": 664979, "BF_FID": 1668547, "PARCEL_VIE": "1477472", "LAND_USE_T": "Residential - R1Z", "FLOOR_LEVE": -9.99, "FLOOD_RISK": -9999, "GROUND_ELE": 119.72, "HEIGHT_AVE": 3.81, "NO_OF_GROU": 0, "NO_ABOVE_G": -9999, "SOURCE_OF_": 1, "ACCURACY_O": 0, "DATE_CAPTU": null, "CAPTURED_B": null, "DATE_LAST_": null, "UPDATED_BY": null, "MI_PRINX": 0.0, "LGA_CODE": "348", "LGA_NAME": "MONASH", "height": 0 }, "geometry": { "type": "MultiPolygon", "coordinates": [ [ [ [ 145.147132550020217, -37.891789411040172 ], [ 145.14708153256214, -37.891789688943646 ], [ 145.147061328751704, -37.89189614006763 ], [ 145.146972059333137, -37.891888697648341 ], [ 145.146993700698062, -37.891743616004945 ], [ 145.147140200848753, -37.891757275477602 ], [ 145.147132550020217, -37.891789411040172 ] ] ] ] } },
{ "type": "Feature", "properties": { "Join_Count": 1, "TARGET_FID": 664980, "BF_FID": 1668548, "PARCEL_VIE": "1477473", "LAND_USE_T": "Residential - R1Z", "FLOOR_LEVE": -9.99, "FLOOD_RISK": -9999, "GROUND_ELE": 119.72, "HEIGHT_AVE": 3.2, "NO_OF_GROU": 0, "NO_ABOVE_G": -9999, "SOURCE_OF_": 1, "ACCURACY_O": 0, "DATE_CAPTU": null, "CAPTURED_B": null, "DATE_LAST_": null, "UPDATED_BY": null, "MI_PRINX": 0.0, "LGA_CODE": "348", "LGA_NAME": "MONASH", "height": 0 }, "geometry": { "type": "MultiPolygon", "coordinates": [ [ [ [ 145.147276608363399, -37.891758341979752 ], [ 145.147358903237574, -37.891782162780011 ], [ 145.147342249000786, -37.89186299115746 ], [ 145.147285560067814, -37.891857593619385 ], [ 145.14727209263512, -37.891938472158529 ], [ 145.147187002713025, -37.891932627415656 ], [ 145.147174120683388, -37.89176573840971 ], [ 145.147276608363399, -37.891758341979752 ] ] ] ] } },
{ "type": "Feature", "properties": { "Join_Count": 1, "TARGET_FID": 664981, "BF_FID": 1668549, "PARCEL_VIE": "1477478", "LAND_USE_T": "Residential - R1Z", "FLOOR_LEVE": -9.99, "FLOOD_RISK": -9999, "GROUND_ELE": 120.48, "HEIGHT_AVE": 3.59, "NO_OF_GROU": 0, "NO_ABOVE_G": -9999, "SOURCE_OF_": 1, "ACCURACY_O": 0, "DATE_CAPTU": null, "CAPTURED_B": null, "DATE_LAST_": null, "UPDATED_BY": null, "MI_PRINX": 0.0, "LGA_CODE": "348", "LGA_NAME": "MONASH", "height": 0 }, "geometry": { "type": "MultiPolygon", "coordinates": [ [ [ [ 145.148302141882198, -37.891905129683956 ], [ 145.148312919362724, -37.891927824435236 ], [ 145.148334852772848, -37.891928169564977 ], [ 145.1483555454015, -37.892041661582624 ], [ 145.148284659010386, -37.892056493972227 ], [ 145.148205052339733, -37.8919216220187 ], [ 145.148302141882198, -37.891905129683956 ] ] ] ] } },
{ "type": "Feature", "properties": { "Join_Count": 1, "TARGET_FID": 664982, "BF_FID": 1668550, "PARCEL_VIE": "1477479", "LAND_USE_T": "Residential - R1Z", "FLOOR_LEVE": -9.99, "FLOOD_RISK": -9999, "GROUND_ELE": 120.52, "HEIGHT_AVE": 3.89, "NO_OF_GROU": 0, "NO_ABOVE_G": -9999, "SOURCE_OF_": 1, "ACCURACY_O": 0, "DATE_CAPTU": null, "CAPTURED_B": null, "DATE_LAST_": null, "UPDATED_BY": null, "MI_PRINX": 0.0, "LGA_CODE": "348", "LGA_NAME": "MONASH", "height": 0 }, "geometry": { "type": "MultiPolygon", "coordinates": [ [ [ [ 145.148534145527037, -37.891949325447897 ], [ 145.148533694259299, -37.891967338478281 ], [ 145.148567063059261, -37.8919678634837 ], [ 145.148549899884358, -37.892102744426325 ], [ 145.148453402535239, -37.892099334037347 ], [ 145.148453445002218, -37.892034011734566 ], [ 145.148405950661214, -37.892028399001788 ], [ 145.148414452703491, -37.891958524573056 ], [ 145.148441699546453, -37.891960124595919 ], [ 145.148446474673619, -37.891930466514424 ], [ 145.148540164338385, -37.891933652530888 ], [ 145.148534145527037, -37.891949325447897 ] ] ] ] } },
{ "type": "Feature", "properties": { "Join_Count": 1, "TARGET_FID": 664983, "BF_FID": 1668551, "PARCEL_VIE": "1477480", "LAND_USE_T": "Residential - R1Z", "FLOOR_LEVE": -9.99, "FLOOD_RISK": -9999, "GROUND_ELE": 120.68, "HEIGHT_AVE": 3.26, "NO_OF_GROU": 0, "NO_ABOVE_G": -9999, "SOURCE_OF_": 1, "ACCURACY_O": 0, "DATE_CAPTU": null, "CAPTURED_B": null, "DATE_LAST_": null, "UPDATED_BY": null, "MI_PRINX": 0.0, "LGA_CODE": "348", "LGA_NAME": "MONASH", "height": 0 }, "geometry": { "type": "MultiPolygon", "coordinates": [ [ [ [ 145.148755793721961, -37.891953983862315 ], [ 145.148770200657822, -37.891966554296381 ], [ 145.148767315198143, -37.892122923638745 ], [ 145.148654906822088, -37.892114577873969 ], [ 145.14866039586127, -37.892052674981876 ], [ 145.148644207179188, -37.89205133908451 ], [ 145.148657106858479, -37.891951890707446 ], [ 145.148755793721961, -37.891953983862315 ] ] ] ] } },
{ "type": "Feature", "properties": { "Join_Count": 1, "TARGET_FID": 664984, "BF_FID": 1668552, "PARCEL_VIE": "1477481", "LAND_USE_T": "Residential - R1Z", "FLOOR_LEVE": -9.99, "FLOOD_RISK": -9999, "GROUND_ELE": 120.7, "HEIGHT_AVE": 3.89, "NO_OF_GROU": 0, "NO_ABOVE_G": -9999, "SOURCE_OF_": 1, "ACCURACY_O": 0, "DATE_CAPTU": null, "CAPTURED_B": null, "DATE_LAST_": null, "UPDATED_BY": null, "MI_PRINX": 0.0, "LGA_CODE": "348", "LGA_NAME": "MONASH", "height": 0 }, "geometry": { "type": "MultiPolygon", "coordinates": [ [ [ [ 145.148978952502631, -37.892051829699739 ], [ 145.148966481755309, -37.892167863382433 ], [ 145.148895030246905, -37.892167820642676 ], [ 145.148901419196278, -37.892144855376557 ], [ 145.148847855687336, -37.892134462116367 ], [ 145.148828185188137, -37.892051260078084 ], [ 145.148978952502631, -37.892051829699739 ] ] ] ] } },
{ "type": "Feature", "properties": { "Join_Count": 1, "TARGET_FID": 664985, "BF_FID": 1668553, "PARCEL_VIE": "1477484", "LAND_USE_T": "Residential - R1Z", "FLOOR_LEVE": -9.99, "FLOOD_RISK": -9999, "GROUND_ELE": 120.88, "HEIGHT_AVE": 3.43, "NO_OF_GROU": 0, "NO_ABOVE_G": -9999, "SOURCE_OF_": 1, "ACCURACY_O": 0, "DATE_CAPTU": null, "CAPTURED_B": null, "DATE_LAST_": null, "UPDATED_BY": null, "MI_PRINX": 0.0, "LGA_CODE": "348", "LGA_NAME": "MONASH", "height": 0 }, "geometry": { "type": "MultiPolygon", "coordinates": [ [ [ [ 145.149555334508022, -37.892037648683925 ], [ 145.149559478146472, -37.892100604105224 ], [ 145.149592565827504, -37.892101124399709 ], [ 145.14959031527215, -37.892191009472171 ], [ 145.149642404995689, -37.892196603886333 ], [ 145.149641811173382, -37.892257772898724 ], [ 145.149512385616021, -37.892239970101066 ], [ 145.149516140551356, -37.892209845427026 ], [ 145.149481310235728, -37.892207765995458 ], [ 145.149482344405072, -37.892230127222135 ], [ 145.149439171568105, -37.892220438232336 ], [ 145.149475759936308, -37.892036217154597 ], [ 145.149555334508022, -37.892037648683925 ] ] ] ] } },
{ "type": "Feature", "properties": { "Join_Count": 1, "TARGET_FID": 664986, "BF_FID": 1668554, "PARCEL_VIE": "1477485", "LAND_USE_T": "Residential - R1Z", "FLOOR_LEVE": -9.99, "FLOOD_RISK": -9999, "GROUND_ELE": 120.87, "HEIGHT_AVE": 3.31, "NO_OF_GROU": 0, "NO_ABOVE_G": -9999, "SOURCE_OF_": 1, "ACCURACY_O": 0, "DATE_CAPTU": null, "CAPTURED_B": null, "DATE_LAST_": null, "UPDATED_BY": null, "MI_PRINX": 0.0, "LGA_CODE": "348", "LGA_NAME": "MONASH", "height": 0 }, "geometry": { "type": "MultiPolygon", "coordinates": [ [ [ [ 145.149800572375057, -37.892234950894846 ], [ 145.1498628622968, -37.892245120519867 ], [ 145.149880729859007, -37.892209361171531 ], [ 145.149962294650152, -37.892239926233117 ], [ 145.149920847959208, -37.892296128143428 ], [ 145.149872999317353, -37.892278436941361 ], [ 145.149820301006173, -37.892357077180343 ], [ 145.1496621053914, -37.892297375895545 ], [ 145.149698495930352, -37.892203432500018 ], [ 145.149800572375057, -37.892234950894846 ] ] ] ] } },
{ "type": "Feature", "properties": { "Join_Count": 1, "TARGET_FID": 665000, "BF_FID": 1668568, "PARCEL_VIE": "1477500", "LAND_USE_T": "Residential - R1Z", "FLOOR_LEVE": -9.99, "FLOOD_RISK": -9999, "GROUND_ELE": 120.32, "HEIGHT_AVE": 3.26, "NO_OF_GROU": 0, "NO_ABOVE_G": -9999, "SOURCE_OF_": 1, "ACCURACY_O": 0, "DATE_CAPTU": null, "CAPTURED_B": null, "DATE_LAST_": null, "UPDATED_BY": null, "MI_PRINX": 0.0, "LGA_CODE": "348", "LGA_NAME": "MONASH", "height": 0 }, "geometry": { "type": "MultiPolygon", "coordinates": [ [ [ [ 145.148407835283678, -37.892357386119031 ], [ 145.148390377140288, -37.892451626995054 ], [ 145.148428746822844, -37.89245466344736 ], [ 145.148402818309478, -37.89257634184272 ], [ 145.148335050145704, -37.892571491280421 ], [ 145.148344048084283, -37.892500543459292 ], [ 145.148170416656399, -37.892488080328015 ], [ 145.148187860800732, -37.892413120805188 ], [ 145.14821529752686, -37.892414633769555 ], [ 145.148225412104836, -37.892381455697866 ], [ 145.148289814720016, -37.892385892959865 ], [ 145.148293545664842, -37.892371715767169 ], [ 145.148352925052308, -37.892374542239693 ], [ 145.148353376370693, -37.892356529212407 ], [ 145.148407835283678, -37.892357386119031 ] ] ] ] } },
{ "type": "Feature", "properties": { "Join_Count": 1, "TARGET_FID": 665017, "BF_FID": 1668585, "PARCEL_VIE": "1477523", "LAND_USE_T": "Residential - R1Z", "FLOOR_LEVE": -9.99, "FLOOD_RISK": -9999, "GROUND_ELE": 119.15, "HEIGHT_AVE": 3.51, "NO_OF_GROU": 0, "NO_ABOVE_G": -9999, "SOURCE_OF_": 1, "ACCURACY_O": 0, "DATE_CAPTU": null, "CAPTURED_B": null, "DATE_LAST_": null, "UPDATED_BY": null, "MI_PRINX": 0.0, "LGA_CODE": "348", "LGA_NAME": "MONASH", "height": 0 }, "geometry": { "type": "MultiPolygon", "coordinates": [ [ [ [ 145.145589978465182, -37.892150833167136 ], [ 145.14561924328757, -37.892157961782118 ], [ 145.145621484588702, -37.892184486681437 ], [ 145.145603962168792, -37.892187724479413 ], [ 145.145615668965576, -37.892240617818423 ], [ 145.145515231329341, -37.892248495601507 ], [ 145.14550191960808, -37.892139984883684 ], [ 145.145589321481054, -37.892132171987171 ], [ 145.145589978465182, -37.892150833167136 ] ] ] ] } },
{ "type": "Feature", "properties": { "Join_Count": 1, "TARGET_FID": 665018, "BF_FID": 1668586, "PARCEL_VIE": "1477526", "LAND_USE_T": "Residential - R1Z", "FLOOR_LEVE": -9.99, "FLOOD_RISK": -9999, "GROUND_ELE": 119.41, "HEIGHT_AVE": 3.53, "NO_OF_GROU": 0, "NO_ABOVE_G": -9999, "SOURCE_OF_": 1, "ACCURACY_O": 0, "DATE_CAPTU": null, "CAPTURED_B": null, "DATE_LAST_": null, "UPDATED_BY": null, "MI_PRINX": 0.0, "LGA_CODE": "348", "LGA_NAME": "MONASH", "height": 0 }, "geometry": { "type": "MultiPolygon", "coordinates": [ [ [ [ 145.146156157478771, -37.892195794253517 ], [ 145.146155911219978, -37.892205611341453 ], [ 145.146210762958617, -37.892205754647975 ], [ 145.146205396976455, -37.892303789689443 ], [ 145.146115653940086, -37.892303997707458 ], [ 145.146116577998157, -37.892267161112798 ], [ 145.1460759916813, -37.892266521702446 ], [ 145.146078978121295, -37.892199804194782 ], [ 145.146156157478771, -37.892195794253517 ] ] ] ] } },
{ "type": "Feature", "properties": { "Join_Count": 1, "TARGET_FID": 665019, "BF_FID": 1668587, "PARCEL_VIE": "1477531", "LAND_USE_T": "Residential - R1Z", "FLOOR_LEVE": -9.99, "FLOOD_RISK": -9999, "GROUND_ELE": 117.6, "HEIGHT_AVE": 3.99, "NO_OF_GROU": 0, "NO_ABOVE_G": -9999, "SOURCE_OF_": 1, "ACCURACY_O": 0, "DATE_CAPTU": null, "CAPTURED_B": null, "DATE_LAST_": null, "UPDATED_BY": null, "MI_PRINX": 0.0, "LGA_CODE": "348", "LGA_NAME": "MONASH", "height": 0 }, "geometry": { "type": "MultiPolygon", "coordinates": [ [ [ [ 145.146336201073325, -37.891171213025643 ], [ 145.146375830266521, -37.891176342295438 ], [ 145.146381209051242, -37.891189942116235 ], [ 145.146494698675781, -37.891196234754879 ], [ 145.1464869266932, -37.891281798044751 ], [ 145.146294103940164, -37.891260740632845 ], [ 145.146313424329492, -37.891170854240933 ], [ 145.146336201073325, -37.891171213025643 ] ] ] ] } },
{ "type": "Feature", "properties": { "Join_Count": 1, "TARGET_FID": 665020, "BF_FID": 1668588, "PARCEL_VIE": "1477534", "LAND_USE_T": "Residential - R1Z", "FLOOR_LEVE": -9.99, "FLOOD_RISK": -9999, "GROUND_ELE": 119.75, "HEIGHT_AVE": 3.84, "NO_OF_GROU": 0, "NO_ABOVE_G": -9999, "SOURCE_OF_": 1, "ACCURACY_O": 0, "DATE_CAPTU": null, "CAPTURED_B": null, "DATE_LAST_": null, "UPDATED_BY": null, "MI_PRINX": 0.0, "LGA_CODE": "348", "LGA_NAME": "MONASH", "height": 0 }, "geometry": { "type": "MultiPolygon", "coordinates": [ [ [ [ 145.147102730737686, -37.892571105096422 ], [ 145.14716380649358, -37.89258107683083 ], [ 145.147160195564368, -37.892680220764383 ], [ 145.147028301299258, -37.892663637769715 ], [ 145.147036036771539, -37.892586993844056 ], [ 145.147102730737686, -37.892571105096422 ] ] ] ] } },
{ "type": "Feature", "properties": { "Join_Count": 1, "TARGET_FID": 665021, "BF_FID": 1668589, "PARCEL_VIE": "1477535", "LAND_USE_T": "Residential - R1Z", "FLOOR_LEVE": -9.99, "FLOOD_RISK": -9999, "GROUND_ELE": 119.82, "HEIGHT_AVE": 3.81, "NO_OF_GROU": 0, "NO_ABOVE_G": -9999, "SOURCE_OF_": 1, "ACCURACY_O": 0, "DATE_CAPTU": null, "CAPTURED_B": null, "DATE_LAST_": null, "UPDATED_BY": null, "MI_PRINX": 0.0, "LGA_CODE": "348", "LGA_NAME": "MONASH", "height": 0 }, "geometry": { "type": "MultiPolygon", "coordinates": [ [ [ [ 145.147232625562452, -37.892379433973176 ], [ 145.147300357450519, -37.892400682912189 ], [ 145.147259645169498, -37.892479871084127 ], [ 145.147343167298885, -37.892507135047438 ], [ 145.147319770569993, -37.892557673547934 ], [ 145.147115721951451, -37.892494273617423 ], [ 145.147146231222621, -37.892444297651679 ], [ 145.147167393479521, -37.89244922599061 ], [ 145.147204224452736, -37.892378986803216 ], [ 145.147232625562452, -37.892379433973176 ] ] ] ] } },
{ "type": "Feature", "properties": { "Join_Count": 1, "TARGET_FID": 665022, "BF_FID": 1668590, "PARCEL_VIE": "1477536", "LAND_USE_T": "Residential - R1Z", "FLOOR_LEVE": -9.99, "FLOOD_RISK": -9999, "GROUND_ELE": 120.0, "HEIGHT_AVE": 3.57, "NO_OF_GROU": 0, "NO_ABOVE_G": -9999, "SOURCE_OF_": 1, "ACCURACY_O": 0, "DATE_CAPTU": null, "CAPTURED_B": null, "DATE_LAST_": null, "UPDATED_BY": null, "MI_PRINX": 0.0, "LGA_CODE": "348", "LGA_NAME": "MONASH", "height": 0 }, "geometry": { "type": "MultiPolygon", "coordinates": [ [ [ [ 145.147260401723656, -37.892180388498296 ], [ 145.147355766833755, -37.89223270668564 ], [ 145.14727958996798, -37.892335123088152 ], [ 145.147121275764505, -37.892276497746302 ], [ 145.147202854417287, -37.892194258938851 ], [ 145.147226025583876, -37.892190118732948 ], [ 145.147232307770054, -37.892167692485842 ], [ 145.147260401723656, -37.892180388498296 ] ] ] ] } },
{ "type": "Feature", "properties": { "Join_Count": 1, "TARGET_FID": 665023, "BF_FID": 1668591, "PARCEL_VIE": "1477537", "LAND_USE_T": "Residential - R1Z", "FLOOR_LEVE": -9.99, "FLOOD_RISK": -9999, "GROUND_ELE": 120.23, "HEIGHT_AVE": 3.99, "NO_OF_GROU": 0, "NO_ABOVE_G": -9999, "SOURCE_OF_": 1, "ACCURACY_O": 0, "DATE_CAPTU": null, "CAPTURED_B": null, "DATE_LAST_": null, "UPDATED_BY": null, "MI_PRINX": 0.0, "LGA_CODE": "348", "LGA_NAME": "MONASH", "height": 0 }, "geometry": { "type": "MultiPolygon", "coordinates": [ [ [ [ 145.147889187491757, -37.892335168514641 ], [ 145.147840350686209, -37.892356925016863 ], [ 145.147865271798878, -37.892391465402227 ], [ 145.147817787728115, -37.89240414302121 ], [ 145.147740610891105, -37.892280841891726 ], [ 145.147829337148323, -37.892253856739465 ], [ 145.147889187491757, -37.892335168514641 ] ] ] ] } },
{ "type": "Feature", "properties": { "Join_Count": 1, "TARGET_FID": 665024, "BF_FID": 1668592, "PARCEL_VIE": "1477540", "LAND_USE_T": "Residential - R1Z", "FLOOR_LEVE": -9.99, "FLOOD_RISK": -9999, "GROUND_ELE": 120.0, "HEIGHT_AVE": 3.72, "NO_OF_GROU": 0, "NO_ABOVE_G": -9999, "SOURCE_OF_": 1, "ACCURACY_O": 0, "DATE_CAPTU": null, "CAPTURED_B": null, "DATE_LAST_": null, "UPDATED_BY": null, "MI_PRINX": 0.0, "LGA_CODE": "348", "LGA_NAME": "MONASH", "height": 0 }, "geometry": { "type": "MultiPolygon", "coordinates": [ [ [ [ 145.14814228431581, -37.892836146879695 ], [ 145.148124806973186, -37.892837583749312 ], [ 145.148120573067445, -37.892774536775512 ], [ 145.148309929183, -37.892758235019386 ], [ 145.148313406611038, -37.892821540386478 ], [ 145.14814228431581, -37.892836146879695 ] ] ] ] } },
{ "type": "Feature", "properties": { "Join_Count": 1, "TARGET_FID": 665025, "BF_FID": 1668593, "PARCEL_VIE": "1477541", "LAND_USE_T": "Residential - R1Z", "FLOOR_LEVE": -9.99, "FLOOD_RISK": -9999, "GROUND_ELE": 120.09, "HEIGHT_AVE": 4.4, "NO_OF_GROU": 0, "NO_ABOVE_G": -9999, "SOURCE_OF_": 1, "ACCURACY_O": 0, "DATE_CAPTU": null, "CAPTURED_B": null, "DATE_LAST_": null, "UPDATED_BY": null, "MI_PRINX": 0.0, "LGA_CODE": "348", "LGA_NAME": "MONASH", "height": 0 }, "geometry": { "type": "MultiPolygon", "coordinates": [ [ [ [ 145.148448073162342, -37.8926601267002 ], [ 145.148433827259424, -37.892727207727425 ], [ 145.148282538274032, -37.892687525506467 ], [ 145.148306591577779, -37.892633212913715 ], [ 145.148448073162342, -37.8926601267002 ] ] ] ] } },
{ "type": "Feature", "properties": { "Join_Count": 1, "TARGET_FID": 665026, "BF_FID": 1668594, "PARCEL_VIE": "1477546", "LAND_USE_T": "Residential - R1Z", "FLOOR_LEVE": -9.99, "FLOOD_RISK": -9999, "GROUND_ELE": 119.53, "HEIGHT_AVE": 3.3, "NO_OF_GROU": 0, "NO_ABOVE_G": -9999, "SOURCE_OF_": 1, "ACCURACY_O": 0, "DATE_CAPTU": null, "CAPTURED_B": null, "DATE_LAST_": null, "UPDATED_BY": null, "MI_PRINX": 0.0, "LGA_CODE": "348", "LGA_NAME": "MONASH", "height": 0 }, "geometry": { "type": "MultiPolygon", "coordinates": [ [ [ [ 145.148466585965281, -37.893511868994473 ], [ 145.148480889165768, -37.893521104108139 ], [ 145.148474585908218, -37.893645433899799 ], [ 145.148402901425357, -37.89364340496671 ], [ 145.148407572222652, -37.893587976474478 ], [ 145.148355844247448, -37.893586621926907 ], [ 145.148352997046175, -37.893528101817836 ], [ 145.148364227854188, -37.893510258411879 ], [ 145.148466585965281, -37.893511868994473 ] ] ] ] } },
{ "type": "Feature", "properties": { "Join_Count": 1, "TARGET_FID": 665027, "BF_FID": 1668595, "PARCEL_VIE": "1477547", "LAND_USE_T": "Residential - R1Z", "FLOOR_LEVE": -9.99, "FLOOD_RISK": -9999, "GROUND_ELE": 119.11, "HEIGHT_AVE": 3.34, "NO_OF_GROU": 0, "NO_ABOVE_G": -9999, "SOURCE_OF_": 1, "ACCURACY_O": 0, "DATE_CAPTU": null, "CAPTURED_B": null, "DATE_LAST_": null, "UPDATED_BY": null, "MI_PRINX": 0.0, "LGA_CODE": "348", "LGA_NAME": "MONASH", "height": 0 }, "geometry": { "type": "MultiPolygon", "coordinates": [ [ [ [ 145.148550539255098, -37.894016041516835 ], [ 145.148549253056842, -37.894067378635683 ], [ 145.14861166164701, -37.894072865569626 ], [ 145.148610194974879, -37.89413140789955 ], [ 145.148375865039867, -37.894097447095334 ], [ 145.148375599363874, -37.894033201171972 ], [ 145.148470555375411, -37.894034605184139 ], [ 145.148476856460235, -37.894007674140745 ], [ 145.148550539255098, -37.894016041516835 ] ] ] ] } },
{ "type": "Feature", "properties": { "Join_Count": 1, "TARGET_FID": 665028, "BF_FID": 1668596, "PARCEL_VIE": "1477548", "LAND_USE_T": "Residential - R1Z", "FLOOR_LEVE": -9.99, "FLOOD_RISK": -9999, "GROUND_ELE": 118.87, "HEIGHT_AVE": 3.08, "NO_OF_GROU": 0, "NO_ABOVE_G": -9999, "SOURCE_OF_": 1, "ACCURACY_O": 0, "DATE_CAPTU": null, "CAPTURED_B": null, "DATE_LAST_": null, "UPDATED_BY": null, "MI_PRINX": 0.0, "LGA_CODE": "348", "LGA_NAME": "MONASH", "height": 0 }, "geometry": { "type": "MultiPolygon", "coordinates": [ [ [ [ 145.148410498785125, -37.894159801084939 ], [ 145.148450223481206, -37.894164931173904 ], [ 145.148451882067377, -37.894196041985133 ], [ 145.148509292404583, -37.894206405863073 ], [ 145.148502833545507, -37.894295774154585 ], [ 145.148337282585089, -37.894271274784899 ], [ 145.148361381459353, -37.894159028217835 ], [ 145.148410498785125, -37.894159801084939 ] ] ] ] } },
{ "type": "Feature", "properties": { "Join_Count": 1, "TARGET_FID": 665029, "BF_FID": 1668597, "PARCEL_VIE": "1477549", "LAND_USE_T": "Residential - R1Z", "FLOOR_LEVE": -9.99, "FLOOD_RISK": -9999, "GROUND_ELE": 118.63, "HEIGHT_AVE": 3.59, "NO_OF_GROU": 0, "NO_ABOVE_G": -9999, "SOURCE_OF_": 1, "ACCURACY_O": 0, "DATE_CAPTU": null, "CAPTURED_B": null, "DATE_LAST_": null, "UPDATED_BY": null, "MI_PRINX": 0.0, "LGA_CODE": "348", "LGA_NAME": "MONASH", "height": 0 }, "geometry": { "type": "MultiPolygon", "coordinates": [ [ [ [ 145.147045461547577, -37.894021183636326 ], [ 145.147053103956551, -37.894064191865191 ], [ 145.146955934533878, -37.894083745293393 ], [ 145.146960451931733, -37.894098052325276 ], [ 145.146867424849574, -37.894109471755129 ], [ 145.146856692604985, -37.894017670430642 ], [ 145.147042988242646, -37.894007629599635 ], [ 145.147045461547577, -37.894021183636326 ] ] ] ] } },
{ "type": "Feature", "properties": { "Join_Count": 1, "TARGET_FID": 665030, "BF_FID": 1668598, "PARCEL_VIE": "1477550", "LAND_USE_T": "Residential - R1Z", "FLOOR_LEVE": -9.99, "FLOOD_RISK": -9999, "GROUND_ELE": 119.03, "HEIGHT_AVE": 3.48, "NO_OF_GROU": 0, "NO_ABOVE_G": -9999, "SOURCE_OF_": 1, "ACCURACY_O": 0, "DATE_CAPTU": null, "CAPTURED_B": null, "DATE_LAST_": null, "UPDATED_BY": null, "MI_PRINX": 0.0, "LGA_CODE": "348", "LGA_NAME": "MONASH", "height": 0 }, "geometry": { "type": "MultiPolygon", "coordinates": [ [ [ [ 145.146952728664161, -37.893792759956106 ], [ 145.146975689247597, -37.893815736772517 ], [ 145.147024784809901, -37.893806148303518 ], [ 145.14705393646932, -37.89383652074266 ], [ 145.147036682536708, -37.893851476056632 ], [ 145.147085946717567, -37.89391370040164 ], [ 145.14700343637233, -37.893954478135853 ], [ 145.146938428105869, -37.893873174803232 ], [ 145.146963150377331, -37.893863292642848 ], [ 145.146912490483231, -37.893804379990605 ], [ 145.146952728664161, -37.893792759956106 ] ] ] ] } },
{ "type": "Feature", "properties": { "Join_Count": 1, "TARGET_FID": 665031, "BF_FID": 1668599, "PARCEL_VIE": "1477551", "LAND_USE_T": "Residential - R1Z", "FLOOR_LEVE": -9.99, "FLOOD_RISK": -9999, "GROUND_ELE": 119.05, "HEIGHT_AVE": 3.65, "NO_OF_GROU": 0, "NO_ABOVE_G": -9999, "SOURCE_OF_": 1, "ACCURACY_O": 0, "DATE_CAPTU": null, "CAPTURED_B": null, "DATE_LAST_": null, "UPDATED_BY": null, "MI_PRINX": 0.0, "LGA_CODE": "348", "LGA_NAME": "MONASH", "height": 0 }, "geometry": { "type": "MultiPolygon", "coordinates": [ [ [ [ 145.147067234803529, -37.89367265693393 ], [ 145.147083899737964, -37.893778427157109 ], [ 145.146908017091619, -37.893762142461455 ], [ 145.146910379441323, -37.893667934427363 ], [ 145.147067234803529, -37.89367265693393 ] ] ] ] } },
{ "type": "Feature", "properties": { "Join_Count": 1, "TARGET_FID": 665032, "BF_FID": 1668600, "PARCEL_VIE": "1477553", "LAND_USE_T": "Residential - R1Z", "FLOOR_LEVE": -9.99, "FLOOD_RISK": -9999, "GROUND_ELE": 119.5, "HEIGHT_AVE": 3.47, "NO_OF_GROU": 0, "NO_ABOVE_G": -9999, "SOURCE_OF_": 1, "ACCURACY_O": 0, "DATE_CAPTU": null, "CAPTURED_B": null, "DATE_LAST_": null, "UPDATED_BY": null, "MI_PRINX": 0.0, "LGA_CODE": "348", "LGA_NAME": "MONASH", "height": 0 }, "geometry": { "type": "MultiPolygon", "coordinates": [ [ [ [ 145.147573823561231, -37.893401951513638 ], [ 145.147562338649664, -37.893534669131718 ], [ 145.147453148136606, -37.893536283922444 ], [ 145.147465133374965, -37.893387356082272 ], [ 145.14752381441096, -37.893384405547522 ], [ 145.147522852394502, -37.8934003382128 ], [ 145.147573823561231, -37.893401951513638 ] ] ] ] } },
{ "type": "Feature", "properties": { "Join_Count": 1, "TARGET_FID": 665033, "BF_FID": 1668601, "PARCEL_VIE": "1477555", "LAND_USE_T": "Residential - R1Z", "FLOOR_LEVE": -9.99, "FLOOD_RISK": -9999, "GROUND_ELE": 119.08, "HEIGHT_AVE": 4.38, "NO_OF_GROU": 0, "NO_ABOVE_G": -9999, "SOURCE_OF_": 1, "ACCURACY_O": 0, "DATE_CAPTU": null, "CAPTURED_B": null, "DATE_LAST_": null, "UPDATED_BY": null, "MI_PRINX": 0.0, "LGA_CODE": "348", "LGA_NAME": "MONASH", "height": 0 }, "geometry": { "type": "MultiPolygon", "coordinates": [ [ [ [ 145.147486174349893, -37.893875942562964 ], [ 145.147689770358596, -37.893991232708899 ], [ 145.147646116261001, -37.894030640313495 ], [ 145.147599439242299, -37.89400359616409 ], [ 145.147585260574488, -37.894019320773957 ], [ 145.1474493145775, -37.893943568446588 ], [ 145.14743880577916, -37.893910155879936 ], [ 145.147479070739706, -37.893867541476148 ], [ 145.147486174349893, -37.893875942562964 ] ] ] ] } },
{ "type": "Feature", "properties": { "Join_Count": 1, "TARGET_FID": 665034, "BF_FID": 1668602, "PARCEL_VIE": "1477557", "LAND_USE_T": "Residential - R1Z", "FLOOR_LEVE": -9.99, "FLOOD_RISK": -9999, "GROUND_ELE": 118.2, "HEIGHT_AVE": 3.78, "NO_OF_GROU": 0, "NO_ABOVE_G": -9999, "SOURCE_OF_": 1, "ACCURACY_O": 0, "DATE_CAPTU": null, "CAPTURED_B": null, "DATE_LAST_": null, "UPDATED_BY": null, "MI_PRINX": 0.0, "LGA_CODE": "348", "LGA_NAME": "MONASH", "height": 0 }, "geometry": { "type": "MultiPolygon", "coordinates": [ [ [ [ 145.146002060898667, -37.893837972899547 ], [ 145.146121046415942, -37.893853362587222 ], [ 145.146120029670499, -37.893893891837003 ], [ 145.146085910168239, -37.893893354301298 ], [ 145.146079314495097, -37.893931993644209 ], [ 145.145987053366866, -37.893927837043265 ], [ 145.146002060898667, -37.893837972899547 ] ] ] ] } },
{ "type": "Feature", "properties": { "Join_Count": 1, "TARGET_FID": 665035, "BF_FID": 1668603, "PARCEL_VIE": "1477558", "LAND_USE_T": "Residential - R1Z", "FLOOR_LEVE": -9.99, "FLOOD_RISK": -9999, "GROUND_ELE": 118.61, "HEIGHT_AVE": 3.52, "NO_OF_GROU": 0, "NO_ABOVE_G": -9999, "SOURCE_OF_": 1, "ACCURACY_O": 0, "DATE_CAPTU": null, "CAPTURED_B": null, "DATE_LAST_": null, "UPDATED_BY": null, "MI_PRINX": 0.0, "LGA_CODE": "348", "LGA_NAME": "MONASH", "height": 0 }, "geometry": { "type": "MultiPolygon", "coordinates": [ [ [ [ 145.146145953238943, -37.893656704968755 ], [ 145.146120615306415, -37.893818216562977 ], [ 145.145888743890623, -37.893794741222905 ], [ 145.145896635199591, -37.893738102186276 ], [ 145.146038361984893, -37.893747813530631 ], [ 145.146052154283041, -37.893654055905294 ], [ 145.146145953238943, -37.893656704968755 ] ] ] ] } },
{ "type": "Feature", "properties": { "Join_Count": 1, "TARGET_FID": 665036, "BF_FID": 1668604, "PARCEL_VIE": "1477565", "LAND_USE_T": "Residential - R1Z", "FLOOR_LEVE": -9.99, "FLOOD_RISK": -9999, "GROUND_ELE": 118.51, "HEIGHT_AVE": 3.71, "NO_OF_GROU": 0, "NO_ABOVE_G": -9999, "SOURCE_OF_": 1, "ACCURACY_O": 0, "DATE_CAPTU": null, "CAPTURED_B": null, "DATE_LAST_": null, "UPDATED_BY": null, "MI_PRINX": 0.0, "LGA_CODE": "348", "LGA_NAME": "MONASH", "height": 0 }, "geometry": { "type": "MultiPolygon", "coordinates": [ [ [ [ 145.14656328060903, -37.893905469264958 ], [ 145.146580819181793, -37.893916557578564 ], [ 145.146585021225775, -37.894014473014103 ], [ 145.146520535990163, -37.894020755475559 ], [ 145.146521636101966, -37.893976893811782 ], [ 145.14647684997658, -37.893971683349285 ], [ 145.146465928217708, -37.893954752605197 ], [ 145.146465469894395, -37.893905730660109 ], [ 145.14656328060903, -37.893905469264958 ] ] ] ] } },
{ "type": "Feature", "properties": { "Join_Count": 1, "TARGET_FID": 665037, "BF_FID": 1668605, "PARCEL_VIE": "1477566", "LAND_USE_T": "Residential - R1Z", "FLOOR_LEVE": -9.99, "FLOOD_RISK": -9999, "GROUND_ELE": 118.1, "HEIGHT_AVE": 5.0, "NO_OF_GROU": 0, "NO_ABOVE_G": -9999, "SOURCE_OF_": 1, "ACCURACY_O": 0, "DATE_CAPTU": null, "CAPTURED_B": null, "DATE_LAST_": null, "UPDATED_BY": null, "MI_PRINX": 0.0, "LGA_CODE": "348", "LGA_NAME": "MONASH", "height": 0 }, "geometry": { "type": "MultiPolygon", "coordinates": [ [ [ [ 145.145218077769329, -37.893716686750238 ], [ 145.145208713556883, -37.893869349743312 ], [ 145.144945004356543, -37.893836630952443 ], [ 145.144944505538774, -37.893729493497126 ], [ 145.14513442409617, -37.893743209251966 ], [ 145.145146559463342, -37.893711775232312 ], [ 145.145218077769329, -37.893716686750238 ] ] ] ] } },
{ "type": "Feature", "properties": { "Join_Count": 1, "TARGET_FID": 665038, "BF_FID": 1668606, "PARCEL_VIE": "1477568", "LAND_USE_T": "Residential - R1Z", "FLOOR_LEVE": -9.99, "FLOOD_RISK": -9999, "GROUND_ELE": 118.53, "HEIGHT_AVE": 3.96, "NO_OF_GROU": 0, "NO_ABOVE_G": -9999, "SOURCE_OF_": 1, "ACCURACY_O": 0, "DATE_CAPTU": null, "CAPTURED_B": null, "DATE_LAST_": null, "UPDATED_BY": null, "MI_PRINX": 0.0, "LGA_CODE": "348", "LGA_NAME": "MONASH", "height": 0 }, "geometry": { "type": "MultiPolygon", "coordinates": [ [ [ [ 145.145101277351131, -37.893319123903879 ], [ 145.145110886099616, -37.893350990773314 ], [ 145.145212324850036, -37.8933369121917 ], [ 145.145241699508375, -37.893406932847732 ], [ 145.145162079190698, -37.893425950497345 ], [ 145.14517149598791, -37.893457994537286 ], [ 145.145030589183534, -37.893475415356974 ], [ 145.145021616249238, -37.893444369409792 ], [ 145.145069126128476, -37.89343818058326 ], [ 145.145041690459067, -37.893328275890255 ], [ 145.145101277351131, -37.893319123903879 ] ] ] ] } },
{ "type": "Feature", "properties": { "Join_Count": 1, "TARGET_FID": 665039, "BF_FID": 1668607, "PARCEL_VIE": "1477569", "LAND_USE_T": "Residential - R1Z", "FLOOR_LEVE": -9.99, "FLOOD_RISK": -9999, "GROUND_ELE": 118.59, "HEIGHT_AVE": 3.66, "NO_OF_GROU": 0, "NO_ABOVE_G": -9999, "SOURCE_OF_": 1, "ACCURACY_O": 0, "DATE_CAPTU": null, "CAPTURED_B": null, "DATE_LAST_": null, "UPDATED_BY": null, "MI_PRINX": 0.0, "LGA_CODE": "348", "LGA_NAME": "MONASH", "height": 0 }, "geometry": { "type": "MultiPolygon", "coordinates": [ [ [ [ 145.145270470227217, -37.89317970212366 ], [ 145.145256022545254, -37.893191187483112 ], [ 145.145316099583823, -37.893233490551168 ], [ 145.145256787667677, -37.893276524804534 ], [ 145.145237103513352, -37.893276214548905 ], [ 145.145237668628539, -37.893253698307966 ], [ 145.14515933173638, -37.893202908228091 ], [ 145.145148668094919, -37.893175709964957 ], [ 145.145212225139005, -37.893131661469809 ], [ 145.145270470227217, -37.89317970212366 ] ] ] ] } },
{ "type": "Feature", "properties": { "Join_Count": 1, "TARGET_FID": 665040, "BF_FID": 1668608, "PARCEL_VIE": "1477570", "LAND_USE_T": "Residential - R1Z", "FLOOR_LEVE": -9.99, "FLOOD_RISK": -9999, "GROUND_ELE": 119.0, "HEIGHT_AVE": 4.35, "NO_OF_GROU": 0, "NO_ABOVE_G": -9999, "SOURCE_OF_": 1, "ACCURACY_O": 0, "DATE_CAPTU": null, "CAPTURED_B": null, "DATE_LAST_": null, "UPDATED_BY": null, "MI_PRINX": 0.0, "LGA_CODE": "348", "LGA_NAME": "MONASH", "height": 0 }, "geometry": { "type": "MultiPolygon", "coordinates": [ [ [ [ 145.145561506270553, -37.893038866556203 ], [ 145.145560622591205, -37.893074081964734 ], [ 145.145576744809802, -37.893074336033663 ], [ 145.145571380252534, -37.893164802596054 ], [ 145.145398123904982, -37.893156035395577 ], [ 145.145408582601448, -37.89302699597193 ], [ 145.145561506270553, -37.893038866556203 ] ] ] ] } },
{ "type": "Feature", "properties": { "Join_Count": 1, "TARGET_FID": 665041, "BF_FID": 1668609, "PARCEL_VIE": "1477571", "LAND_USE_T": "Residential - R1Z", "FLOOR_LEVE": -9.99, "FLOOD_RISK": -9999, "GROUND_ELE": 119.01, "HEIGHT_AVE": 4.83, "NO_OF_GROU": 0, "NO_ABOVE_G": -9999, "SOURCE_OF_": 1, "ACCURACY_O": 0, "DATE_CAPTU": null, "CAPTURED_B": null, "DATE_LAST_": null, "UPDATED_BY": null, "MI_PRINX": 0.0, "LGA_CODE": "348", "LGA_NAME": "MONASH", "height": 0 }, "geometry": { "type": "MultiPolygon", "coordinates": [ [ [ [ 145.145725929777456, -37.893059567810106 ], [ 145.145753781989669, -37.893081901136838 ], [ 145.145747393056809, -37.893108560342576 ], [ 145.145802806499773, -37.893127453622526 ], [ 145.145762463312877, -37.893240434787224 ], [ 145.14569075040319, -37.893209661666091 ], [ 145.145715809157622, -37.893115360806362 ], [ 145.145628454025626, -37.893091369008708 ], [ 145.145652343457186, -37.89303245927087 ], [ 145.145725929777456, -37.893059567810106 ] ] ] ] } },
{ "type": "Feature", "properties": { "Join_Count": 1, "TARGET_FID": 665042, "BF_FID": 1668610, "PARCEL_VIE": "1477574", "LAND_USE_T": "Residential - R1Z", "FLOOR_LEVE": -9.99, "FLOOD_RISK": -9999, "GROUND_ELE": 118.12, "HEIGHT_AVE": 3.45, "NO_OF_GROU": 0, "NO_ABOVE_G": -9999, "SOURCE_OF_": 1, "ACCURACY_O": 0, "DATE_CAPTU": null, "CAPTURED_B": null, "DATE_LAST_": null, "UPDATED_BY": null, "MI_PRINX": 0.0, "LGA_CODE": "348", "LGA_NAME": "MONASH", "height": 0 }, "geometry": { "type": "MultiPolygon", "coordinates": [ [ [ [ 145.145551794836535, -37.893773393762281 ], [ 145.145662296660646, -37.893783063979463 ], [ 145.14564159950271, -37.893924015551583 ], [ 145.145537241032173, -37.893916154039367 ], [ 145.145551794836535, -37.893773393762281 ] ] ] ] } },
{ "type": "Feature", "properties": { "Join_Count": 1, "TARGET_FID": 665057, "BF_FID": 1668625, "PARCEL_VIE": "1477603", "LAND_USE_T": "Residential - R1Z", "FLOOR_LEVE": -9.99, "FLOOD_RISK": -9999, "GROUND_ELE": 111.65, "HEIGHT_AVE": 3.15, "NO_OF_GROU": 0, "NO_ABOVE_G": -9999, "SOURCE_OF_": 1, "ACCURACY_O": 0, "DATE_CAPTU": null, "CAPTURED_B": null, "DATE_LAST_": null, "UPDATED_BY": null, "MI_PRINX": 0.0, "LGA_CODE": "348", "LGA_NAME": "MONASH", "height": 0 }, "geometry": { "type": "MultiPolygon", "coordinates": [ [ [ [ 145.144825388999863, -37.895863359470589 ], [ 145.144887025446849, -37.895899650608676 ], [ 145.144767217072427, -37.896084990696025 ], [ 145.14461224089186, -37.896072455953437 ], [ 145.144604546269221, -37.896117475001823 ], [ 145.144517748730379, -37.896112232061995 ], [ 145.144543637830026, -37.895984967812709 ], [ 145.144729113440377, -37.89600032613054 ], [ 145.144731911824209, -37.8959673033497 ], [ 145.144760446661479, -37.895958743184217 ], [ 145.144802678665826, -37.895860298409019 ], [ 145.144825388999863, -37.895863359470589 ] ] ] ] } },
{ "type": "Feature", "properties": { "Join_Count": 1, "TARGET_FID": 665058, "BF_FID": 1668626, "PARCEL_VIE": "1477604", "LAND_USE_T": "Residential - R1Z", "FLOOR_LEVE": -9.99, "FLOOD_RISK": -9999, "GROUND_ELE": 110.58, "HEIGHT_AVE": 3.73, "NO_OF_GROU": 0, "NO_ABOVE_G": -9999, "SOURCE_OF_": 1, "ACCURACY_O": 0, "DATE_CAPTU": null, "CAPTURED_B": null, "DATE_LAST_": null, "UPDATED_BY": null, "MI_PRINX": 0.0, "LGA_CODE": "348", "LGA_NAME": "MONASH", "height": 0 }, "geometry": { "type": "MultiPolygon", "coordinates": [ [ [ [ 145.144931390202203, -37.896168218953107 ], [ 145.144858004323964, -37.896271218250916 ], [ 145.144815731433994, -37.896248026657169 ], [ 145.144825444600457, -37.896227186364975 ], [ 145.144767419280356, -37.89620392660629 ], [ 145.144803319817981, -37.89615971264309 ], [ 145.144778493312515, -37.896143823935041 ], [ 145.144807768659604, -37.896109506677178 ], [ 145.144931390202203, -37.896168218953107 ] ] ] ] } },
{ "type": "Feature", "properties": { "Join_Count": 1, "TARGET_FID": 665059, "BF_FID": 1668627, "PARCEL_VIE": "1477605", "LAND_USE_T": "Residential - R1Z", "FLOOR_LEVE": -9.99, "FLOOD_RISK": -9999, "GROUND_ELE": 110.4, "HEIGHT_AVE": 3.85, "NO_OF_GROU": 0, "NO_ABOVE_G": -9999, "SOURCE_OF_": 1, "ACCURACY_O": 0, "DATE_CAPTU": null, "CAPTURED_B": null, "DATE_LAST_": null, "UPDATED_BY": null, "MI_PRINX": 0.0, "LGA_CODE": "348", "LGA_NAME": "MONASH", "height": 0 }, "geometry": { "type": "MultiPolygon", "coordinates": [ [ [ [ 145.145068996821351, -37.896185344901497 ], [ 145.145129786710726, -37.896218018547678 ], [ 145.145037541092591, -37.896343876510308 ], [ 145.144964620708322, -37.896305064949544 ], [ 145.144995769570755, -37.896274561403523 ], [ 145.144978728783087, -37.896262309394274 ], [ 145.144994778014961, -37.896228143989902 ], [ 145.144977608359852, -37.89622102568029 ], [ 145.145005727141893, -37.896187951548029 ], [ 145.145068996821351, -37.896185344901497 ] ] ] ] } },
{ "type": "Feature", "properties": { "Join_Count": 1, "TARGET_FID": 665060, "BF_FID": 1668628, "PARCEL_VIE": "1477606", "LAND_USE_T": "Residential - R1Z", "FLOOR_LEVE": -9.99, "FLOOD_RISK": -9999, "GROUND_ELE": 110.69, "HEIGHT_AVE": 3.04, "NO_OF_GROU": 0, "NO_ABOVE_G": -9999, "SOURCE_OF_": 1, "ACCURACY_O": 0, "DATE_CAPTU": null, "CAPTURED_B": null, "DATE_LAST_": null, "UPDATED_BY": null, "MI_PRINX": 0.0, "LGA_CODE": "348", "LGA_NAME": "MONASH", "height": 0 }, "geometry": { "type": "MultiPolygon", "coordinates": [ [ [ [ 145.14523276273556, -37.896169005213117 ], [ 145.145237291610243, -37.896216469488678 ], [ 145.145217817145721, -37.896248869027254 ], [ 145.145322576849537, -37.896289443678469 ], [ 145.145237061627824, -37.896404956215861 ], [ 145.145158235410548, -37.896373530030338 ], [ 145.145192368684746, -37.896313790796114 ], [ 145.145149788190366, -37.89630284814745 ], [ 145.145150466434245, -37.896275828673573 ], [ 145.145127781870713, -37.896275471096253 ], [ 145.145124597566735, -37.89625289576415 ], [ 145.145185612655524, -37.896168262014065 ], [ 145.14523276273556, -37.896169005213117 ] ] ] ] } },
{ "type": "Feature", "properties": { "Join_Count": 1, "TARGET_FID": 665061, "BF_FID": 1668629, "PARCEL_VIE": "1477607", "LAND_USE_T": "Residential - R1Z", "FLOOR_LEVE": -9.99, "FLOOD_RISK": -9999, "GROUND_ELE": 110.93, "HEIGHT_AVE": 3.26, "NO_OF_GROU": 0, "NO_ABOVE_G": -9999, "SOURCE_OF_": 1, "ACCURACY_O": 0, "DATE_CAPTU": null, "CAPTURED_B": null, "DATE_LAST_": null, "UPDATED_BY": null, "MI_PRINX": 0.0, "LGA_CODE": "348", "LGA_NAME": "MONASH", "height": 0 }, "geometry": { "type": "MultiPolygon", "coordinates": [ [ [ [ 145.145462630170897, -37.896298768984465 ], [ 145.145531792396838, -37.896330403067857 ], [ 145.145494266732499, -37.896390809743551 ], [ 145.145440560849977, -37.89637104220953 ], [ 145.1454110504433, -37.896422204724018 ], [ 145.145389563173296, -37.896411504503583 ], [ 145.145349444635769, -37.89645565216555 ], [ 145.145267775733515, -37.896421658432956 ], [ 145.145344951416803, -37.896317096799656 ], [ 145.145404274583058, -37.89634470155724 ], [ 145.145441539140819, -37.896298436582121 ], [ 145.145462630170897, -37.896298768984465 ] ] ] ] } },
{ "type": "Feature", "properties": { "Join_Count": 1, "TARGET_FID": 665062, "BF_FID": 1668630, "PARCEL_VIE": "1477608", "LAND_USE_T": "Residential - R1Z", "FLOOR_LEVE": -9.99, "FLOOD_RISK": -9999, "GROUND_ELE": 111.44, "HEIGHT_AVE": 3.71, "NO_OF_GROU": 0, "NO_ABOVE_G": -9999, "SOURCE_OF_": 1, "ACCURACY_O": 0, "DATE_CAPTU": null, "CAPTURED_B": null, "DATE_LAST_": null, "UPDATED_BY": null, "MI_PRINX": 0.0, "LGA_CODE": "348", "LGA_NAME": "MONASH", "height": 0 }, "geometry": { "type": "MultiPolygon", "coordinates": [ [ [ [ 145.145636207160436, -37.896418364897649 ], [ 145.145595208746158, -37.896542417969329 ], [ 145.145512777087959, -37.896520125456483 ], [ 145.145531456790735, -37.896467080318125 ], [ 145.145507647306118, -37.896466705085039 ], [ 145.145534047690489, -37.896397473422589 ], [ 145.145636207160436, -37.896418364897649 ] ] ] ] } },
{ "type": "Feature", "properties": { "Join_Count": 1, "TARGET_FID": 665063, "BF_FID": 1668631, "PARCEL_VIE": "1477609", "LAND_USE_T": "Residential - R1Z", "FLOOR_LEVE": -9.99, "FLOOD_RISK": -9999, "GROUND_ELE": 112.13, "HEIGHT_AVE": 3.99, "NO_OF_GROU": 0, "NO_ABOVE_G": -9999, "SOURCE_OF_": 1, "ACCURACY_O": 0, "DATE_CAPTU": null, "CAPTURED_B": null, "DATE_LAST_": null, "UPDATED_BY": null, "MI_PRINX": 0.0, "LGA_CODE": "348", "LGA_NAME": "MONASH", "height": 0 }, "geometry": { "type": "MultiPolygon", "coordinates": [ [ [ [ 145.14583246063836, -37.89651624324145 ], [ 145.145817121262354, -37.896529606719263 ], [ 145.145779864464686, -37.896515774865534 ], [ 145.145757521611642, -37.896542903462567 ], [ 145.145781028275479, -37.896555347347842 ], [ 145.145727872406638, -37.896595865880712 ], [ 145.145642504799412, -37.896541090994219 ], [ 145.145788113860363, -37.896407513887546 ], [ 145.145825509440101, -37.89642702426022 ], [ 145.145805494370734, -37.896447341904299 ], [ 145.145837418081328, -37.896471901782526 ], [ 145.145819558980492, -37.896492253400595 ], [ 145.14583246063836, -37.89651624324145 ] ] ] ] } },
{ "type": "Feature", "properties": { "Join_Count": 1, "TARGET_FID": 665064, "BF_FID": 1668632, "PARCEL_VIE": "1477610", "LAND_USE_T": "Residential - R1Z", "FLOOR_LEVE": -9.99, "FLOOD_RISK": -9999, "GROUND_ELE": 112.49, "HEIGHT_AVE": 3.75, "NO_OF_GROU": 0, "NO_ABOVE_G": -9999, "SOURCE_OF_": 1, "ACCURACY_O": 0, "DATE_CAPTU": null, "CAPTURED_B": null, "DATE_LAST_": null, "UPDATED_BY": null, "MI_PRINX": 0.0, "LGA_CODE": "348", "LGA_NAME": "MONASH", "height": 0 }, "geometry": { "type": "MultiPolygon", "coordinates": [ [ [ [ 145.145951202903774, -37.896545234490034 ], [ 145.146013663790029, -37.89658234894025 ], [ 145.145950231511335, -37.89664748331549 ], [ 145.14597652544586, -37.89666844053108 ], [ 145.145935997263592, -37.896702760978933 ], [ 145.145863129197636, -37.89665809425744 ], [ 145.14580491238965, -37.896709705547771 ], [ 145.145756398188752, -37.896673621662622 ], [ 145.145858817266998, -37.896572070385702 ], [ 145.145901571753882, -37.89659851281683 ], [ 145.145951202903774, -37.896545234490034 ] ] ] ] } },
{ "type": "Feature", "properties": { "Join_Count": 1, "TARGET_FID": 665065, "BF_FID": 1668633, "PARCEL_VIE": "1477611", "LAND_USE_T": "Residential - R1Z", "FLOOR_LEVE": -9.99, "FLOOD_RISK": -9999, "GROUND_ELE": 113.38, "HEIGHT_AVE": 4.04, "NO_OF_GROU": 0, "NO_ABOVE_G": -9999, "SOURCE_OF_": 1, "ACCURACY_O": 0, "DATE_CAPTU": null, "CAPTURED_B": null, "DATE_LAST_": null, "UPDATED_BY": null, "MI_PRINX": 0.0, "LGA_CODE": "348", "LGA_NAME": "MONASH", "height": 0 }, "geometry": { "type": "MultiPolygon", "coordinates": [ [ [ [ 145.146196210301241, -37.896751910965861 ], [ 145.146263793337766, -37.896775500795719 ], [ 145.14620337245583, -37.896918709827062 ], [ 145.146135435711102, -37.896905475953005 ], [ 145.146118861096312, -37.896885843205709 ], [ 145.146179149889662, -37.896751642193202 ], [ 145.146196210301241, -37.896751910965861 ] ] ] ] } },
{ "type": "Feature", "properties": { "Join_Count": 1, "TARGET_FID": 665066, "BF_FID": 1668634, "PARCEL_VIE": "1477612", "LAND_USE_T": "Residential - R1Z", "FLOOR_LEVE": -9.99, "FLOOD_RISK": -9999, "GROUND_ELE": 113.94, "HEIGHT_AVE": 3.99, "NO_OF_GROU": 0, "NO_ABOVE_G": -9999, "SOURCE_OF_": 1, "ACCURACY_O": 0, "DATE_CAPTU": null, "CAPTURED_B": null, "DATE_LAST_": null, "UPDATED_BY": null, "MI_PRINX": 0.0, "LGA_CODE": "348", "LGA_NAME": "MONASH", "height": 0 }, "geometry": { "type": "MultiPolygon", "coordinates": [ [ [ [ 145.146347174943088, -37.896853399794786 ], [ 145.146409246767519, -37.896872397696889 ], [ 145.146408623193139, -37.896897255628069 ], [ 145.146344011772953, -37.896979490744812 ], [ 145.146309551923594, -37.896992462981352 ], [ 145.146227218117588, -37.896932600573898 ], [ 145.146347174943088, -37.896853399794786 ] ] ] ] } },
{ "type": "Feature", "properties": { "Join_Count": 1, "TARGET_FID": 665067, "BF_FID": 1668635, "PARCEL_VIE": "1477614", "LAND_USE_T": "Residential - R1Z", "FLOOR_LEVE": -9.99, "FLOOD_RISK": -9999, "GROUND_ELE": 114.54, "HEIGHT_AVE": 3.57, "NO_OF_GROU": 0, "NO_ABOVE_G": -9999, "SOURCE_OF_": 1, "ACCURACY_O": 0, "DATE_CAPTU": null, "CAPTURED_B": null, "DATE_LAST_": null, "UPDATED_BY": null, "MI_PRINX": 0.0, "LGA_CODE": "348", "LGA_NAME": "MONASH", "height": 0 }, "geometry": { "type": "MultiPolygon", "coordinates": [ [ [ [ 145.14669456660377, -37.897057183016578 ], [ 145.146698816335743, -37.897115815312411 ], [ 145.146655302220694, -37.897119634990347 ], [ 145.146598715254271, -37.897177309079758 ], [ 145.146566787454191, -37.897186537049116 ], [ 145.14651366920333, -37.897147047232998 ], [ 145.146633172266206, -37.89701116576645 ], [ 145.146700530908561, -37.897047455992727 ], [ 145.14669456660377, -37.897057183016578 ] ] ] ] } },
{ "type": "Feature", "properties": { "Join_Count": 1, "TARGET_FID": 665068, "BF_FID": 1668636, "PARCEL_VIE": "1477615", "LAND_USE_T": "Residential - R1Z", "FLOOR_LEVE": -9.99, "FLOOD_RISK": -9999, "GROUND_ELE": 114.56, "HEIGHT_AVE": 3.8, "NO_OF_GROU": 0, "NO_ABOVE_G": -9999, "SOURCE_OF_": 1, "ACCURACY_O": 0, "DATE_CAPTU": null, "CAPTURED_B": null, "DATE_LAST_": null, "UPDATED_BY": null, "MI_PRINX": 0.0, "LGA_CODE": "348", "LGA_NAME": "MONASH", "height": 0 }, "geometry": { "type": "MultiPolygon", "coordinates": [ [ [ [ 145.146776119400045, -37.897118294208482 ], [ 145.146817920221281, -37.897126701179431 ], [ 145.146839908218794, -37.897158582659188 ], [ 145.146890458430335, -37.897180822680738 ], [ 145.146853231564904, -37.897221862874915 ], [ 145.146829714336576, -37.897213563660543 ], [ 145.146798902354988, -37.897245604706889 ], [ 145.146769652359183, -37.897234061675285 ], [ 145.14669490940193, -37.897267843518897 ], [ 145.1466448222547, -37.89724209678532 ], [ 145.146776119400045, -37.897118294208482 ] ] ] ] } },
{ "type": "Feature", "properties": { "Join_Count": 1, "TARGET_FID": 665069, "BF_FID": 1668637, "PARCEL_VIE": "1477616", "LAND_USE_T": "Residential - R1Z", "FLOOR_LEVE": -9.99, "FLOOD_RISK": -9999, "GROUND_ELE": 114.8, "HEIGHT_AVE": 3.68, "NO_OF_GROU": 0, "NO_ABOVE_G": -9999, "SOURCE_OF_": 1, "ACCURACY_O": 0, "DATE_CAPTU": null, "CAPTURED_B": null, "DATE_LAST_": null, "UPDATED_BY": null, "MI_PRINX": 0.0, "LGA_CODE": "348", "LGA_NAME": "MONASH", "height": 0 }, "geometry": { "type": "MultiPolygon", "coordinates": [ [ [ [ 145.146996028018407, -37.897282676993122 ], [ 145.146995237492263, -37.897314199740194 ], [ 145.147034757088136, -37.897323832119675 ], [ 145.146993995234368, -37.8973637354852 ], [ 145.14697693467383, -37.897363466824494 ], [ 145.146904484342258, -37.897447921416301 ], [ 145.146883767924834, -37.897447595168771 ], [ 145.146844925937359, -37.897410943242946 ], [ 145.146874006615519, -37.897384371054521 ], [ 145.146881079991573, -37.89733042211455 ], [ 145.146898253481879, -37.897326187539626 ], [ 145.146881911225023, -37.897297278199872 ], [ 145.14698791777414, -37.89720596380181 ], [ 145.147048543393907, -37.897256473792361 ], [ 145.147025108591379, -37.897256104764061 ], [ 145.146996028018407, -37.897282676993122 ] ] ] ] } },
{ "type": "Feature", "properties": { "Join_Count": 1, "TARGET_FID": 665070, "BF_FID": 1668638, "PARCEL_VIE": "1477617", "LAND_USE_T": "Residential - R1Z", "FLOOR_LEVE": -9.99, "FLOOD_RISK": -9999, "GROUND_ELE": 114.86, "HEIGHT_AVE": 5.94, "NO_OF_GROU": 0, "NO_ABOVE_G": -9999, "SOURCE_OF_": 1, "ACCURACY_O": 0, "DATE_CAPTU": null, "CAPTURED_B": null, "DATE_LAST_": null, "UPDATED_BY": null, "MI_PRINX": 0.0, "LGA_CODE": "348", "LGA_NAME": "MONASH", "height": 0 }, "geometry": { "type": "MultiPolygon", "coordinates": [ [ [ [ 145.147117712057394, -37.897392623705713 ], [ 145.147169111968964, -37.897455782642922 ], [ 145.147101280855935, -37.897498143028976 ], [ 145.147038948477217, -37.897437154523978 ], [ 145.14702603729279, -37.897443438450665 ], [ 145.146993123393344, -37.89739850057142 ], [ 145.147090830178087, -37.897342735203914 ], [ 145.147136383097063, -37.897381024431063 ], [ 145.147117712057394, -37.897392623705713 ] ] ] ] } },
{ "type": "Feature", "properties": { "Join_Count": 1, "TARGET_FID": 665071, "BF_FID": 1668639, "PARCEL_VIE": "1477618", "LAND_USE_T": "Residential - R1Z", "FLOOR_LEVE": -9.99, "FLOOD_RISK": -9999, "GROUND_ELE": 114.93, "HEIGHT_AVE": 3.66, "NO_OF_GROU": 0, "NO_ABOVE_G": -9999, "SOURCE_OF_": 1, "ACCURACY_O": 0, "DATE_CAPTU": null, "CAPTURED_B": null, "DATE_LAST_": null, "UPDATED_BY": null, "MI_PRINX": 0.0, "LGA_CODE": "348", "LGA_NAME": "MONASH", "height": 0 }, "geometry": { "type": "MultiPolygon", "coordinates": [ [ [ [ 145.147224885808981, -37.897452966717296 ], [ 145.147285939879083, -37.897512583489998 ], [ 145.14728526238568, -37.897539602990861 ], [ 145.147250463671298, -37.897566085249551 ], [ 145.147199733526634, -37.897547266368321 ], [ 145.147170539972961, -37.897578341887787 ], [ 145.147139077360777, -37.897583973313466 ], [ 145.147088098678239, -37.897530191454607 ], [ 145.147204075646926, -37.897452639050137 ], [ 145.147224885808981, -37.897452966717296 ] ] ] ] } },
{ "type": "Feature", "properties": { "Join_Count": 1, "TARGET_FID": 665072, "BF_FID": 1668640, "PARCEL_VIE": "1477619", "LAND_USE_T": "Residential - R1Z", "FLOOR_LEVE": -9.99, "FLOOD_RISK": -9999, "GROUND_ELE": 114.76, "HEIGHT_AVE": 3.7, "NO_OF_GROU": 0, "NO_ABOVE_G": -9999, "SOURCE_OF_": 1, "ACCURACY_O": 0, "DATE_CAPTU": null, "CAPTURED_B": null, "DATE_LAST_": null, "UPDATED_BY": null, "MI_PRINX": 0.0, "LGA_CODE": "348", "LGA_NAME": "MONASH", "height": 0 }, "geometry": { "type": "MultiPolygon", "coordinates": [ [ [ [ 145.147343522271001, -37.897568541549433 ], [ 145.147386516088545, -37.897581742433701 ], [ 145.147408278646253, -37.897622630315553 ], [ 145.147238439760542, -37.897727716530994 ], [ 145.147172908663549, -37.89767460657994 ], [ 145.147343522271001, -37.897568541549433 ] ] ] ] } },
{ "type": "Feature", "properties": { "Join_Count": 1, "TARGET_FID": 665073, "BF_FID": 1668641, "PARCEL_VIE": "1477620", "LAND_USE_T": "Residential - R1Z", "FLOOR_LEVE": -9.99, "FLOOD_RISK": -9999, "GROUND_ELE": 114.68, "HEIGHT_AVE": 3.44, "NO_OF_GROU": 0, "NO_ABOVE_G": -9999, "SOURCE_OF_": 1, "ACCURACY_O": 0, "DATE_CAPTU": null, "CAPTURED_B": null, "DATE_LAST_": null, "UPDATED_BY": null, "MI_PRINX": 0.0, "LGA_CODE": "348", "LGA_NAME": "MONASH", "height": 0 }, "geometry": { "type": "MultiPolygon", "coordinates": [ [ [ [ 145.147459577964838, -37.897772103879817 ], [ 145.147411044644315, -37.897804046288179 ], [ 145.147437975314688, -37.897833302457705 ], [ 145.147372127235826, -37.897878847735356 ], [ 145.147328672348692, -37.897846628367994 ], [ 145.147305987275161, -37.897846271197963 ], [ 145.147272995101332, -37.89780070145995 ], [ 145.147476277562475, -37.897670823458022 ], [ 145.147525463182831, -37.8977288116496 ], [ 145.147459577964838, -37.897772103879817 ] ] ] ] } },
{ "type": "Feature", "properties": { "Join_Count": 1, "TARGET_FID": 665074, "BF_FID": 1668642, "PARCEL_VIE": "1477621", "LAND_USE_T": "Residential - R1Z", "FLOOR_LEVE": -9.99, "FLOOD_RISK": -9999, "GROUND_ELE": 114.46, "HEIGHT_AVE": 3.71, "NO_OF_GROU": 0, "NO_ABOVE_G": -9999, "SOURCE_OF_": 1, "ACCURACY_O": 0, "DATE_CAPTU": null, "CAPTURED_B": null, "DATE_LAST_": null, "UPDATED_BY": null, "MI_PRINX": 0.0, "LGA_CODE": "348", "LGA_NAME": "MONASH", "height": 0 }, "geometry": { "type": "MultiPolygon", "coordinates": [ [ [ [ 145.147577817755717, -37.897888573239548 ], [ 145.147605120271407, -37.897936666241883 ], [ 145.1475533736714, -37.897958376760378 ], [ 145.14754146660718, -37.897980714449403 ], [ 145.147489301629349, -37.897944303493766 ], [ 145.147466664056026, -37.897957011682898 ], [ 145.147422719108619, -37.897951814801331 ], [ 145.147395219139355, -37.897915341620894 ], [ 145.147525509218752, -37.897831707213179 ], [ 145.147577817755717, -37.897888573239548 ] ] ] ] } },
{ "type": "Feature", "properties": { "Join_Count": 1, "TARGET_FID": 665075, "BF_FID": 1668643, "PARCEL_VIE": "1477624", "LAND_USE_T": "Residential - R1Z", "FLOOR_LEVE": -9.99, "FLOOD_RISK": -9999, "GROUND_ELE": 106.22, "HEIGHT_AVE": 4.13, "NO_OF_GROU": 0, "NO_ABOVE_G": -9999, "SOURCE_OF_": 1, "ACCURACY_O": 0, "DATE_CAPTU": null, "CAPTURED_B": null, "DATE_LAST_": null, "UPDATED_BY": null, "MI_PRINX": 0.0, "LGA_CODE": "348", "LGA_NAME": "MONASH", "height": 0 }, "geometry": { "type": "MultiPolygon", "coordinates": [ [ [ [ 145.148652522968916, -37.899025526996333 ], [ 145.148680475308993, -37.899043986893119 ], [ 145.148691028185368, -37.899075688118856 ], [ 145.148627977206985, -37.899118124575772 ], [ 145.148620846909296, -37.899155674421053 ], [ 145.148563381475043, -37.89917729539517 ], [ 145.148512969319341, -37.899149472018458 ], [ 145.148491318575367, -37.899104081071393 ], [ 145.148514097791832, -37.899104439497982 ], [ 145.148549141609294, -37.899064445647639 ], [ 145.148571920814305, -37.899064804062711 ], [ 145.148572372187857, -37.899046791053721 ], [ 145.148623667922124, -37.899043093112454 ], [ 145.148652522968916, -37.899025526996333 ] ] ] ] } },
{ "type": "Feature", "properties": { "Join_Count": 1, "TARGET_FID": 665076, "BF_FID": 1668644, "PARCEL_VIE": "1477625", "LAND_USE_T": "Residential - R1Z", "FLOOR_LEVE": -9.99, "FLOOD_RISK": -9999, "GROUND_ELE": 103.74, "HEIGHT_AVE": 4.32, "NO_OF_GROU": 0, "NO_ABOVE_G": -9999, "SOURCE_OF_": 1, "ACCURACY_O": 0, "DATE_CAPTU": null, "CAPTURED_B": null, "DATE_LAST_": null, "UPDATED_BY": null, "MI_PRINX": 0.0, "LGA_CODE": "348", "LGA_NAME": "MONASH", "height": 0 }, "geometry": { "type": "MultiPolygon", "coordinates": [ [ [ [ 145.148725224389949, -37.899301567618082 ], [ 145.148623774388142, -37.899207257998292 ], [ 145.148761766011233, -37.89913068116303 ], [ 145.148859231550119, -37.899226820094569 ], [ 145.148823566977285, -37.899235449278194 ], [ 145.148725224389949, -37.899301567618082 ] ] ] ] } },
{ "type": "Feature", "properties": { "Join_Count": 1, "TARGET_FID": 665087, "BF_FID": 1668655, "PARCEL_VIE": "1477642", "LAND_USE_T": "Residential - R1Z", "FLOOR_LEVE": -9.99, "FLOOD_RISK": -9999, "GROUND_ELE": 110.21, "HEIGHT_AVE": 4.09, "NO_OF_GROU": 0, "NO_ABOVE_G": -9999, "SOURCE_OF_": 1, "ACCURACY_O": 0, "DATE_CAPTU": null, "CAPTURED_B": null, "DATE_LAST_": null, "UPDATED_BY": null, "MI_PRINX": 0.0, "LGA_CODE": "348", "LGA_NAME": "MONASH", "height": 0 }, "geometry": { "type": "MultiPolygon", "coordinates": [ [ [ [ 145.145525465356172, -37.896971098465194 ], [ 145.145559677879731, -37.896964249399154 ], [ 145.145581722983252, -37.896990095272329 ], [ 145.145632565324092, -37.897004411585961 ], [ 145.145540836078794, -37.897105950917854 ], [ 145.145442436515111, -37.897028625570314 ], [ 145.145512343265722, -37.896959629094347 ], [ 145.145525465356172, -37.896971098465194 ] ] ] ] } },
{ "type": "Feature", "properties": { "Join_Count": 1, "TARGET_FID": 665088, "BF_FID": 1668656, "PARCEL_VIE": "1477643", "LAND_USE_T": "Residential - R1Z", "FLOOR_LEVE": -9.99, "FLOOD_RISK": -9999, "GROUND_ELE": 110.65, "HEIGHT_AVE": 4.14, "NO_OF_GROU": 0, "NO_ABOVE_G": -9999, "SOURCE_OF_": 1, "ACCURACY_O": 0, "DATE_CAPTU": null, "CAPTURED_B": null, "DATE_LAST_": null, "UPDATED_BY": null, "MI_PRINX": 0.0, "LGA_CODE": "348", "LGA_NAME": "MONASH", "height": 0 }, "geometry": { "type": "MultiPolygon", "coordinates": [ [ [ [ 145.145756143823633, -37.897064924341478 ], [ 145.145800920125197, -37.89709302047914 ], [ 145.145624361708997, -37.897256563829792 ], [ 145.14557030986407, -37.897220662901674 ], [ 145.145630469964857, -37.897158901000246 ], [ 145.145567164089726, -37.897118078907745 ], [ 145.14557901056321, -37.897098173180311 ], [ 145.145616630709355, -37.897078853824667 ], [ 145.14563926780869, -37.897096059364138 ], [ 145.145670550925729, -37.897078892640046 ], [ 145.145707990938604, -37.897092907618195 ], [ 145.145756143823633, -37.897064924341478 ] ] ] ] } },
{ "type": "Feature", "properties": { "Join_Count": 1, "TARGET_FID": 665089, "BF_FID": 1668657, "PARCEL_VIE": "1477644", "LAND_USE_T": "Residential - R1Z", "FLOOR_LEVE": -9.99, "FLOOD_RISK": -9999, "GROUND_ELE": 111.01, "HEIGHT_AVE": 7.17, "NO_OF_GROU": 0, "NO_ABOVE_G": -9999, "SOURCE_OF_": 1, "ACCURACY_O": 0, "DATE_CAPTU": null, "CAPTURED_B": null, "DATE_LAST_": null, "UPDATED_BY": null, "MI_PRINX": 0.0, "LGA_CODE": "348", "LGA_NAME": "MONASH", "height": 0 }, "geometry": { "type": "MultiPolygon", "coordinates": [ [ [ [ 145.145943857123768, -37.897200510163508 ], [ 145.145775963444521, -37.89736256845412 ], [ 145.145731624766825, -37.897361869767629 ], [ 145.145665058505614, -37.897297750409173 ], [ 145.145665510558871, -37.897279737424391 ], [ 145.145705821020272, -37.897257847521502 ], [ 145.145701117411477, -37.897239753291593 ], [ 145.145819621098298, -37.89712881477395 ], [ 145.145943857123768, -37.897200510163508 ] ] ] ] } },
{ "type": "Feature", "properties": { "Join_Count": 1, "TARGET_FID": 665090, "BF_FID": 1668658, "PARCEL_VIE": "1477645", "LAND_USE_T": "Residential - R1Z", "FLOOR_LEVE": -9.99, "FLOOD_RISK": -9999, "GROUND_ELE": 111.63, "HEIGHT_AVE": 3.71, "NO_OF_GROU": 0, "NO_ABOVE_G": -9999, "SOURCE_OF_": 1, "ACCURACY_O": 0, "DATE_CAPTU": null, "CAPTURED_B": null, "DATE_LAST_": null, "UPDATED_BY": null, "MI_PRINX": 0.0, "LGA_CODE": "348", "LGA_NAME": "MONASH", "height": 0 }, "geometry": { "type": "MultiPolygon", "coordinates": [ [ [ [ 145.146086036919172, -37.897289607234995 ], [ 145.145952328038277, -37.89742724650673 ], [ 145.145906853444558, -37.897404545455359 ], [ 145.145947905164206, -37.897353114170748 ], [ 145.145903499287357, -37.897310247435186 ], [ 145.145954960425911, -37.897266278308329 ], [ 145.146008174627923, -37.897290723094443 ], [ 145.146046978562566, -37.8972541229478 ], [ 145.146086036919172, -37.897289607234995 ] ] ] ] } },
{ "type": "Feature", "properties": { "Join_Count": 1, "TARGET_FID": 665091, "BF_FID": 1668659, "PARCEL_VIE": "1477646", "LAND_USE_T": "Residential - R1Z", "FLOOR_LEVE": -9.99, "FLOOD_RISK": -9999, "GROUND_ELE": 112.04, "HEIGHT_AVE": 3.86, "NO_OF_GROU": 0, "NO_ABOVE_G": -9999, "SOURCE_OF_": 1, "ACCURACY_O": 0, "DATE_CAPTU": null, "CAPTURED_B": null, "DATE_LAST_": null, "UPDATED_BY": null, "MI_PRINX": 0.0, "LGA_CODE": "348", "LGA_NAME": "MONASH", "height": 0 }, "geometry": { "type": "MultiPolygon", "coordinates": [ [ [ [ 145.146192976018398, -37.897333098678473 ], [ 145.146248500972064, -37.897370103737224 ], [ 145.146118457191761, -37.897499962189428 ], [ 145.146042017107504, -37.897455599700479 ], [ 145.146053907366451, -37.897452633517858 ], [ 145.146025060751583, -37.897428752882426 ], [ 145.146080486156364, -37.897376286609088 ], [ 145.146130147500827, -37.897392836617286 ], [ 145.146176102951216, -37.897332832855469 ], [ 145.146192976018398, -37.897333098678473 ] ] ] ] } },
{ "type": "Feature", "properties": { "Join_Count": 1, "TARGET_FID": 665092, "BF_FID": 1668660, "PARCEL_VIE": "1477650", "LAND_USE_T": "Residential - R1Z", "FLOOR_LEVE": -9.99, "FLOOD_RISK": -9999, "GROUND_ELE": 113.11, "HEIGHT_AVE": 4.05, "NO_OF_GROU": 0, "NO_ABOVE_G": -9999, "SOURCE_OF_": 1, "ACCURACY_O": 0, "DATE_CAPTU": null, "CAPTURED_B": null, "DATE_LAST_": null, "UPDATED_BY": null, "MI_PRINX": 0.0, "LGA_CODE": "348", "LGA_NAME": "MONASH", "height": 0 }, "geometry": { "type": "MultiPolygon", "coordinates": [ [ [ [ 145.146767776651018, -37.897764994697283 ], [ 145.14675755218579, -37.897787539006423 ], [ 145.146807857664896, -37.897845725330477 ], [ 145.146717063065893, -37.89789132785296 ], [ 145.146638764506406, -37.897805129822039 ], [ 145.146744227669672, -37.897742999681142 ], [ 145.146767776651018, -37.897764994697283 ] ] ] ] } },
{ "type": "Feature", "properties": { "Join_Count": 1, "TARGET_FID": 665093, "BF_FID": 1668661, "PARCEL_VIE": "1477652", "LAND_USE_T": "Residential - R1Z", "FLOOR_LEVE": -9.99, "FLOOD_RISK": -9999, "GROUND_ELE": 112.95, "HEIGHT_AVE": 4.17, "NO_OF_GROU": 0, "NO_ABOVE_G": -9999, "SOURCE_OF_": 1, "ACCURACY_O": 0, "DATE_CAPTU": null, "CAPTURED_B": null, "DATE_LAST_": null, "UPDATED_BY": null, "MI_PRINX": 0.0, "LGA_CODE": "348", "LGA_NAME": "MONASH", "height": 0 }, "geometry": { "type": "MultiPolygon", "coordinates": [ [ [ [ 145.147105578732123, -37.898127022469502 ], [ 145.147149913523862, -37.898172770856185 ], [ 145.147154954129803, -37.898199880391132 ], [ 145.147085581805527, -37.898243838297887 ], [ 145.147040004747311, -37.898247625626247 ], [ 145.146988144833159, -37.898273839133857 ], [ 145.146970838989745, -37.898287081689375 ], [ 145.146981461052491, -37.898315991036178 ], [ 145.146906956500629, -37.898362661130804 ], [ 145.146806570649375, -37.898259717072854 ], [ 145.146979453985324, -37.898152967541357 ], [ 145.147030694961416, -37.89816638853091 ], [ 145.147105578732123, -37.898127022469502 ] ] ] ] } },
{ "type": "Feature", "properties": { "Join_Count": 1, "TARGET_FID": 665094, "BF_FID": 1668662, "PARCEL_VIE": "1477653", "LAND_USE_T": "Residential - R1Z", "FLOOR_LEVE": -9.99, "FLOOD_RISK": -9999, "GROUND_ELE": 112.97, "HEIGHT_AVE": 3.79, "NO_OF_GROU": 0, "NO_ABOVE_G": -9999, "SOURCE_OF_": 1, "ACCURACY_O": 0, "DATE_CAPTU": null, "CAPTURED_B": null, "DATE_LAST_": null, "UPDATED_BY": null, "MI_PRINX": 0.0, "LGA_CODE": "348", "LGA_NAME": "MONASH", "height": 0 }, "geometry": { "type": "MultiPolygon", "coordinates": [ [ [ [ 145.147221960085034, -37.898392399123075 ], [ 145.147167075605978, -37.898427034536347 ], [ 145.147119975830378, -37.898364393815392 ], [ 145.147241798725418, -37.898274409472911 ], [ 145.147297047245814, -37.898344927095494 ], [ 145.147221960085034, -37.898392399123075 ] ] ] ] } },
{ "type": "Feature", "properties": { "Join_Count": 1, "TARGET_FID": 665095, "BF_FID": 1668663, "PARCEL_VIE": "1477654", "LAND_USE_T": "Residential - R1Z", "FLOOR_LEVE": -9.99, "FLOOD_RISK": -9999, "GROUND_ELE": 112.86, "HEIGHT_AVE": 3.93, "NO_OF_GROU": 0, "NO_ABOVE_G": -9999, "SOURCE_OF_": 1, "ACCURACY_O": 0, "DATE_CAPTU": null, "CAPTURED_B": null, "DATE_LAST_": null, "UPDATED_BY": null, "MI_PRINX": 0.0, "LGA_CODE": "348", "LGA_NAME": "MONASH", "height": 0 }, "geometry": { "type": "MultiPolygon", "coordinates": [ [ [ [ 145.147390892381452, -37.898446956858578 ], [ 145.14741589761752, -37.898474470807848 ], [ 145.147244746619066, -37.898579446240227 ], [ 145.147176954783646, -37.898508010283557 ], [ 145.147288003411063, -37.898436326857166 ], [ 145.147316750272694, -37.898452997572875 ], [ 145.14736990335723, -37.898423830963154 ], [ 145.147390892381452, -37.898446956858578 ] ] ] ] } },
{ "type": "Feature", "properties": { "Join_Count": 1, "TARGET_FID": 665105, "BF_FID": 1668673, "PARCEL_VIE": "1477665", "LAND_USE_T": "Residential - R1Z", "FLOOR_LEVE": -9.99, "FLOOD_RISK": -9999, "GROUND_ELE": 107.4, "HEIGHT_AVE": 3.48, "NO_OF_GROU": 0, "NO_ABOVE_G": -9999, "SOURCE_OF_": 1, "ACCURACY_O": 0, "DATE_CAPTU": null, "CAPTURED_B": null, "DATE_LAST_": null, "UPDATED_BY": null, "MI_PRINX": 0.0, "LGA_CODE": "348", "LGA_NAME": "MONASH", "height": 0 }, "geometry": { "type": "MultiPolygon", "coordinates": [ [ [ [ 145.14459198753238, -37.897006028699252 ], [ 145.144665740606598, -37.897011696624887 ], [ 145.144664960401627, -37.897042769007406 ], [ 145.144668221801396, -37.897013717957975 ], [ 145.144811579847897, -37.897022195152552 ], [ 145.144810988396273, -37.897090572133962 ], [ 145.144731834121501, -37.89709833422021 ], [ 145.14472555070023, -37.897120760285176 ], [ 145.14465685941218, -37.897115172206504 ], [ 145.144660857386157, -37.897079195030379 ], [ 145.144657647993597, -37.897106174587002 ], [ 145.144578063675596, -37.897104919735625 ], [ 145.144579759854935, -37.897037371081765 ], [ 145.14455707506508, -37.897037013388406 ], [ 145.14455764046383, -37.897014497170574 ], [ 145.14459198753238, -37.897006028699252 ] ] ] ] } },
{ "type": "Feature", "properties": { "Join_Count": 1, "TARGET_FID": 665106, "BF_FID": 1668674, "PARCEL_VIE": "1477667", "LAND_USE_T": "Residential - R1Z", "FLOOR_LEVE": -9.99, "FLOOD_RISK": -9999, "GROUND_ELE": 106.13, "HEIGHT_AVE": 4.64, "NO_OF_GROU": 0, "NO_ABOVE_G": -9999, "SOURCE_OF_": 1, "ACCURACY_O": 0, "DATE_CAPTU": null, "CAPTURED_B": null, "DATE_LAST_": null, "UPDATED_BY": null, "MI_PRINX": 0.0, "LGA_CODE": "348", "LGA_NAME": "MONASH", "height": 0 }, "geometry": { "type": "MultiPolygon", "coordinates": [ [ [ [ 145.144667076657242, -37.897313284170806 ], [ 145.144680510308575, -37.897327281361925 ], [ 145.144749463683013, -37.897337378587366 ], [ 145.144747774424644, -37.89740465704962 ], [ 145.144547689353658, -37.897410782590981 ], [ 145.144547008600114, -37.897437892115263 ], [ 145.144395208985799, -37.897421983328989 ], [ 145.144398718057118, -37.897386809359915 ], [ 145.144428728183556, -37.897386741996819 ], [ 145.144430427546126, -37.897363883260837 ], [ 145.144497525475316, -37.89736944634874 ], [ 145.144502451975939, -37.897401059217174 ], [ 145.144542197422425, -37.897401685940231 ], [ 145.144553443437331, -37.897308609223458 ], [ 145.144667076657242, -37.897313284170806 ] ] ] ] } },
{ "type": "Feature", "properties": { "Join_Count": 1, "TARGET_FID": 665107, "BF_FID": 1668675, "PARCEL_VIE": "1477668", "LAND_USE_T": "Residential - R1Z", "FLOOR_LEVE": -9.99, "FLOOD_RISK": -9999, "GROUND_ELE": 105.64, "HEIGHT_AVE": 4.14, "NO_OF_GROU": 0, "NO_ABOVE_G": -9999, "SOURCE_OF_": 1, "ACCURACY_O": 0, "DATE_CAPTU": null, "CAPTURED_B": null, "DATE_LAST_": null, "UPDATED_BY": null, "MI_PRINX": 0.0, "LGA_CODE": "348", "LGA_NAME": "MONASH", "height": 0 }, "geometry": { "type": "MultiPolygon", "coordinates": [ [ [ [ 145.144699392449184, -37.897482822287806 ], [ 145.144702559626523, -37.897584505619136 ], [ 145.144421872925108, -37.897551427754017 ], [ 145.144438215481188, -37.897475730721652 ], [ 145.144620812273047, -37.897501315308809 ], [ 145.144624280304782, -37.897475240838517 ], [ 145.144699392449184, -37.897482822287806 ] ] ] ] } },
{ "type": "Feature", "properties": { "Join_Count": 1, "TARGET_FID": 665108, "BF_FID": 1668676, "PARCEL_VIE": "1477669", "LAND_USE_T": "Residential - R1Z", "FLOOR_LEVE": -9.99, "FLOOD_RISK": -9999, "GROUND_ELE": 105.18, "HEIGHT_AVE": 3.85, "NO_OF_GROU": 0, "NO_ABOVE_G": -9999, "SOURCE_OF_": 1, "ACCURACY_O": 0, "DATE_CAPTU": null, "CAPTURED_B": null, "DATE_LAST_": null, "UPDATED_BY": null, "MI_PRINX": 0.0, "LGA_CODE": "348", "LGA_NAME": "MONASH", "height": 0 }, "geometry": { "type": "MultiPolygon", "coordinates": [ [ [ [ 145.144675572831233, -37.89762102133313 ], [ 145.144670540748876, -37.897679507332818 ], [ 145.144645301159187, -37.897676316256145 ], [ 145.144643111096343, -37.897718719071399 ], [ 145.144624980662684, -37.897727443251831 ], [ 145.144528541880732, -37.897721417578424 ], [ 145.144523615353251, -37.897689804711881 ], [ 145.144449861618767, -37.897684136680361 ], [ 145.144463178629906, -37.897605688920308 ], [ 145.144675572831233, -37.89762102133313 ] ] ] ] } },
{ "type": "Feature", "properties": { "Join_Count": 1, "TARGET_FID": 665109, "BF_FID": 1668677, "PARCEL_VIE": "1477673", "LAND_USE_T": "Residential - R1Z", "FLOOR_LEVE": -9.99, "FLOOD_RISK": -9999, "GROUND_ELE": 103.58, "HEIGHT_AVE": 4.03, "NO_OF_GROU": 0, "NO_ABOVE_G": -9999, "SOURCE_OF_": 1, "ACCURACY_O": 0, "DATE_CAPTU": null, "CAPTURED_B": null, "DATE_LAST_": null, "UPDATED_BY": null, "MI_PRINX": 0.0, "LGA_CODE": "348", "LGA_NAME": "MONASH", "height": 0 }, "geometry": { "type": "MultiPolygon", "coordinates": [ [ [ [ 145.144564096819295, -37.898273573596057 ], [ 145.144553656798763, -37.898338281345993 ], [ 145.144399657337459, -37.898327743891414 ], [ 145.144407838946648, -37.898222275110186 ], [ 145.144479827979126, -37.898227284642104 ], [ 145.144477966758728, -37.898260322181564 ], [ 145.144565546136079, -37.898264406196581 ], [ 145.144564096819295, -37.898273573596057 ] ] ] ] } },
{ "type": "Feature", "properties": { "Join_Count": 1, "TARGET_FID": 665110, "BF_FID": 1668678, "PARCEL_VIE": "1477674", "LAND_USE_T": "Residential - R1Z", "FLOOR_LEVE": -9.99, "FLOOD_RISK": -9999, "GROUND_ELE": 103.39, "HEIGHT_AVE": 3.55, "NO_OF_GROU": 0, "NO_ABOVE_G": -9999, "SOURCE_OF_": 1, "ACCURACY_O": 0, "DATE_CAPTU": null, "CAPTURED_B": null, "DATE_LAST_": null, "UPDATED_BY": null, "MI_PRINX": 0.0, "LGA_CODE": "348", "LGA_NAME": "MONASH", "height": 0 }, "geometry": { "type": "MultiPolygon", "coordinates": [ [ [ [ 145.144528745537002, -37.898407896634431 ], [ 145.144515053207328, -37.898493816815758 ], [ 145.144374626724129, -37.898480520035051 ], [ 145.144390358885545, -37.898395533044216 ], [ 145.144528745537002, -37.898407896634431 ] ] ] ] } },
{ "type": "Feature", "properties": { "Join_Count": 1, "TARGET_FID": 665111, "BF_FID": 1668679, "PARCEL_VIE": "1477675", "LAND_USE_T": "Residential - R1Z", "FLOOR_LEVE": -9.99, "FLOOD_RISK": -9999, "GROUND_ELE": 103.93, "HEIGHT_AVE": 4.44, "NO_OF_GROU": 0, "NO_ABOVE_G": -9999, "SOURCE_OF_": 1, "ACCURACY_O": 0, "DATE_CAPTU": null, "CAPTURED_B": null, "DATE_LAST_": null, "UPDATED_BY": null, "MI_PRINX": 0.0, "LGA_CODE": "348", "LGA_NAME": "MONASH", "height": 0 }, "geometry": { "type": "MultiPolygon", "coordinates": [ [ [ [ 145.144406269315112, -37.898512554207628 ], [ 145.144451620445523, -37.898517774391969 ], [ 145.144462171425374, -37.898549475950432 ], [ 145.144484950418928, -37.898549835152316 ], [ 145.144494017676266, -37.898640619245718 ], [ 145.144239417432345, -37.898610475073966 ], [ 145.144248202384716, -37.898537001506689 ], [ 145.144348783883004, -37.898538677826132 ], [ 145.144360805094067, -37.898511837247895 ], [ 145.144406269315112, -37.898512554207628 ] ] ] ] } },
{ "type": "Feature", "properties": { "Join_Count": 1, "TARGET_FID": 665112, "BF_FID": 1668680, "PARCEL_VIE": "1477676", "LAND_USE_T": "Residential - R1Z", "FLOOR_LEVE": -9.99, "FLOOD_RISK": -9999, "GROUND_ELE": 104.04, "HEIGHT_AVE": 4.15, "NO_OF_GROU": 0, "NO_ABOVE_G": -9999, "SOURCE_OF_": 1, "ACCURACY_O": 0, "DATE_CAPTU": null, "CAPTURED_B": null, "DATE_LAST_": null, "UPDATED_BY": null, "MI_PRINX": 0.0, "LGA_CODE": "348", "LGA_NAME": "MONASH", "height": 0 }, "geometry": { "type": "MultiPolygon", "coordinates": [ [ [ [ 145.144430714456519, -37.898670615585516 ], [ 145.144445131197443, -37.898675347953088 ], [ 145.144444091975771, -37.89878020855614 ], [ 145.144325633755273, -37.898780863309888 ], [ 145.14431016549301, -37.89877692524923 ], [ 145.144314593742536, -37.898749964932854 ], [ 145.144308778739116, -37.898772398354268 ], [ 145.144218205581382, -37.898775474967067 ], [ 145.144225423305045, -37.898723330506392 ], [ 145.144281296153508, -37.898727815691345 ], [ 145.144282452069888, -37.898681792562421 ], [ 145.144430714456519, -37.898670615585516 ] ], [ [ 145.144315175548854, -37.898745469082883 ], [ 145.144315137094338, -37.898747000185026 ], [ 145.144315363030756, -37.898745472039536 ], [ 145.144315175548854, -37.898745469082883 ] ] ] ] } },
{ "type": "Feature", "properties": { "Join_Count": 1, "TARGET_FID": 665113, "BF_FID": 1668681, "PARCEL_VIE": "1477677", "LAND_USE_T": "Residential - R1Z", "FLOOR_LEVE": -9.99, "FLOOD_RISK": -9999, "GROUND_ELE": 103.91, "HEIGHT_AVE": 3.97, "NO_OF_GROU": 0, "NO_ABOVE_G": -9999, "SOURCE_OF_": 1, "ACCURACY_O": 0, "DATE_CAPTU": null, "CAPTURED_B": null, "DATE_LAST_": null, "UPDATED_BY": null, "MI_PRINX": 0.0, "LGA_CODE": "348", "LGA_NAME": "MONASH", "height": 0 }, "geometry": { "type": "MultiPolygon", "coordinates": [ [ [ [ 145.144336277455835, -37.898808872219753 ], [ 145.144340871442552, -37.898853724618654 ], [ 145.144450161998719, -37.898863376942721 ], [ 145.144439106793527, -37.898945103969147 ], [ 145.1442709255669, -37.898924161339231 ], [ 145.144291918584571, -37.898812677688333 ], [ 145.144336277455835, -37.898808872219753 ] ] ] ] } },
{ "type": "Feature", "properties": { "Join_Count": 1, "TARGET_FID": 665114, "BF_FID": 1668682, "PARCEL_VIE": "1477678", "LAND_USE_T": "Residential - R1Z", "FLOOR_LEVE": -9.99, "FLOOD_RISK": -9999, "GROUND_ELE": 104.11, "HEIGHT_AVE": 4.01, "NO_OF_GROU": 0, "NO_ABOVE_G": -9999, "SOURCE_OF_": 1, "ACCURACY_O": 0, "DATE_CAPTU": null, "CAPTURED_B": null, "DATE_LAST_": null, "UPDATED_BY": null, "MI_PRINX": 0.0, "LGA_CODE": "348", "LGA_NAME": "MONASH", "height": 0 }, "geometry": { "type": "MultiPolygon", "coordinates": [ [ [ [ 145.144281081920269, -37.898967840055029 ], [ 145.144326487606861, -37.898970898738405 ], [ 145.144325695894167, -37.899002421428733 ], [ 145.144385519145914, -37.899021384945712 ], [ 145.144382557528814, -37.899094499849362 ], [ 145.144225459808865, -37.899080309272662 ], [ 145.14422992182881, -37.898966132208884 ], [ 145.144281081920269, -37.898967840055029 ] ] ] ] } },
{ "type": "Feature", "properties": { "Join_Count": 1, "TARGET_FID": 665115, "BF_FID": 1668683, "PARCEL_VIE": "1477679", "LAND_USE_T": "Residential - R1Z", "FLOOR_LEVE": -9.99, "FLOOD_RISK": -9999, "GROUND_ELE": 104.24, "HEIGHT_AVE": 3.61, "NO_OF_GROU": 0, "NO_ABOVE_G": -9999, "SOURCE_OF_": 1, "ACCURACY_O": 0, "DATE_CAPTU": null, "CAPTURED_B": null, "DATE_LAST_": null, "UPDATED_BY": null, "MI_PRINX": 0.0, "LGA_CODE": "348", "LGA_NAME": "MONASH", "height": 0 }, "geometry": { "type": "MultiPolygon", "coordinates": [ [ [ [ 145.144373965201282, -37.89911923208777 ], [ 145.14436706947231, -37.899169759823948 ], [ 145.144253587257737, -37.899158960106163 ], [ 145.144240319443895, -37.899235426383626 ], [ 145.144167894679981, -37.899229058316131 ], [ 145.144165667093404, -37.899089998114711 ], [ 145.144374214020019, -37.899109324956477 ], [ 145.144373965201282, -37.89911923208777 ] ] ] ] } },
{ "type": "Feature", "properties": { "Join_Count": 1, "TARGET_FID": 665123, "BF_FID": 1668691, "PARCEL_VIE": "1477688", "LAND_USE_T": "Residential - R1Z", "FLOOR_LEVE": -9.99, "FLOOD_RISK": -9999, "GROUND_ELE": 108.07, "HEIGHT_AVE": 3.6, "NO_OF_GROU": 0, "NO_ABOVE_G": -9999, "SOURCE_OF_": 1, "ACCURACY_O": 0, "DATE_CAPTU": null, "CAPTURED_B": null, "DATE_LAST_": null, "UPDATED_BY": null, "MI_PRINX": 0.0, "LGA_CODE": "348", "LGA_NAME": "MONASH", "height": 0 }, "geometry": { "type": "MultiPolygon", "coordinates": [ [ [ [ 145.145174897421839, -37.897342283401358 ], [ 145.145216707206174, -37.897350330679942 ], [ 145.145205199587366, -37.897461333350989 ], [ 145.145121096244395, -37.897457034313852 ], [ 145.145123690010365, -37.897428423230494 ], [ 145.145101848747402, -37.897428078937793 ], [ 145.145104857314664, -37.897386680117627 ], [ 145.145092470164855, -37.89738702545575 ], [ 145.145095095955298, -37.897342196781381 ], [ 145.145174897421839, -37.897342283401358 ] ] ] ] } },
{ "type": "Feature", "properties": { "Join_Count": 1, "TARGET_FID": 665124, "BF_FID": 1668692, "PARCEL_VIE": "1477690", "LAND_USE_T": "Residential - R1Z", "FLOOR_LEVE": -9.99, "FLOOD_RISK": -9999, "GROUND_ELE": 106.72, "HEIGHT_AVE": 3.98, "NO_OF_GROU": 0, "NO_ABOVE_G": -9999, "SOURCE_OF_": 1, "ACCURACY_O": 0, "DATE_CAPTU": null, "CAPTURED_B": null, "DATE_LAST_": null, "UPDATED_BY": null, "MI_PRINX": 0.0, "LGA_CODE": "348", "LGA_NAME": "MONASH", "height": 0 }, "geometry": { "type": "MultiPolygon", "coordinates": [ [ [ [ 145.145169326582135, -37.897709895864878 ], [ 145.145199588502351, -37.897718481926347 ], [ 145.145181171341761, -37.897772251938797 ], [ 145.145008980832159, -37.897754220506016 ], [ 145.145013727756861, -37.897707082661121 ], [ 145.145075161160321, -37.897706699590948 ], [ 145.145087464955452, -37.897653644131161 ], [ 145.145160760289343, -37.897655159912638 ], [ 145.145154524755498, -37.89770930214118 ], [ 145.145169326582135, -37.897709895864878 ] ] ] ] } },
{ "type": "Feature", "properties": { "Join_Count": 1, "TARGET_FID": 665125, "BF_FID": 1668693, "PARCEL_VIE": "1477691", "LAND_USE_T": "Residential - R1Z", "FLOOR_LEVE": -9.99, "FLOOD_RISK": -9999, "GROUND_ELE": 106.13, "HEIGHT_AVE": 3.82, "NO_OF_GROU": 0, "NO_ABOVE_G": -9999, "SOURCE_OF_": 1, "ACCURACY_O": 0, "DATE_CAPTU": null, "CAPTURED_B": null, "DATE_LAST_": null, "UPDATED_BY": null, "MI_PRINX": 0.0, "LGA_CODE": "348", "LGA_NAME": "MONASH", "height": 0 }, "geometry": { "type": "MultiPolygon", "coordinates": [ [ [ [ 145.145106739161662, -37.897793603782539 ], [ 145.145140653658189, -37.897798643415534 ], [ 145.145143752602621, -37.897850770370475 ], [ 145.145207426668634, -37.897858261298467 ], [ 145.145199945048603, -37.897928421780264 ], [ 145.145001300193599, -37.897914478363433 ], [ 145.145002338049551, -37.897873138583165 ], [ 145.145027654601819, -37.897873267379282 ], [ 145.145032213200409, -37.897814954100248 ], [ 145.145055557237868, -37.897792796964737 ], [ 145.145106739161662, -37.897793603782539 ] ] ] ] } },
{ "type": "Feature", "properties": { "Join_Count": 1, "TARGET_FID": 665126, "BF_FID": 1668694, "PARCEL_VIE": "1477692", "LAND_USE_T": "Residential - R1Z", "FLOOR_LEVE": -9.99, "FLOOD_RISK": -9999, "GROUND_ELE": 105.5, "HEIGHT_AVE": 3.81, "NO_OF_GROU": 0, "NO_ABOVE_G": -9999, "SOURCE_OF_": 1, "ACCURACY_O": 0, "DATE_CAPTU": null, "CAPTURED_B": null, "DATE_LAST_": null, "UPDATED_BY": null, "MI_PRINX": 0.0, "LGA_CODE": "348", "LGA_NAME": "MONASH", "height": 0 }, "geometry": { "type": "MultiPolygon", "coordinates": [ [ [ [ 145.145134307586261, -37.897939370506208 ], [ 145.145126300479319, -37.898019253555049 ], [ 145.14513658167607, -37.89796085027875 ], [ 145.145199332348284, -37.897952829365501 ], [ 145.145202789601797, -37.89804298438839 ], [ 145.145179671617228, -37.898056135062589 ], [ 145.145122865102195, -37.898055239612106 ], [ 145.145123244948309, -37.898040108711498 ], [ 145.145032273056131, -37.898036692438311 ], [ 145.145033001892273, -37.897977778184519 ], [ 145.145003380046745, -37.897977311217261 ], [ 145.14500616504634, -37.897937350487915 ], [ 145.145134307586261, -37.897939370506208 ] ] ] ] } },
{ "type": "Feature", "properties": { "Join_Count": 1, "TARGET_FID": 665127, "BF_FID": 1668695, "PARCEL_VIE": "1477695", "LAND_USE_T": "Residential - R1Z", "FLOOR_LEVE": -9.99, "FLOOD_RISK": -9999, "GROUND_ELE": 102.35, "HEIGHT_AVE": 3.77, "NO_OF_GROU": 0, "NO_ABOVE_G": -9999, "SOURCE_OF_": 1, "ACCURACY_O": 0, "DATE_CAPTU": null, "CAPTURED_B": null, "DATE_LAST_": null, "UPDATED_BY": null, "MI_PRINX": 0.0, "LGA_CODE": "348", "LGA_NAME": "MONASH", "height": 0 }, "geometry": { "type": "MultiPolygon", "coordinates": [ [ [ [ 145.144960956239657, -37.898621221543102 ], [ 145.144961585544223, -37.89869700599715 ], [ 145.144987651076065, -37.898700930833968 ], [ 145.144981111460368, -37.898755969253834 ], [ 145.144880149116943, -37.898750773548052 ], [ 145.144896681058185, -37.898682467691586 ], [ 145.144851779165379, -37.898681759785966 ], [ 145.144854438498868, -37.898616929342516 ], [ 145.144960956239657, -37.898621221543102 ] ] ] ] } },
{ "type": "Feature", "properties": { "Join_Count": 1, "TARGET_FID": 665128, "BF_FID": 1668696, "PARCEL_VIE": "1477696", "LAND_USE_T": "Residential - R1Z", "FLOOR_LEVE": -9.99, "FLOOD_RISK": -9999, "GROUND_ELE": 101.85, "HEIGHT_AVE": 4.88, "NO_OF_GROU": 0, "NO_ABOVE_G": -9999, "SOURCE_OF_": 1, "ACCURACY_O": 0, "DATE_CAPTU": null, "CAPTURED_B": null, "DATE_LAST_": null, "UPDATED_BY": null, "MI_PRINX": 0.0, "LGA_CODE": "348", "LGA_NAME": "MONASH", "height": 0 }, "geometry": { "type": "MultiPolygon", "coordinates": [ [ [ [ 145.145066467530057, -37.898942020889592 ], [ 145.144966517785861, -37.898945040364595 ], [ 145.144796689883947, -37.898840279051498 ], [ 145.144846475921923, -37.898784661061846 ], [ 145.145008926977312, -37.898869483898523 ], [ 145.145075564404323, -37.898874769108694 ], [ 145.145066467530057, -37.898942020889592 ] ] ] ] } },
{ "type": "Feature", "properties": { "Join_Count": 1, "TARGET_FID": 665130, "BF_FID": 1668698, "PARCEL_VIE": "1477706", "LAND_USE_T": "Residential - R1Z", "FLOOR_LEVE": -9.99, "FLOOD_RISK": -9999, "GROUND_ELE": 106.21, "HEIGHT_AVE": 3.65, "NO_OF_GROU": 0, "NO_ABOVE_G": -9999, "SOURCE_OF_": 1, "ACCURACY_O": 0, "DATE_CAPTU": null, "CAPTURED_B": null, "DATE_LAST_": null, "UPDATED_BY": null, "MI_PRINX": 0.0, "LGA_CODE": "348", "LGA_NAME": "MONASH", "height": 0 }, "geometry": { "type": "MultiPolygon", "coordinates": [ [ [ [ 145.145502119708652, -37.898349629135723 ], [ 145.14557962568432, -37.898377700578578 ], [ 145.145564038271544, -37.898404665285604 ], [ 145.145589083621701, -37.898423080095476 ], [ 145.145521168776213, -37.898498595218463 ], [ 145.14542118543929, -37.898461880226442 ], [ 145.145487496188395, -37.898349398664884 ], [ 145.145502119708652, -37.898349629135723 ] ] ] ] } },
{ "type": "Feature", "properties": { "Join_Count": 1, "TARGET_FID": 665131, "BF_FID": 1668699, "PARCEL_VIE": "1477707", "LAND_USE_T": "Residential - R1Z", "FLOOR_LEVE": -9.99, "FLOOD_RISK": -9999, "GROUND_ELE": 105.65, "HEIGHT_AVE": 3.87, "NO_OF_GROU": 0, "NO_ABOVE_G": -9999, "SOURCE_OF_": 1, "ACCURACY_O": 0, "DATE_CAPTU": null, "CAPTURED_B": null, "DATE_LAST_": null, "UPDATED_BY": null, "MI_PRINX": 0.0, "LGA_CODE": "348", "LGA_NAME": "MONASH", "height": 0 }, "geometry": { "type": "MultiPolygon", "coordinates": [ [ [ [ 145.145389184415734, -37.898320819038737 ], [ 145.145389442051339, -37.898422636691905 ], [ 145.145239094827133, -37.898408553876763 ], [ 145.145240884222346, -37.898341006690181 ], [ 145.145343155101472, -37.89834261868458 ], [ 145.145349344715441, -37.89832019111136 ], [ 145.145389184415734, -37.898320819038737 ] ] ] ] } },
{ "type": "Feature", "properties": { "Join_Count": 1, "TARGET_FID": 665132, "BF_FID": 1668700, "PARCEL_VIE": "1477708", "LAND_USE_T": "Residential - R1Z", "FLOOR_LEVE": -9.99, "FLOOD_RISK": -9999, "GROUND_ELE": 102.79, "HEIGHT_AVE": 5.31, "NO_OF_GROU": 0, "NO_ABOVE_G": -9999, "SOURCE_OF_": 1, "ACCURACY_O": 0, "DATE_CAPTU": null, "CAPTURED_B": null, "DATE_LAST_": null, "UPDATED_BY": null, "MI_PRINX": 0.0, "LGA_CODE": "348", "LGA_NAME": "MONASH", "height": 0 }, "geometry": { "type": "MultiPolygon", "coordinates": [ [ [ [ 145.1451726766673, -37.898790524248163 ], [ 145.145234975862451, -37.898800516310793 ], [ 145.145220114134816, -37.898936784331887 ], [ 145.145121343930498, -37.898922703433854 ], [ 145.145131684509522, -37.898798437627129 ], [ 145.1451726766673, -37.898790524248163 ] ] ] ] } },
{ "type": "Feature", "properties": { "Join_Count": 1, "TARGET_FID": 665133, "BF_FID": 1668701, "PARCEL_VIE": "1477709", "LAND_USE_T": "Residential - R1Z", "FLOOR_LEVE": -9.99, "FLOOD_RISK": -9999, "GROUND_ELE": 104.45, "HEIGHT_AVE": 3.95, "NO_OF_GROU": 0, "NO_ABOVE_G": -9999, "SOURCE_OF_": 1, "ACCURACY_O": 0, "DATE_CAPTU": null, "CAPTURED_B": null, "DATE_LAST_": null, "UPDATED_BY": null, "MI_PRINX": 0.0, "LGA_CODE": "348", "LGA_NAME": "MONASH", "height": 0 }, "geometry": { "type": "MultiPolygon", "coordinates": [ [ [ [ 145.145478668467717, -37.89882066547068 ], [ 145.145471039577274, -37.898919115202702 ], [ 145.1453513828111, -37.898918941193443 ], [ 145.145352773111853, -37.898814987110029 ], [ 145.145478668467717, -37.89882066547068 ] ] ] ] } },
{ "type": "Feature", "properties": { "Join_Count": 1, "TARGET_FID": 665146, "BF_FID": 1668714, "PARCEL_VIE": "1477723", "LAND_USE_T": "Residential - R1Z", "FLOOR_LEVE": -9.99, "FLOOD_RISK": -9999, "GROUND_ELE": 111.62, "HEIGHT_AVE": 3.91, "NO_OF_GROU": 0, "NO_ABOVE_G": -9999, "SOURCE_OF_": 1, "ACCURACY_O": 0, "DATE_CAPTU": null, "CAPTURED_B": null, "DATE_LAST_": null, "UPDATED_BY": null, "MI_PRINX": 0.0, "LGA_CODE": "348", "LGA_NAME": "MONASH", "height": 0 }, "geometry": { "type": "MultiPolygon", "coordinates": [ [ [ [ 145.146479537799138, -37.898171223140082 ], [ 145.146373813198693, -37.898041885264995 ], [ 145.146452363181652, -37.898005911094245 ], [ 145.146542577836868, -37.898129238164117 ], [ 145.146542191502249, -37.898144639271528 ], [ 145.146479537799138, -37.898171223140082 ] ] ] ] } },
{ "type": "Feature", "properties": { "Join_Count": 1, "TARGET_FID": 665147, "BF_FID": 1668715, "PARCEL_VIE": "1477724", "LAND_USE_T": "Residential - R1Z", "FLOOR_LEVE": -9.99, "FLOOD_RISK": -9999, "GROUND_ELE": 110.86, "HEIGHT_AVE": 4.25, "NO_OF_GROU": 0, "NO_ABOVE_G": -9999, "SOURCE_OF_": 1, "ACCURACY_O": 0, "DATE_CAPTU": null, "CAPTURED_B": null, "DATE_LAST_": null, "UPDATED_BY": null, "MI_PRINX": 0.0, "LGA_CODE": "348", "LGA_NAME": "MONASH", "height": 0 }, "geometry": { "type": "MultiPolygon", "coordinates": [ [ [ [ 145.146247271508059, -37.898080707359576 ], [ 145.146350210260067, -37.898137921029225 ], [ 145.146336575968206, -37.8981580689696 ], [ 145.146465378209683, -37.898216050369179 ], [ 145.146410736021267, -37.898297091021895 ], [ 145.14635693251131, -37.898277412458064 ], [ 145.146370665193245, -37.89824212917533 ], [ 145.146332951129523, -37.898231533906667 ], [ 145.146315991807285, -37.898257125597212 ], [ 145.146228274802212, -37.898221145127152 ], [ 145.146275256245076, -37.898157643581158 ], [ 145.146213171214924, -37.898112966739824 ], [ 145.14622528542094, -37.898086127426545 ], [ 145.146247271508059, -37.898080707359576 ] ] ] ] } },
{ "type": "Feature", "properties": { "Join_Count": 1, "TARGET_FID": 665148, "BF_FID": 1668716, "PARCEL_VIE": "1477727", "LAND_USE_T": "Residential - R1Z", "FLOOR_LEVE": -9.99, "FLOOD_RISK": -9999, "GROUND_ELE": 109.49, "HEIGHT_AVE": 3.61, "NO_OF_GROU": 0, "NO_ABOVE_G": -9999, "SOURCE_OF_": 1, "ACCURACY_O": 0, "DATE_CAPTU": null, "CAPTURED_B": null, "DATE_LAST_": null, "UPDATED_BY": null, "MI_PRINX": 0.0, "LGA_CODE": "348", "LGA_NAME": "MONASH", "height": 0 }, "geometry": { "type": "MultiPolygon", "coordinates": [ [ [ [ 145.146277615094675, -37.898717745664968 ], [ 145.146277260331658, -37.898731885859469 ], [ 145.146201814613818, -37.898730066583681 ], [ 145.146211937499515, -37.898618141002423 ], [ 145.146349257717759, -37.898624448920032 ], [ 145.146346632609408, -37.898669277631789 ], [ 145.146312979603238, -37.898668747488344 ], [ 145.146306131605115, -37.89871368987486 ], [ 145.146277615094675, -37.898717745664968 ] ] ] ] } },
{ "type": "Feature", "properties": { "Join_Count": 1, "TARGET_FID": 665158, "BF_FID": 1668726, "PARCEL_VIE": "1477740", "LAND_USE_T": "Residential - R1Z", "FLOOR_LEVE": -9.99, "FLOOD_RISK": -9999, "GROUND_ELE": 111.85, "HEIGHT_AVE": 5.78, "NO_OF_GROU": 0, "NO_ABOVE_G": -9999, "SOURCE_OF_": 1, "ACCURACY_O": 0, "DATE_CAPTU": null, "CAPTURED_B": null, "DATE_LAST_": null, "UPDATED_BY": null, "MI_PRINX": 0.0, "LGA_CODE": "348", "LGA_NAME": "MONASH", "height": 0 }, "geometry": { "type": "MultiPolygon", "coordinates": [ [ [ [ 145.14686533449796, -37.898410659941717 ], [ 145.146887769004735, -37.898421014412712 ], [ 145.146904109160943, -37.89860705906024 ], [ 145.146776366252084, -37.898615228613679 ], [ 145.146756623415143, -37.898471387514746 ], [ 145.146801303876117, -37.898465964367524 ], [ 145.146795164511815, -37.898419105496529 ], [ 145.14686533449796, -37.898410659941717 ] ] ] ] } },
{ "type": "Feature", "properties": { "Join_Count": 1, "TARGET_FID": 665159, "BF_FID": 1668727, "PARCEL_VIE": "1477741", "LAND_USE_T": "Residential - R1Z", "FLOOR_LEVE": -9.99, "FLOOD_RISK": -9999, "GROUND_ELE": 110.87, "HEIGHT_AVE": 4.66, "NO_OF_GROU": 0, "NO_ABOVE_G": -9999, "SOURCE_OF_": 1, "ACCURACY_O": 0, "DATE_CAPTU": null, "CAPTURED_B": null, "DATE_LAST_": null, "UPDATED_BY": null, "MI_PRINX": 0.0, "LGA_CODE": "348", "LGA_NAME": "MONASH", "height": 0 }, "geometry": { "type": "MultiPolygon", "coordinates": [ [ [ [ 145.146872731803597, -37.898736399791538 ], [ 145.14687229351162, -37.898813699150224 ], [ 145.146690458233451, -37.898809934347192 ], [ 145.146690797104441, -37.898796424604249 ], [ 145.146668018006437, -37.89879606582727 ], [ 145.146683351131344, -37.898730624038407 ], [ 145.146872731803597, -37.898736399791538 ] ] ] ] } },
{ "type": "Feature", "properties": { "Join_Count": 1, "TARGET_FID": 665160, "BF_FID": 1668728, "PARCEL_VIE": "1477742", "LAND_USE_T": "Residential - R1Z", "FLOOR_LEVE": -9.99, "FLOOD_RISK": -9999, "GROUND_ELE": 110.67, "HEIGHT_AVE": 3.31, "NO_OF_GROU": 0, "NO_ABOVE_G": -9999, "SOURCE_OF_": 1, "ACCURACY_O": 0, "DATE_CAPTU": null, "CAPTURED_B": null, "DATE_LAST_": null, "UPDATED_BY": null, "MI_PRINX": 0.0, "LGA_CODE": "348", "LGA_NAME": "MONASH", "height": 0 }, "geometry": { "type": "MultiPolygon", "coordinates": [ [ [ [ 145.146821535426653, -37.898848309279494 ], [ 145.146812305737427, -37.898917180930134 ], [ 145.146835846099947, -37.898917101165985 ], [ 145.146830675587694, -37.898951257938904 ], [ 145.146726645285838, -37.898948718513701 ], [ 145.146727397568242, -37.898918726884403 ], [ 145.146671178840535, -37.898898109415988 ], [ 145.146678457022716, -37.898832270458982 ], [ 145.146812439161295, -37.898837083655522 ], [ 145.146821535426653, -37.898848309279494 ] ] ] ] } },
{ "type": "Feature", "properties": { "Join_Count": 1, "TARGET_FID": 665161, "BF_FID": 1668729, "PARCEL_VIE": "1477743", "LAND_USE_T": "Residential - R1Z", "FLOOR_LEVE": -9.99, "FLOOD_RISK": -9999, "GROUND_ELE": 109.89, "HEIGHT_AVE": 3.57, "NO_OF_GROU": 0, "NO_ABOVE_G": -9999, "SOURCE_OF_": 1, "ACCURACY_O": 0, "DATE_CAPTU": null, "CAPTURED_B": null, "DATE_LAST_": null, "UPDATED_BY": null, "MI_PRINX": 0.0, "LGA_CODE": "348", "LGA_NAME": "MONASH", "height": 0 }, "geometry": { "type": "MultiPolygon", "coordinates": [ [ [ [ 145.146635367025596, -37.898987375592363 ], [ 145.146799461881841, -37.898995546315263 ], [ 145.146785952751117, -37.899081739966384 ], [ 145.146768891796086, -37.899081471265262 ], [ 145.146768439982424, -37.899099484255778 ], [ 145.146694571656155, -37.899098320839244 ], [ 145.146695023487808, -37.899080307849488 ], [ 145.146655409269215, -37.89907067385878 ], [ 145.146655974070057, -37.899048157621955 ], [ 145.146626714325237, -37.899044453143453 ], [ 145.146635367025596, -37.898987375592363 ] ] ] ] } },
{ "type": "Feature", "properties": { "Join_Count": 1, "TARGET_FID": 665171, "BF_FID": 1668739, "PARCEL_VIE": "1477754", "LAND_USE_T": "Residential - R1Z", "FLOOR_LEVE": -9.99, "FLOOD_RISK": -9999, "GROUND_ELE": 111.29, "HEIGHT_AVE": 6.1, "NO_OF_GROU": 0, "NO_ABOVE_G": -9999, "SOURCE_OF_": 1, "ACCURACY_O": 0, "DATE_CAPTU": null, "CAPTURED_B": null, "DATE_LAST_": null, "UPDATED_BY": null, "MI_PRINX": 0.0, "LGA_CODE": "348", "LGA_NAME": "MONASH", "height": 0 }, "geometry": { "type": "MultiPolygon", "coordinates": [ [ [ [ 145.147456419314182, -37.898922908486128 ], [ 145.147452442230815, -37.899029164511745 ], [ 145.147292033545199, -37.899008618863576 ], [ 145.147294459086652, -37.898911889073666 ], [ 145.147456419314182, -37.898922908486128 ] ] ] ] } },
{ "type": "Feature", "properties": { "Join_Count": 1, "TARGET_FID": 665172, "BF_FID": 1668740, "PARCEL_VIE": "1477755", "LAND_USE_T": "Residential - R1Z", "FLOOR_LEVE": -9.99, "FLOOD_RISK": -9999, "GROUND_ELE": 110.65, "HEIGHT_AVE": 3.38, "NO_OF_GROU": 0, "NO_ABOVE_G": -9999, "SOURCE_OF_": 1, "ACCURACY_O": 0, "DATE_CAPTU": null, "CAPTURED_B": null, "DATE_LAST_": null, "UPDATED_BY": null, "MI_PRINX": 0.0, "LGA_CODE": "348", "LGA_NAME": "MONASH", "height": 0 }, "geometry": { "type": "MultiPolygon", "coordinates": [ [ [ [ 145.147343736187338, -37.899063493238906 ], [ 145.147389087909033, -37.899068712304519 ], [ 145.14738133718609, -37.899149680760168 ], [ 145.147307468784021, -37.899148517726964 ], [ 145.147289843198934, -37.899170765345552 ], [ 145.147244604348174, -37.899161042991523 ], [ 145.147232264464549, -37.899196888907646 ], [ 145.14715856089947, -37.899189151036794 ], [ 145.147165017700985, -37.899159789831856 ], [ 145.147120578498431, -37.899148097809963 ], [ 145.147133380237392, -37.899060181068243 ], [ 145.147246749912995, -37.899075481263893 ], [ 145.147343736187338, -37.899063493238906 ] ] ] ] } },
{ "type": "Feature", "properties": { "Join_Count": 1, "TARGET_FID": 665180, "BF_FID": 1668748, "PARCEL_VIE": "1477764", "LAND_USE_T": "Residential - R1Z", "FLOOR_LEVE": -9.99, "FLOOD_RISK": -9999, "GROUND_ELE": 110.11, "HEIGHT_AVE": 5.77, "NO_OF_GROU": 0, "NO_ABOVE_G": -9999, "SOURCE_OF_": 1, "ACCURACY_O": 0, "DATE_CAPTU": null, "CAPTURED_B": null, "DATE_LAST_": null, "UPDATED_BY": null, "MI_PRINX": 0.0, "LGA_CODE": "348", "LGA_NAME": "MONASH", "height": 0 }, "geometry": { "type": "MultiPolygon", "coordinates": [ [ [ [ 145.148007736335074, -37.899113950463111 ], [ 145.147914761515182, -37.899194118188127 ], [ 145.147764050808348, -37.899085967893832 ], [ 145.147863917268694, -37.899000232428698 ], [ 145.148007736335074, -37.899113950463111 ] ] ] ] } },
{ "type": "Feature", "properties": { "Join_Count": 1, "TARGET_FID": 665942, "BF_FID": 1669587, "PARCEL_VIE": "1478915", "LAND_USE_T": "Residential - R1Z", "FLOOR_LEVE": -9.99, "FLOOD_RISK": -9999, "GROUND_ELE": 121.32, "HEIGHT_AVE": 3.72, "NO_OF_GROU": 0, "NO_ABOVE_G": -9999, "SOURCE_OF_": 1, "ACCURACY_O": 0, "DATE_CAPTU": null, "CAPTURED_B": null, "DATE_LAST_": null, "UPDATED_BY": null, "MI_PRINX": 0.0, "LGA_CODE": "348", "LGA_NAME": "MONASH", "height": 0 }, "geometry": { "type": "MultiPolygon", "coordinates": [ [ [ [ 145.149202991213912, -37.890253610438052 ], [ 145.149352113803559, -37.890308484389173 ], [ 145.149337837289039, -37.890335650478626 ], [ 145.149311646584977, -37.890325597814332 ], [ 145.149297757515086, -37.890356013616497 ], [ 145.149276142828256, -37.890350447844035 ], [ 145.149268529631598, -37.890362401602395 ], [ 145.149200740334436, -37.890343495518991 ], [ 145.149188619299366, -37.890363217133562 ], [ 145.149148086573604, -37.890349244736086 ], [ 145.149202991213912, -37.890253610438052 ] ] ] ] } },
{ "type": "Feature", "properties": { "Join_Count": 1, "TARGET_FID": 665946, "BF_FID": 1669591, "PARCEL_VIE": "1478922", "LAND_USE_T": "Residential - R1Z", "FLOOR_LEVE": -9.99, "FLOOD_RISK": -9999, "GROUND_ELE": 120.29, "HEIGHT_AVE": 3.99, "NO_OF_GROU": 0, "NO_ABOVE_G": -9999, "SOURCE_OF_": 1, "ACCURACY_O": 0, "DATE_CAPTU": null, "CAPTURED_B": null, "DATE_LAST_": null, "UPDATED_BY": null, "MI_PRINX": 0.0, "LGA_CODE": "348", "LGA_NAME": "MONASH", "height": 0 }, "geometry": { "type": "MultiPolygon", "coordinates": [ [ [ [ 145.148221604464169, -37.891489309258922 ], [ 145.148234332909482, -37.891494014587728 ], [ 145.148216379113961, -37.891645461565069 ], [ 145.148110141015053, -37.891641627315522 ], [ 145.148109519966596, -37.891587827453066 ], [ 145.148065559622182, -37.89158713563566 ], [ 145.148078942606361, -37.891509589386807 ], [ 145.148158010572104, -37.891508761366929 ], [ 145.148159628533989, -37.891492839012585 ], [ 145.148221604464169, -37.891489309258922 ] ] ] ] } },
{ "type": "Feature", "properties": { "Join_Count": 1, "TARGET_FID": 665947, "BF_FID": 1669592, "PARCEL_VIE": "1478923", "LAND_USE_T": "Residential - R1Z", "FLOOR_LEVE": -9.99, "FLOOD_RISK": -9999, "GROUND_ELE": 120.94, "HEIGHT_AVE": 3.05, "NO_OF_GROU": 0, "NO_ABOVE_G": -9999, "SOURCE_OF_": 1, "ACCURACY_O": 0, "DATE_CAPTU": null, "CAPTURED_B": null, "DATE_LAST_": null, "UPDATED_BY": null, "MI_PRINX": 0.0, "LGA_CODE": "348", "LGA_NAME": "MONASH", "height": 0 }, "geometry": { "type": "MultiPolygon", "coordinates": [ [ [ [ 145.149646460727325, -37.891813649730274 ], [ 145.149644169210006, -37.891837760677241 ], [ 145.14961157285839, -37.89183634711766 ], [ 145.149598740652294, -37.891895701879236 ], [ 145.149502014160049, -37.891890216434703 ], [ 145.149535782273972, -37.891676307856422 ], [ 145.149605014341006, -37.891678838121209 ], [ 145.14959390278554, -37.89175560936912 ], [ 145.149651526924174, -37.89176111060101 ], [ 145.149646460727325, -37.891813649730274 ] ] ] ] } },
{ "type": "Feature", "properties": { "Join_Count": 1, "TARGET_FID": 665948, "BF_FID": 1669593, "PARCEL_VIE": "1478924", "LAND_USE_T": "Residential - R1Z", "FLOOR_LEVE": -9.99, "FLOOD_RISK": -9999, "GROUND_ELE": 120.5, "HEIGHT_AVE": 3.57, "NO_OF_GROU": 0, "NO_ABOVE_G": -9999, "SOURCE_OF_": 1, "ACCURACY_O": 0, "DATE_CAPTU": null, "CAPTURED_B": null, "DATE_LAST_": null, "UPDATED_BY": null, "MI_PRINX": 0.0, "LGA_CODE": "348", "LGA_NAME": "MONASH", "height": 0 }, "geometry": { "type": "MultiPolygon", "coordinates": [ [ [ [ 145.148647788647565, -37.892406211789485 ], [ 145.148658281818257, -37.89243277636411 ], [ 145.14868883883517, -37.892433257100528 ], [ 145.148686856886542, -37.892474942519556 ], [ 145.14857607529845, -37.892465270757889 ], [ 145.148574316279905, -37.892483083010582 ], [ 145.148451951178544, -37.892467912946678 ], [ 145.148463161621862, -37.892409704117206 ], [ 145.148619049064052, -37.892419274733093 ], [ 145.148619387504795, -37.892405764960692 ], [ 145.148647788647565, -37.892406211789485 ] ] ] ] } },
{ "type": "Feature", "properties": { "Join_Count": 1, "TARGET_FID": 665950, "BF_FID": 1669595, "PARCEL_VIE": "1478926", "LAND_USE_T": "Residential - R1Z", "FLOOR_LEVE": -9.99, "FLOOD_RISK": -9999, "GROUND_ELE": 119.4, "HEIGHT_AVE": 3.4, "NO_OF_GROU": 0, "NO_ABOVE_G": -9999, "SOURCE_OF_": 1, "ACCURACY_O": 0, "DATE_CAPTU": null, "CAPTURED_B": null, "DATE_LAST_": null, "UPDATED_BY": null, "MI_PRINX": 0.0, "LGA_CODE": "348", "LGA_NAME": "MONASH", "height": 0 }, "geometry": { "type": "MultiPolygon", "coordinates": [ [ [ [ 145.147353139366487, -37.8934372205782 ], [ 145.147341096702775, -37.893498659801814 ], [ 145.147267366015598, -37.893488488907416 ], [ 145.147285331135805, -37.893452641411777 ], [ 145.147287702010289, -37.89335807309233 ], [ 145.147419253087065, -37.893369694870707 ], [ 145.147415582272515, -37.893437572946269 ], [ 145.147353139366487, -37.8934372205782 ] ] ] ] } },
{ "type": "Feature", "properties": { "Join_Count": 1, "TARGET_FID": 665951, "BF_FID": 1669596, "PARCEL_VIE": "1478928", "LAND_USE_T": "Residential - R1Z", "FLOOR_LEVE": -9.99, "FLOOD_RISK": -9999, "GROUND_ELE": 112.76, "HEIGHT_AVE": 3.76, "NO_OF_GROU": 0, "NO_ABOVE_G": -9999, "SOURCE_OF_": 1, "ACCURACY_O": 0, "DATE_CAPTU": null, "CAPTURED_B": null, "DATE_LAST_": null, "UPDATED_BY": null, "MI_PRINX": 0.0, "LGA_CODE": "348", "LGA_NAME": "MONASH", "height": 0 }, "geometry": { "type": "MultiPolygon", "coordinates": [ [ [ [ 145.146101427714683, -37.896691131547477 ], [ 145.146052482378877, -37.896821727017638 ], [ 145.145995508559935, -37.896816324334758 ], [ 145.145996073516017, -37.896793808097712 ], [ 145.145980700390936, -37.896793565880721 ], [ 145.146004616331084, -37.896681317003136 ], [ 145.146101427714683, -37.896691131547477 ] ] ] ] } },
{ "type": "Feature", "properties": { "Join_Count": 1, "TARGET_FID": 665952, "BF_FID": 1669597, "PARCEL_VIE": "1478929", "LAND_USE_T": "Residential - R1Z", "FLOOR_LEVE": -9.99, "FLOOD_RISK": -9999, "GROUND_ELE": 112.37, "HEIGHT_AVE": 4.11, "NO_OF_GROU": 0, "NO_ABOVE_G": -9999, "SOURCE_OF_": 1, "ACCURACY_O": 0, "DATE_CAPTU": null, "CAPTURED_B": null, "DATE_LAST_": null, "UPDATED_BY": null, "MI_PRINX": 0.0, "LGA_CODE": "348", "LGA_NAME": "MONASH", "height": 0 }, "geometry": { "type": "MultiPolygon", "coordinates": [ [ [ [ 145.147559105490842, -37.898634941944572 ], [ 145.147570002215957, -37.898656647519665 ], [ 145.147540347704904, -37.898706096377644 ], [ 145.147483422033503, -37.898706191292618 ], [ 145.147326579408286, -37.898651914135392 ], [ 145.147371611892765, -37.89857261386701 ], [ 145.147559105490842, -37.898634941944572 ] ] ] ] } },
{ "type": "Feature", "properties": { "Join_Count": 1, "TARGET_FID": 665954, "BF_FID": 1669599, "PARCEL_VIE": "1478932", "LAND_USE_T": "Residential - R1Z", "FLOOR_LEVE": -9.99, "FLOOD_RISK": -9999, "GROUND_ELE": 105.67, "HEIGHT_AVE": 3.92, "NO_OF_GROU": 0, "NO_ABOVE_G": -9999, "SOURCE_OF_": 1, "ACCURACY_O": 0, "DATE_CAPTU": null, "CAPTURED_B": null, "DATE_LAST_": null, "UPDATED_BY": null, "MI_PRINX": 0.0, "LGA_CODE": "348", "LGA_NAME": "MONASH", "height": 0 }, "geometry": { "type": "MultiPolygon", "coordinates": [ [ [ [ 145.145679635955673, -37.898753374035877 ], [ 145.145694125003132, -37.898762702517324 ], [ 145.145678987847162, -37.898939871901966 ], [ 145.145572841223157, -37.898931982174943 ], [ 145.145564550232507, -37.898810215809505 ], [ 145.145621696408455, -37.898797601327125 ], [ 145.14562282888869, -37.898752478812767 ], [ 145.145679635955673, -37.898753374035877 ] ] ] ] } },
{ "type": "Feature", "properties": { "Join_Count": 1, "TARGET_FID": 665955, "BF_FID": 1669600, "PARCEL_VIE": "1478933", "LAND_USE_T": "Residential - R1Z", "FLOOR_LEVE": -9.99, "FLOOD_RISK": -9999, "GROUND_ELE": 111.79, "HEIGHT_AVE": 5.81, "NO_OF_GROU": 0, "NO_ABOVE_G": -9999, "SOURCE_OF_": 1, "ACCURACY_O": 0, "DATE_CAPTU": null, "CAPTURED_B": null, "DATE_LAST_": null, "UPDATED_BY": null, "MI_PRINX": 0.0, "LGA_CODE": "348", "LGA_NAME": "MONASH", "height": 0 }, "geometry": { "type": "MultiPolygon", "coordinates": [ [ [ [ 145.147408422682872, -37.898750150895332 ], [ 145.147401600180018, -37.898794102647315 ], [ 145.147499389309303, -37.898813662320364 ], [ 145.147502430064833, -37.898864436798426 ], [ 145.147335781783283, -37.898857127861383 ], [ 145.147338461652907, -37.898813831694127 ], [ 145.147306075735031, -37.898807645449935 ], [ 145.14730943542861, -37.898744718068528 ], [ 145.147408422682872, -37.898750150895332 ] ] ] ] } },
{ "type": "Feature", "properties": { "Join_Count": 1, "TARGET_FID": 666005, "BF_FID": 1669661, "PARCEL_VIE": "1479073", "LAND_USE_T": "Residential - R1Z", "FLOOR_LEVE": -9.99, "FLOOD_RISK": -9999, "GROUND_ELE": 107.36, "HEIGHT_AVE": 4.38, "NO_OF_GROU": 0, "NO_ABOVE_G": -9999, "SOURCE_OF_": 1, "ACCURACY_O": 0, "DATE_CAPTU": null, "CAPTURED_B": null, "DATE_LAST_": null, "UPDATED_BY": null, "MI_PRINX": 0.0, "LGA_CODE": "348", "LGA_NAME": "MONASH", "height": 0 }, "geometry": { "type": "MultiPolygon", "coordinates": [ [ [ [ 145.14550779877959, -37.897973909333579 ], [ 145.145501475786546, -37.898065171620324 ], [ 145.145363195502057, -37.898063532818867 ], [ 145.145374282957533, -37.89800288971481 ], [ 145.145431203525959, -37.898002975936237 ], [ 145.145426804374381, -37.897954072114715 ], [ 145.145510830392453, -37.897957739016476 ], [ 145.14550779877959, -37.897973909333579 ] ] ] ] } },
{ "type": "Feature", "properties": { "Join_Count": 1, "TARGET_FID": 671519, "BF_FID": 1675179, "PARCEL_VIE": "2613404", "LAND_USE_T": "Public Land - PUZ2", "FLOOR_LEVE": -9.99, "FLOOD_RISK": -9999, "GROUND_ELE": 117.2, "HEIGHT_AVE": 3.86, "NO_OF_GROU": 0, "NO_ABOVE_G": -9999, "SOURCE_OF_": 1, "ACCURACY_O": 0, "DATE_CAPTU": null, "CAPTURED_B": null, "DATE_LAST_": null, "UPDATED_BY": null, "MI_PRINX": 0.0, "LGA_CODE": "348", "LGA_NAME": "MONASH", "height": 0 }, "geometry": { "type": "MultiPolygon", "coordinates": [ [ [ [ 145.142585666714496, -37.890860873835166 ], [ 145.142564926586857, -37.890977226736815 ], [ 145.142243361763235, -37.890948724505911 ], [ 145.142246934317768, -37.890881205465085 ], [ 145.142126914435892, -37.890866155979211 ], [ 145.142117159155816, -37.890929703077603 ], [ 145.141895983210134, -37.89091386716693 ], [ 145.141877874826179, -37.890970254502747 ], [ 145.141905935659025, -37.890984212668016 ], [ 145.14190469027389, -37.891033748323487 ], [ 145.141881315836343, -37.891057165796603 ], [ 145.141693782613686, -37.891053303489876 ], [ 145.141707491440428, -37.890963058992064 ], [ 145.141815356273895, -37.890969267316486 ], [ 145.141821319796833, -37.890955846396508 ], [ 145.141844096416435, -37.890956206048664 ], [ 145.141858381563395, -37.890839300857493 ], [ 145.141893405308991, -37.890803813649768 ], [ 145.141906255719022, -37.890729052868757 ], [ 145.142598677782331, -37.890809541662009 ], [ 145.142585666714496, -37.890860873835166 ] ] ] ] } },
{ "type": "Feature", "properties": { "Join_Count": 1, "TARGET_FID": 671520, "BF_FID": 1675180, "PARCEL_VIE": "2613404", "LAND_USE_T": "Public Land - PUZ2", "FLOOR_LEVE": -9.99, "FLOOD_RISK": -9999, "GROUND_ELE": 117.25, "HEIGHT_AVE": 4.2, "NO_OF_GROU": 0, "NO_ABOVE_G": -9999, "SOURCE_OF_": 1, "ACCURACY_O": 0, "DATE_CAPTU": null, "CAPTURED_B": null, "DATE_LAST_": null, "UPDATED_BY": null, "MI_PRINX": 0.0, "LGA_CODE": "348", "LGA_NAME": "MONASH", "height": 0 }, "geometry": { "type": "MultiPolygon", "coordinates": [ [ [ [ 145.142646401886168, -37.890507466821397 ], [ 145.142618807882769, -37.890695071234397 ], [ 145.14225506322137, -37.890665993386598 ], [ 145.142262609996209, -37.890593311247834 ], [ 145.142205715579195, -37.890592413058776 ], [ 145.142181448019983, -37.89065510035303 ], [ 145.141978951527591, -37.890634784173521 ], [ 145.141984585860257, -37.890593426864072 ], [ 145.141956321891627, -37.890561445393111 ], [ 145.141927808351596, -37.890565500210101 ], [ 145.141914881963288, -37.890628366518726 ], [ 145.141679824537135, -37.890597804831671 ], [ 145.141700532774109, -37.890419372284967 ], [ 145.142646401886168, -37.890507466821397 ] ] ] ] } },
{ "type": "Feature", "properties": { "Join_Count": 1, "TARGET_FID": 671536, "BF_FID": 1675196, "PARCEL_VIE": "2613428", "LAND_USE_T": "Residential - R1Z", "FLOOR_LEVE": -9.99, "FLOOD_RISK": -9999, "GROUND_ELE": 117.04, "HEIGHT_AVE": 3.44, "NO_OF_GROU": 0, "NO_ABOVE_G": -9999, "SOURCE_OF_": 1, "ACCURACY_O": 0, "DATE_CAPTU": null, "CAPTURED_B": null, "DATE_LAST_": null, "UPDATED_BY": null, "MI_PRINX": 0.0, "LGA_CODE": "348", "LGA_NAME": "MONASH", "height": 0 }, "geometry": { "type": "MultiPolygon", "coordinates": [ [ [ [ 145.144645122179583, -37.890112730438311 ], [ 145.144610521111247, -37.890280853273268 ], [ 145.144549744454508, -37.8902777325956 ], [ 145.144551168090203, -37.890250905056043 ], [ 145.144443417027844, -37.890240196012265 ], [ 145.144450943505575, -37.890168234190554 ], [ 145.144495072287611, -37.890169650811487 ], [ 145.144495969948906, -37.890133895016959 ], [ 145.144460377405295, -37.890132342693974 ], [ 145.144484194347683, -37.890076315243732 ], [ 145.144571123759988, -37.890079758206461 ], [ 145.144570429628374, -37.890107408154812 ], [ 145.144645122179583, -37.890112730438311 ] ] ] ] } },
{ "type": "Feature", "properties": { "Join_Count": 1, "TARGET_FID": 671537, "BF_FID": 1675197, "PARCEL_VIE": "2613429", "LAND_USE_T": "Business - B1Z", "FLOOR_LEVE": -9.99, "FLOOD_RISK": -9999, "GROUND_ELE": 117.91, "HEIGHT_AVE": 3.28, "NO_OF_GROU": 0, "NO_ABOVE_G": -9999, "SOURCE_OF_": 1, "ACCURACY_O": 0, "DATE_CAPTU": null, "CAPTURED_B": null, "DATE_LAST_": null, "UPDATED_BY": null, "MI_PRINX": 0.0, "LGA_CODE": "348", "LGA_NAME": "MONASH", "height": 0 }, "geometry": { "type": "MultiPolygon", "coordinates": [ [ [ [ 145.143122200871005, -37.890428208716145 ], [ 145.143113152870967, -37.89045617733268 ], [ 145.142898239875819, -37.890441162949472 ], [ 145.142898508418767, -37.890400621916434 ], [ 145.143126575221629, -37.890414582448585 ], [ 145.143122200871005, -37.890428208716145 ] ] ] ] } },
{ "type": "Feature", "properties": { "Join_Count": 1, "TARGET_FID": 671538, "BF_FID": 1675198, "PARCEL_VIE": "2613430", "LAND_USE_T": "Business - B1Z", "FLOOR_LEVE": -9.99, "FLOOD_RISK": -9999, "GROUND_ELE": 117.96, "HEIGHT_AVE": 4.24, "NO_OF_GROU": 0, "NO_ABOVE_G": -9999, "SOURCE_OF_": 1, "ACCURACY_O": 0, "DATE_CAPTU": null, "CAPTURED_B": null, "DATE_LAST_": null, "UPDATED_BY": null, "MI_PRINX": 0.0, "LGA_CODE": "348", "LGA_NAME": "MONASH", "height": 0 }, "geometry": { "type": "MultiPolygon", "coordinates": [ [ [ [ 145.143053800283411, -37.890638955894715 ], [ 145.14303865543792, -37.890685659321313 ], [ 145.142778371095119, -37.890658936466046 ], [ 145.142785153708616, -37.890612912005203 ], [ 145.143053800283411, -37.890638955894715 ] ] ] ] } },
{ "type": "Feature", "properties": { "Join_Count": 1, "TARGET_FID": 671539, "BF_FID": 1675199, "PARCEL_VIE": "2613431", "LAND_USE_T": "Business - B1Z", "FLOOR_LEVE": -9.99, "FLOOD_RISK": -9999, "GROUND_ELE": 117.95, "HEIGHT_AVE": 3.21, "NO_OF_GROU": 0, "NO_ABOVE_G": -9999, "SOURCE_OF_": 1, "ACCURACY_O": 0, "DATE_CAPTU": null, "CAPTURED_B": null, "DATE_LAST_": null, "UPDATED_BY": null, "MI_PRINX": 0.0, "LGA_CODE": "348", "LGA_NAME": "MONASH", "height": 0 }, "geometry": { "type": "MultiPolygon", "coordinates": [ [ [ [ 145.142903136175136, -37.890671717554994 ], [ 145.14303865543792, -37.890685659321313 ], [ 145.143023814393842, -37.890731466533481 ], [ 145.142845193831619, -37.89071251971388 ], [ 145.142851298404025, -37.890697208852458 ], [ 145.142777891287039, -37.890678030220187 ], [ 145.142778371095119, -37.890658936466046 ], [ 145.142903136175136, -37.890671717554994 ] ] ] ] } },
{ "type": "Feature", "properties": { "Join_Count": 1, "TARGET_FID": 671540, "BF_FID": 1675200, "PARCEL_VIE": "2613437", "LAND_USE_T": "Business - B1Z", "FLOOR_LEVE": -9.99, "FLOOD_RISK": -9999, "GROUND_ELE": 118.27, "HEIGHT_AVE": 3.42, "NO_OF_GROU": 0, "NO_ABOVE_G": -9999, "SOURCE_OF_": 1, "ACCURACY_O": 0, "DATE_CAPTU": null, "CAPTURED_B": null, "DATE_LAST_": null, "UPDATED_BY": null, "MI_PRINX": 0.0, "LGA_CODE": "348", "LGA_NAME": "MONASH", "height": 0 }, "geometry": { "type": "MultiPolygon", "coordinates": [ [ [ [ 145.143858945884602, -37.890939169365815 ], [ 145.143833944017018, -37.891072214001746 ], [ 145.143772798910732, -37.891061338452715 ], [ 145.143802635321663, -37.890900078498646 ], [ 145.143865000073987, -37.890907189043197 ], [ 145.143858945884602, -37.890939169365815 ] ] ] ] } },
{ "type": "Feature", "properties": { "Join_Count": 1, "TARGET_FID": 671541, "BF_FID": 1675201, "PARCEL_VIE": "2613438", "LAND_USE_T": "Residential - R1Z", "FLOOR_LEVE": -9.99, "FLOOD_RISK": -9999, "GROUND_ELE": 114.02, "HEIGHT_AVE": 3.62, "NO_OF_GROU": 0, "NO_ABOVE_G": -9999, "SOURCE_OF_": 1, "ACCURACY_O": 0, "DATE_CAPTU": null, "CAPTURED_B": null, "DATE_LAST_": null, "UPDATED_BY": null, "MI_PRINX": 0.0, "LGA_CODE": "348", "LGA_NAME": "MONASH", "height": 0 }, "geometry": { "type": "MultiPolygon", "coordinates": [ [ [ [ 145.141281292776, -37.890136232434877 ], [ 145.14135131554616, -37.890204193057535 ], [ 145.141290328958007, -37.890250442501497 ], [ 145.141192418814768, -37.890165372736483 ], [ 145.141170753924627, -37.89017674359728 ], [ 145.14113793566068, -37.890150636631965 ], [ 145.141237281171612, -37.890077962989857 ], [ 145.141285288531151, -37.890115302111198 ], [ 145.141281292776, -37.890136232434877 ] ] ] ] } },
{ "type": "Feature", "properties": { "Join_Count": 1, "TARGET_FID": 671542, "BF_FID": 1675202, "PARCEL_VIE": "2613439", "LAND_USE_T": "Residential - R1Z", "FLOOR_LEVE": -9.99, "FLOOD_RISK": -9999, "GROUND_ELE": 113.57, "HEIGHT_AVE": 3.51, "NO_OF_GROU": 0, "NO_ABOVE_G": -9999, "SOURCE_OF_": 1, "ACCURACY_O": 0, "DATE_CAPTU": null, "CAPTURED_B": null, "DATE_LAST_": null, "UPDATED_BY": null, "MI_PRINX": 0.0, "LGA_CODE": "348", "LGA_NAME": "MONASH", "height": 0 }, "geometry": { "type": "MultiPolygon", "coordinates": [ [ [ [ 145.141178874978721, -37.890278865736697 ], [ 145.141201217881104, -37.890292733747671 ], [ 145.141269679879372, -37.890284805073776 ], [ 145.141304964919982, -37.89036942624363 ], [ 145.141234684644502, -37.890393724522639 ], [ 145.141192977754429, -37.890366846468389 ], [ 145.141174656235933, -37.890383225671989 ], [ 145.14110254798041, -37.890372085468805 ], [ 145.141143819939913, -37.890278312006416 ], [ 145.141178874978721, -37.890278865736697 ] ] ] ] } },
{ "type": "Feature", "properties": { "Join_Count": 1, "TARGET_FID": 671543, "BF_FID": 1675203, "PARCEL_VIE": "2613440", "LAND_USE_T": "Residential - R1Z", "FLOOR_LEVE": -9.99, "FLOOD_RISK": -9999, "GROUND_ELE": 112.79, "HEIGHT_AVE": 3.73, "NO_OF_GROU": 0, "NO_ABOVE_G": -9999, "SOURCE_OF_": 1, "ACCURACY_O": 0, "DATE_CAPTU": null, "CAPTURED_B": null, "DATE_LAST_": null, "UPDATED_BY": null, "MI_PRINX": 0.0, "LGA_CODE": "348", "LGA_NAME": "MONASH", "height": 0 }, "geometry": { "type": "MultiPolygon", "coordinates": [ [ [ [ 145.141155720502837, -37.890688727926737 ], [ 145.141173965700659, -37.890697755884759 ], [ 145.141172975806342, -37.890737114200256 ], [ 145.141057300884711, -37.890735737446398 ], [ 145.141054861882878, -37.89068731490881 ], [ 145.141076543092225, -37.890686486097124 ], [ 145.141085085816513, -37.89061526138827 ], [ 145.141157571187222, -37.890615144988942 ], [ 145.141155720502837, -37.890688727926737 ] ] ] ] } },
{ "type": "Feature", "properties": { "Join_Count": 1, "TARGET_FID": 671544, "BF_FID": 1675204, "PARCEL_VIE": "2613443", "LAND_USE_T": "Residential - R1Z", "FLOOR_LEVE": -9.99, "FLOOD_RISK": -9999, "GROUND_ELE": 112.26, "HEIGHT_AVE": 5.53, "NO_OF_GROU": 0, "NO_ABOVE_G": -9999, "SOURCE_OF_": 1, "ACCURACY_O": 0, "DATE_CAPTU": null, "CAPTURED_B": null, "DATE_LAST_": null, "UPDATED_BY": null, "MI_PRINX": 0.0, "LGA_CODE": "348", "LGA_NAME": "MONASH", "height": 0 }, "geometry": { "type": "MultiPolygon", "coordinates": [ [ [ [ 145.14083672213053, -37.89128141572543 ], [ 145.141008974745858, -37.891382076320276 ], [ 145.141008442362732, -37.891403241542733 ], [ 145.140955414084431, -37.891446192691618 ], [ 145.14076471301297, -37.891348303961841 ], [ 145.14083672213053, -37.89128141572543 ] ] ] ] } },
{ "type": "Feature", "properties": { "Join_Count": 1, "TARGET_FID": 671545, "BF_FID": 1675205, "PARCEL_VIE": "2613444", "LAND_USE_T": "Residential - R1Z", "FLOOR_LEVE": -9.99, "FLOOD_RISK": -9999, "GROUND_ELE": 112.64, "HEIGHT_AVE": 4.82, "NO_OF_GROU": 0, "NO_ABOVE_G": -9999, "SOURCE_OF_": 1, "ACCURACY_O": 0, "DATE_CAPTU": null, "CAPTURED_B": null, "DATE_LAST_": null, "UPDATED_BY": null, "MI_PRINX": 0.0, "LGA_CODE": "348", "LGA_NAME": "MONASH", "height": 0 }, "geometry": { "type": "MultiPolygon", "coordinates": [ [ [ [ 145.14084726310611, -37.891481155008236 ], [ 145.14092638808782, -37.891500425178791 ], [ 145.140925028744505, -37.891554464040844 ], [ 145.140946868220368, -37.891554809063457 ], [ 145.140940497218509, -37.891606786538581 ], [ 145.140795283051176, -37.891590526756282 ], [ 145.140808532419186, -37.891485048129148 ], [ 145.14084726310611, -37.891481155008236 ] ] ] ] } },
{ "type": "Feature", "properties": { "Join_Count": 1, "TARGET_FID": 671559, "BF_FID": 1675219, "PARCEL_VIE": "2613458", "LAND_USE_T": "Residential - R1Z", "FLOOR_LEVE": -9.99, "FLOOD_RISK": -9999, "GROUND_ELE": 112.82, "HEIGHT_AVE": 3.43, "NO_OF_GROU": 0, "NO_ABOVE_G": -9999, "SOURCE_OF_": 1, "ACCURACY_O": 0, "DATE_CAPTU": null, "CAPTURED_B": null, "DATE_LAST_": null, "UPDATED_BY": null, "MI_PRINX": 0.0, "LGA_CODE": "348", "LGA_NAME": "MONASH", "height": 0 }, "geometry": { "type": "MultiPolygon", "coordinates": [ [ [ [ 145.141023796719793, -37.890114325091218 ], [ 145.140986738589788, -37.890230690226446 ], [ 145.1409216254348, -37.890217317803682 ], [ 145.140936412711369, -37.89018115077846 ], [ 145.140845764619996, -37.890150345902825 ], [ 145.140888123544414, -37.890080466355869 ], [ 145.141023796719793, -37.890114325091218 ] ] ] ] } },
{ "type": "Feature", "properties": { "Join_Count": 1, "TARGET_FID": 671564, "BF_FID": 1675224, "PARCEL_VIE": "2613464", "LAND_USE_T": "Residential - R1Z", "FLOOR_LEVE": -9.99, "FLOOD_RISK": -9999, "GROUND_ELE": 107.13, "HEIGHT_AVE": 3.79, "NO_OF_GROU": 0, "NO_ABOVE_G": -9999, "SOURCE_OF_": 1, "ACCURACY_O": 0, "DATE_CAPTU": null, "CAPTURED_B": null, "DATE_LAST_": null, "UPDATED_BY": null, "MI_PRINX": 0.0, "LGA_CODE": "348", "LGA_NAME": "MONASH", "height": 0 }, "geometry": { "type": "MultiPolygon", "coordinates": [ [ [ [ 145.139882682866613, -37.890269556575078 ], [ 145.139875302336264, -37.890339267849875 ], [ 145.139757895540868, -37.890328491989813 ], [ 145.139751153553846, -37.890391455806778 ], [ 145.139701896067692, -37.890385180998223 ], [ 145.139718418523614, -37.890227946406398 ], [ 145.139779500956649, -37.890230083306605 ], [ 145.139775940992791, -37.890259760217965 ], [ 145.139882682866613, -37.890269556575078 ] ] ] ] } },
{ "type": "Feature", "properties": { "Join_Count": 1, "TARGET_FID": 671565, "BF_FID": 1675225, "PARCEL_VIE": "2613465", "LAND_USE_T": "Residential - R1Z", "FLOOR_LEVE": -9.99, "FLOOD_RISK": -9999, "GROUND_ELE": 108.31, "HEIGHT_AVE": 4.12, "NO_OF_GROU": 0, "NO_ABOVE_G": -9999, "SOURCE_OF_": 1, "ACCURACY_O": 0, "DATE_CAPTU": null, "CAPTURED_B": null, "DATE_LAST_": null, "UPDATED_BY": null, "MI_PRINX": 0.0, "LGA_CODE": "348", "LGA_NAME": "MONASH", "height": 0 }, "geometry": { "type": "MultiPolygon", "coordinates": [ [ [ [ 145.140266325555558, -37.890312651484578 ], [ 145.140270044827673, -37.89033253238803 ], [ 145.140233915713026, -37.890385841552437 ], [ 145.140154065588575, -37.890358180113353 ], [ 145.140141239122869, -37.89037230338581 ], [ 145.140108204374059, -37.890358536492997 ], [ 145.140142873218963, -37.890307366702359 ], [ 145.140122314461536, -37.890297130713201 ], [ 145.140145330789466, -37.890265598879346 ], [ 145.140266325555558, -37.890312651484578 ] ] ] ] } },
{ "type": "Feature", "properties": { "Join_Count": 1, "TARGET_FID": 671566, "BF_FID": 1675226, "PARCEL_VIE": "2613466", "LAND_USE_T": "Residential - R1Z", "FLOOR_LEVE": -9.99, "FLOOD_RISK": -9999, "GROUND_ELE": 109.07, "HEIGHT_AVE": 4.55, "NO_OF_GROU": 0, "NO_ABOVE_G": -9999, "SOURCE_OF_": 1, "ACCURACY_O": 0, "DATE_CAPTU": null, "CAPTURED_B": null, "DATE_LAST_": null, "UPDATED_BY": null, "MI_PRINX": 0.0, "LGA_CODE": "348", "LGA_NAME": "MONASH", "height": 0 }, "geometry": { "type": "MultiPolygon", "coordinates": [ [ [ [ 145.140400743461498, -37.890355411057968 ], [ 145.140486040946513, -37.890401358724127 ], [ 145.140397309655413, -37.89049933750681 ], [ 145.140296677083342, -37.890433055003911 ], [ 145.140385331562584, -37.890349310973228 ], [ 145.140400743461498, -37.890355411057968 ] ] ] ] } },
{ "type": "Feature", "properties": { "Join_Count": 1, "TARGET_FID": 671567, "BF_FID": 1675227, "PARCEL_VIE": "2613467", "LAND_USE_T": "Residential - R1Z", "FLOOR_LEVE": -9.99, "FLOOD_RISK": -9999, "GROUND_ELE": 109.62, "HEIGHT_AVE": 6.68, "NO_OF_GROU": 0, "NO_ABOVE_G": -9999, "SOURCE_OF_": 1, "ACCURACY_O": 0, "DATE_CAPTU": null, "CAPTURED_B": null, "DATE_LAST_": null, "UPDATED_BY": null, "MI_PRINX": 0.0, "LGA_CODE": "348", "LGA_NAME": "MONASH", "height": 0 }, "geometry": { "type": "MultiPolygon", "coordinates": [ [ [ [ 145.140639832910097, -37.890460462071808 ], [ 145.140662198418568, -37.890473429535831 ], [ 145.14066156852374, -37.890498467542599 ], [ 145.140574012780831, -37.890598176943257 ], [ 145.140545354757023, -37.89060051723019 ], [ 145.140443681388177, -37.89055322962556 ], [ 145.140532187300067, -37.890408304849331 ], [ 145.140639832910097, -37.890460462071808 ] ] ] ] } },
{ "type": "Feature", "properties": { "Join_Count": 1, "TARGET_FID": 671568, "BF_FID": 1675228, "PARCEL_VIE": "2613468", "LAND_USE_T": "Residential - R1Z", "FLOOR_LEVE": -9.99, "FLOOD_RISK": -9999, "GROUND_ELE": 111.0, "HEIGHT_AVE": 4.91, "NO_OF_GROU": 0, "NO_ABOVE_G": -9999, "SOURCE_OF_": 1, "ACCURACY_O": 0, "DATE_CAPTU": null, "CAPTURED_B": null, "DATE_LAST_": null, "UPDATED_BY": null, "MI_PRINX": 0.0, "LGA_CODE": "348", "LGA_NAME": "MONASH", "height": 0 }, "geometry": { "type": "MultiPolygon", "coordinates": [ [ [ [ 145.140873770726586, -37.890557862768517 ], [ 145.140857029757342, -37.890708967248408 ], [ 145.140824585383399, -37.890708995269328 ], [ 145.140814779840355, -37.890737222031724 ], [ 145.140667289250388, -37.89072579157267 ], [ 145.140693030866487, -37.890604562524004 ], [ 145.140721431189689, -37.890605011247175 ], [ 145.140727601894184, -37.890587088628507 ], [ 145.140756002211248, -37.890587537343166 ], [ 145.14076202110428, -37.890575649062392 ], [ 145.140824577801851, -37.890575105698161 ], [ 145.140830654748385, -37.890557181592442 ], [ 145.140873770726586, -37.890557862768517 ] ] ] ] } },
{ "type": "Feature", "properties": { "Join_Count": 1, "TARGET_FID": 671579, "BF_FID": 1675239, "PARCEL_VIE": "2613484", "LAND_USE_T": "Residential - R1Z", "FLOOR_LEVE": -9.99, "FLOOD_RISK": -9999, "GROUND_ELE": 104.93, "HEIGHT_AVE": 3.49, "NO_OF_GROU": 0, "NO_ABOVE_G": -9999, "SOURCE_OF_": 1, "ACCURACY_O": 0, "DATE_CAPTU": null, "CAPTURED_B": null, "DATE_LAST_": null, "UPDATED_BY": null, "MI_PRINX": 0.0, "LGA_CODE": "348", "LGA_NAME": "MONASH", "height": 0 }, "geometry": { "type": "MultiPolygon", "coordinates": [ [ [ [ 145.139878721351181, -37.890654223361665 ], [ 145.139883289655671, -37.890699976556895 ], [ 145.139928635620976, -37.890705198357672 ], [ 145.139908182206199, -37.890802544064456 ], [ 145.139843303836358, -37.890787282641895 ], [ 145.139829306442834, -37.890810667726264 ], [ 145.139767850085519, -37.890804740712738 ], [ 145.139809302564174, -37.890647990307592 ], [ 145.139878721351181, -37.890654223361665 ] ] ] ] } },
{ "type": "Feature", "properties": { "Join_Count": 1, "TARGET_FID": 671580, "BF_FID": 1675240, "PARCEL_VIE": "2613485", "LAND_USE_T": "Residential - R1Z", "FLOOR_LEVE": -9.99, "FLOOD_RISK": -9999, "GROUND_ELE": 105.91, "HEIGHT_AVE": 3.75, "NO_OF_GROU": 0, "NO_ABOVE_G": -9999, "SOURCE_OF_": 1, "ACCURACY_O": 0, "DATE_CAPTU": null, "CAPTURED_B": null, "DATE_LAST_": null, "UPDATED_BY": null, "MI_PRINX": 0.0, "LGA_CODE": "348", "LGA_NAME": "MONASH", "height": 0 }, "geometry": { "type": "MultiPolygon", "coordinates": [ [ [ [ 145.140112903992701, -37.890838756678733 ], [ 145.140112224040365, -37.890865776100377 ], [ 145.140066764632849, -37.890865057604394 ], [ 145.13997823337732, -37.890835817225089 ], [ 145.140013921728809, -37.890740424218457 ], [ 145.140126614478589, -37.890789508164005 ], [ 145.140112903992701, -37.890838756678733 ] ] ] ] } },
{ "type": "Feature", "properties": { "Join_Count": 1, "TARGET_FID": 671581, "BF_FID": 1675241, "PARCEL_VIE": "2613486", "LAND_USE_T": "Residential - R1Z", "FLOOR_LEVE": -9.99, "FLOOD_RISK": -9999, "GROUND_ELE": 107.32, "HEIGHT_AVE": 4.17, "NO_OF_GROU": 0, "NO_ABOVE_G": -9999, "SOURCE_OF_": 1, "ACCURACY_O": 0, "DATE_CAPTU": null, "CAPTURED_B": null, "DATE_LAST_": null, "UPDATED_BY": null, "MI_PRINX": 0.0, "LGA_CODE": "348", "LGA_NAME": "MONASH", "height": 0 }, "geometry": { "type": "MultiPolygon", "coordinates": [ [ [ [ 145.140296667911173, -37.890765075447824 ], [ 145.140296327969594, -37.890778585160241 ], [ 145.140323884777501, -37.890779020649653 ], [ 145.140279033718542, -37.890914363700617 ], [ 145.140181314587835, -37.890896240841172 ], [ 145.140221044299182, -37.890737120442445 ], [ 145.140308478432502, -37.890746611277223 ], [ 145.140296667911173, -37.890765075447824 ] ] ] ] } },
{ "type": "Feature", "properties": { "Join_Count": 1, "TARGET_FID": 671582, "BF_FID": 1675242, "PARCEL_VIE": "2613487", "LAND_USE_T": "Residential - R1Z", "FLOOR_LEVE": -9.99, "FLOOD_RISK": -9999, "GROUND_ELE": 108.76, "HEIGHT_AVE": 4.15, "NO_OF_GROU": 0, "NO_ABOVE_G": -9999, "SOURCE_OF_": 1, "ACCURACY_O": 0, "DATE_CAPTU": null, "CAPTURED_B": null, "DATE_LAST_": null, "UPDATED_BY": null, "MI_PRINX": 0.0, "LGA_CODE": "348", "LGA_NAME": "MONASH", "height": 0 }, "geometry": { "type": "MultiPolygon", "coordinates": [ [ [ [ 145.140513662145821, -37.890865092311564 ], [ 145.140493426581173, -37.890931446973532 ], [ 145.140427325124364, -37.890927519215232 ], [ 145.140427845029734, -37.890962756751399 ], [ 145.140359934652849, -37.890956187453433 ], [ 145.140403563380573, -37.890824699379564 ], [ 145.140514267172875, -37.890841045020828 ], [ 145.140513662145821, -37.890865092311564 ] ] ] ] } },
{ "type": "Feature", "properties": { "Join_Count": 1, "TARGET_FID": 671595, "BF_FID": 1675255, "PARCEL_VIE": "2613508", "LAND_USE_T": "Residential - R1Z", "FLOOR_LEVE": -9.99, "FLOOD_RISK": -9999, "GROUND_ELE": 105.72, "HEIGHT_AVE": 3.91, "NO_OF_GROU": 0, "NO_ABOVE_G": -9999, "SOURCE_OF_": 1, "ACCURACY_O": 0, "DATE_CAPTU": null, "CAPTURED_B": null, "DATE_LAST_": null, "UPDATED_BY": null, "MI_PRINX": 0.0, "LGA_CODE": "348", "LGA_NAME": "MONASH", "height": 0 }, "geometry": { "type": "MultiPolygon", "coordinates": [ [ [ [ 145.139917159088782, -37.891161196074968 ], [ 145.140008624366203, -37.891193095793781 ], [ 145.139970070463136, -37.891316644969272 ], [ 145.139861474901352, -37.891283573433256 ], [ 145.139900689616269, -37.891159854538721 ], [ 145.139917159088782, -37.891161196074968 ] ] ] ] } },
{ "type": "Feature", "properties": { "Join_Count": 1, "TARGET_FID": 671596, "BF_FID": 1675256, "PARCEL_VIE": "2613539", "LAND_USE_T": "Residential - R1Z", "FLOOR_LEVE": -9.99, "FLOOD_RISK": -9999, "GROUND_ELE": 110.27, "HEIGHT_AVE": 3.64, "NO_OF_GROU": 0, "NO_ABOVE_G": -9999, "SOURCE_OF_": 1, "ACCURACY_O": 0, "DATE_CAPTU": null, "CAPTURED_B": null, "DATE_LAST_": null, "UPDATED_BY": null, "MI_PRINX": 0.0, "LGA_CODE": "348", "LGA_NAME": "MONASH", "height": 0 }, "geometry": { "type": "MultiPolygon", "coordinates": [ [ [ [ 145.139879962020672, -37.892188294942123 ], [ 145.139877958077079, -37.892267912142032 ], [ 145.139838008415609, -37.89227178566933 ], [ 145.139825329267268, -37.892324744559488 ], [ 145.139751468001634, -37.892323576961878 ], [ 145.139767311292189, -37.892152366093114 ], [ 145.139855085581047, -37.892152131798738 ], [ 145.139854312558185, -37.892182843863303 ], [ 145.139879962020672, -37.892188294942123 ] ] ] ] } },
{ "type": "Feature", "properties": { "Join_Count": 1, "TARGET_FID": 671597, "BF_FID": 1675257, "PARCEL_VIE": "2613540", "LAND_USE_T": "Residential - R1Z", "FLOOR_LEVE": -9.99, "FLOOD_RISK": -9999, "GROUND_ELE": 111.31, "HEIGHT_AVE": 4.23, "NO_OF_GROU": 0, "NO_ABOVE_G": -9999, "SOURCE_OF_": 1, "ACCURACY_O": 0, "DATE_CAPTU": null, "CAPTURED_B": null, "DATE_LAST_": null, "UPDATED_BY": null, "MI_PRINX": 0.0, "LGA_CODE": "348", "LGA_NAME": "MONASH", "height": 0 }, "geometry": { "type": "MultiPolygon", "coordinates": [ [ [ [ 145.140029080594388, -37.89213515005865 ], [ 145.14013098299975, -37.89215478078345 ], [ 145.140132341283874, -37.892208862577 ], [ 145.140122998721438, -37.892244755133959 ], [ 145.14009999506348, -37.892253401610169 ], [ 145.140087973435527, -37.892280241766223 ], [ 145.140074138458516, -37.892379133691968 ], [ 145.139960554093335, -37.892372833345675 ], [ 145.140006397367415, -37.892134791527411 ], [ 145.140029080594388, -37.89213515005865 ] ] ] ] } },
{ "type": "Feature", "properties": { "Join_Count": 1, "TARGET_FID": 671598, "BF_FID": 1675258, "PARCEL_VIE": "2613541", "LAND_USE_T": "Residential - R1Z", "FLOOR_LEVE": -9.99, "FLOOD_RISK": -9999, "GROUND_ELE": 112.26, "HEIGHT_AVE": 3.56, "NO_OF_GROU": 0, "NO_ABOVE_G": -9999, "SOURCE_OF_": 1, "ACCURACY_O": 0, "DATE_CAPTU": null, "CAPTURED_B": null, "DATE_LAST_": null, "UPDATED_BY": null, "MI_PRINX": 0.0, "LGA_CODE": "348", "LGA_NAME": "MONASH", "height": 0 }, "geometry": { "type": "MultiPolygon", "coordinates": [ [ [ [ 145.14023143184707, -37.892228448774524 ], [ 145.14029447462795, -37.892238455152899 ], [ 145.140273988147612, -37.892404186690186 ], [ 145.140158974259862, -37.892395070826325 ], [ 145.140164326259395, -37.892290458584789 ], [ 145.140184385024781, -37.892290775607478 ], [ 145.140185858272048, -37.89223223353887 ], [ 145.14023143184707, -37.892228448774524 ] ] ] ] } },
{ "type": "Feature", "properties": { "Join_Count": 1, "TARGET_FID": 671599, "BF_FID": 1675259, "PARCEL_VIE": "2613542", "LAND_USE_T": "Residential - R1Z", "FLOOR_LEVE": -9.99, "FLOOD_RISK": -9999, "GROUND_ELE": 113.21, "HEIGHT_AVE": 3.53, "NO_OF_GROU": 0, "NO_ABOVE_G": -9999, "SOURCE_OF_": 1, "ACCURACY_O": 0, "DATE_CAPTU": null, "CAPTURED_B": null, "DATE_LAST_": null, "UPDATED_BY": null, "MI_PRINX": 0.0, "LGA_CODE": "348", "LGA_NAME": "MONASH", "height": 0 }, "geometry": { "type": "MultiPolygon", "coordinates": [ [ [ [ 145.140377661556101, -37.892293830108997 ], [ 145.140461981711184, -37.892304172641985 ], [ 145.140455318384085, -37.892349117618799 ], [ 145.140427386058349, -37.892348676220081 ], [ 145.140420742285329, -37.892389116476174 ], [ 145.14038651027289, -37.892393080543087 ], [ 145.140385830382513, -37.89242009996179 ], [ 145.140302595726325, -37.892418784582105 ], [ 145.140314915299911, -37.892301848569581 ], [ 145.140377661556101, -37.892293830108997 ] ] ] ] } },
{ "type": "Feature", "properties": { "Join_Count": 1, "TARGET_FID": 671600, "BF_FID": 1675260, "PARCEL_VIE": "2613543", "LAND_USE_T": "Residential - R1Z", "FLOOR_LEVE": -9.99, "FLOOD_RISK": -9999, "GROUND_ELE": 114.26, "HEIGHT_AVE": 3.49, "NO_OF_GROU": 0, "NO_ABOVE_G": -9999, "SOURCE_OF_": 1, "ACCURACY_O": 0, "DATE_CAPTU": null, "CAPTURED_B": null, "DATE_LAST_": null, "UPDATED_BY": null, "MI_PRINX": 0.0, "LGA_CODE": "348", "LGA_NAME": "MONASH", "height": 0 }, "geometry": { "type": "MultiPolygon", "coordinates": [ [ [ [ 145.140650763240416, -37.89228463052676 ], [ 145.140671083642815, -37.892289456627864 ], [ 145.140658705937085, -37.89241990684723 ], [ 145.140645891384054, -37.892478269723789 ], [ 145.14062320804382, -37.892477911308681 ], [ 145.140589315907391, -37.892468365722891 ], [ 145.140576588231312, -37.892445008769727 ], [ 145.140520368968367, -37.89244330951415 ], [ 145.140526927005425, -37.892387640905341 ], [ 145.140584063158798, -37.892390165550268 ], [ 145.14059396130645, -37.892283733005918 ], [ 145.140650763240416, -37.89228463052676 ] ] ] ] } },
{ "type": "Feature", "properties": { "Join_Count": 1, "TARGET_FID": 671601, "BF_FID": 1675261, "PARCEL_VIE": "2613544", "LAND_USE_T": "Residential - R1Z", "FLOOR_LEVE": -9.99, "FLOOD_RISK": -9999, "GROUND_ELE": 114.94, "HEIGHT_AVE": 4.92, "NO_OF_GROU": 0, "NO_ABOVE_G": -9999, "SOURCE_OF_": 1, "ACCURACY_O": 0, "DATE_CAPTU": null, "CAPTURED_B": null, "DATE_LAST_": null, "UPDATED_BY": null, "MI_PRINX": 0.0, "LGA_CODE": "348", "LGA_NAME": "MONASH", "height": 0 }, "geometry": { "type": "MultiPolygon", "coordinates": [ [ [ [ 145.140775236035608, -37.892309122348571 ], [ 145.140844746521395, -37.892319230620139 ], [ 145.140821427082983, -37.892508163446593 ], [ 145.140706723980259, -37.892479230906382 ], [ 145.140740496291073, -37.892322088552113 ], [ 145.140746835056888, -37.892308673621372 ], [ 145.140775236035608, -37.892309122348571 ] ] ] ] } },
{ "type": "Feature", "properties": { "Join_Count": 1, "TARGET_FID": 671602, "BF_FID": 1675262, "PARCEL_VIE": "2613545", "LAND_USE_T": "Residential - R1Z", "FLOOR_LEVE": -9.99, "FLOOD_RISK": -9999, "GROUND_ELE": 116.19, "HEIGHT_AVE": 4.04, "NO_OF_GROU": 0, "NO_ABOVE_G": -9999, "SOURCE_OF_": 1, "ACCURACY_O": 0, "DATE_CAPTU": null, "CAPTURED_B": null, "DATE_LAST_": null, "UPDATED_BY": null, "MI_PRINX": 0.0, "LGA_CODE": "348", "LGA_NAME": "MONASH", "height": 0 }, "geometry": { "type": "MultiPolygon", "coordinates": [ [ [ [ 145.141192615675038, -37.892442938016515 ], [ 145.141198233015558, -37.892562590180852 ], [ 145.14111578880167, -37.892559666051078 ], [ 145.141091623263605, -37.892416925441651 ], [ 145.141176733725473, -37.892403313201612 ], [ 145.141192615675038, -37.892442938016515 ] ] ] ] } },
{ "type": "Feature", "properties": { "Join_Count": 1, "TARGET_FID": 671603, "BF_FID": 1675263, "PARCEL_VIE": "2613546", "LAND_USE_T": "Residential - R1Z", "FLOOR_LEVE": -9.99, "FLOOD_RISK": -9999, "GROUND_ELE": 116.81, "HEIGHT_AVE": 3.52, "NO_OF_GROU": 0, "NO_ABOVE_G": -9999, "SOURCE_OF_": 1, "ACCURACY_O": 0, "DATE_CAPTU": null, "CAPTURED_B": null, "DATE_LAST_": null, "UPDATED_BY": null, "MI_PRINX": 0.0, "LGA_CODE": "348", "LGA_NAME": "MONASH", "height": 0 }, "geometry": { "type": "MultiPolygon", "coordinates": [ [ [ [ 145.141396737675223, -37.89244354924616 ], [ 145.141381453011775, -37.892592694553151 ], [ 145.141291388337947, -37.892587037268726 ], [ 145.141306354334887, -37.892443112773961 ], [ 145.141396737675223, -37.89244354924616 ] ] ] ] } },
{ "type": "Feature", "properties": { "Join_Count": 1, "TARGET_FID": 671604, "BF_FID": 1675264, "PARCEL_VIE": "2613547", "LAND_USE_T": "Residential - R1Z", "FLOOR_LEVE": -9.99, "FLOOD_RISK": -9999, "GROUND_ELE": 117.17, "HEIGHT_AVE": 3.66, "NO_OF_GROU": 0, "NO_ABOVE_G": -9999, "SOURCE_OF_": 1, "ACCURACY_O": 0, "DATE_CAPTU": null, "CAPTURED_B": null, "DATE_LAST_": null, "UPDATED_BY": null, "MI_PRINX": 0.0, "LGA_CODE": "348", "LGA_NAME": "MONASH", "height": 0 }, "geometry": { "type": "MultiPolygon", "coordinates": [ [ [ [ 145.141512848420433, -37.892371770923965 ], [ 145.141517809633086, -37.892401942864183 ], [ 145.141602672993031, -37.892416798188705 ], [ 145.141563569275405, -37.892614491959101 ], [ 145.141529337205469, -37.892618456357276 ], [ 145.141407656079537, -37.892598514447073 ], [ 145.141409241627684, -37.892535469101894 ], [ 145.141429113007916, -37.892535782953324 ], [ 145.14145629727696, -37.892368354964205 ], [ 145.141512848420433, -37.892371770923965 ] ] ] ] } },
{ "type": "Feature", "properties": { "Join_Count": 1, "TARGET_FID": 671605, "BF_FID": 1675265, "PARCEL_VIE": "2613548", "LAND_USE_T": "Residential - R1Z", "FLOOR_LEVE": -9.99, "FLOOD_RISK": -9999, "GROUND_ELE": 117.5, "HEIGHT_AVE": 3.36, "NO_OF_GROU": 0, "NO_ABOVE_G": -9999, "SOURCE_OF_": 1, "ACCURACY_O": 0, "DATE_CAPTU": null, "CAPTURED_B": null, "DATE_LAST_": null, "UPDATED_BY": null, "MI_PRINX": 0.0, "LGA_CODE": "348", "LGA_NAME": "MONASH", "height": 0 }, "geometry": { "type": "MultiPolygon", "coordinates": [ [ [ [ 145.141685816080269, -37.892503796833545 ], [ 145.141770792826378, -37.892514148800672 ], [ 145.14177522975524, -37.892550259088388 ], [ 145.141724200021997, -37.892558463316597 ], [ 145.141717236729562, -37.892607908661851 ], [ 145.141694440099599, -37.892612053691778 ], [ 145.141688269437964, -37.892629976357014 ], [ 145.141591404172175, -37.892637456689137 ], [ 145.141617578531395, -37.892502719215123 ], [ 145.141685816080269, -37.892503796833545 ] ] ] ] } },
{ "type": "Feature", "properties": { "Join_Count": 1, "TARGET_FID": 671606, "BF_FID": 1675266, "PARCEL_VIE": "2613549", "LAND_USE_T": "Residential - R1Z", "FLOOR_LEVE": -9.99, "FLOOD_RISK": -9999, "GROUND_ELE": 117.82, "HEIGHT_AVE": 3.84, "NO_OF_GROU": 0, "NO_ABOVE_G": -9999, "SOURCE_OF_": 1, "ACCURACY_O": 0, "DATE_CAPTU": null, "CAPTURED_B": null, "DATE_LAST_": null, "UPDATED_BY": null, "MI_PRINX": 0.0, "LGA_CODE": "348", "LGA_NAME": "MONASH", "height": 0 }, "geometry": { "type": "MultiPolygon", "coordinates": [ [ [ [ 145.141918215631762, -37.892532154181623 ], [ 145.14195103012716, -37.892584570237666 ], [ 145.141946176454354, -37.892688109243572 ], [ 145.141874017696637, -37.892704989969111 ], [ 145.141847643426757, -37.892691058424894 ], [ 145.141827562681186, -37.892542435818456 ], [ 145.141918215631762, -37.892532154181623 ] ] ] ] } },
{ "type": "Feature", "properties": { "Join_Count": 1, "TARGET_FID": 671607, "BF_FID": 1675267, "PARCEL_VIE": "2613550", "LAND_USE_T": "Residential - R1Z", "FLOOR_LEVE": -9.99, "FLOOD_RISK": -9999, "GROUND_ELE": 117.93, "HEIGHT_AVE": 3.76, "NO_OF_GROU": 0, "NO_ABOVE_G": -9999, "SOURCE_OF_": 1, "ACCURACY_O": 0, "DATE_CAPTU": null, "CAPTURED_B": null, "DATE_LAST_": null, "UPDATED_BY": null, "MI_PRINX": 0.0, "LGA_CODE": "348", "LGA_NAME": "MONASH", "height": 0 }, "geometry": { "type": "MultiPolygon", "coordinates": [ [ [ [ 145.142038839650382, -37.89248225093737 ], [ 145.142129307720865, -37.892501699403688 ], [ 145.142128082795153, -37.892550424469306 ], [ 145.142098838105085, -37.892549962747069 ], [ 145.142099299421915, -37.892613671128125 ], [ 145.142131852865873, -37.892616798005783 ], [ 145.142127198302461, -37.89266393721347 ], [ 145.142125086336591, -37.892684536898017 ], [ 145.142038462424921, -37.892680015714205 ], [ 145.142032688471119, -37.892712000349071 ], [ 145.142016003964841, -37.892711736917043 ], [ 145.141969383301756, -37.892697485725968 ], [ 145.142020645841455, -37.892527104058139 ], [ 145.142010438584776, -37.892481802513302 ], [ 145.142038839650382, -37.89248225093737 ] ] ] ] } },
{ "type": "Feature", "properties": { "Join_Count": 1, "TARGET_FID": 671608, "BF_FID": 1675268, "PARCEL_VIE": "2613551", "LAND_USE_T": "Residential - R1Z", "FLOOR_LEVE": -9.99, "FLOOD_RISK": -9999, "GROUND_ELE": 118.13, "HEIGHT_AVE": 3.58, "NO_OF_GROU": 0, "NO_ABOVE_G": -9999, "SOURCE_OF_": 1, "ACCURACY_O": 0, "DATE_CAPTU": null, "CAPTURED_B": null, "DATE_LAST_": null, "UPDATED_BY": null, "MI_PRINX": 0.0, "LGA_CODE": "348", "LGA_NAME": "MONASH", "height": 0 }, "geometry": { "type": "MultiPolygon", "coordinates": [ [ [ [ 145.142328846403871, -37.892707035238956 ], [ 145.142297033397654, -37.892842314568135 ], [ 145.142251685921536, -37.892837093643408 ], [ 145.142218246212906, -37.892809535554257 ], [ 145.142133269052607, -37.892799183900344 ], [ 145.142130965647397, -37.892737879152939 ], [ 145.142179753108849, -37.892740541516837 ], [ 145.142192091068296, -37.8926451396079 ], [ 145.142265816007864, -37.892648015434339 ], [ 145.142264758704385, -37.892690075705779 ], [ 145.142329199581326, -37.892692985126423 ], [ 145.142328846403871, -37.892707035238956 ] ] ] ] } },
{ "type": "Feature", "properties": { "Join_Count": 1, "TARGET_FID": 671609, "BF_FID": 1675269, "PARCEL_VIE": "2613552", "LAND_USE_T": "Residential - R1Z", "FLOOR_LEVE": -9.99, "FLOOD_RISK": -9999, "GROUND_ELE": 118.37, "HEIGHT_AVE": 3.85, "NO_OF_GROU": 0, "NO_ABOVE_G": -9999, "SOURCE_OF_": 1, "ACCURACY_O": 0, "DATE_CAPTU": null, "CAPTURED_B": null, "DATE_LAST_": null, "UPDATED_BY": null, "MI_PRINX": 0.0, "LGA_CODE": "348", "LGA_NAME": "MONASH", "height": 0 }, "geometry": { "type": "MultiPolygon", "coordinates": [ [ [ [ 145.1424415102029, -37.892749989702423 ], [ 145.142452399163915, -37.892768181702273 ], [ 145.142480800346675, -37.892768630022566 ], [ 145.14245644846568, -37.892834649737594 ], [ 145.142346818926484, -37.892831387434782 ], [ 145.142355873357218, -37.892762152937074 ], [ 145.1424415102029, -37.892749989702423 ] ] ] ] } },
{ "type": "Feature", "properties": { "Join_Count": 1, "TARGET_FID": 671610, "BF_FID": 1675270, "PARCEL_VIE": "2613553", "LAND_USE_T": "Residential - R1Z", "FLOOR_LEVE": -9.99, "FLOOD_RISK": -9999, "GROUND_ELE": 118.39, "HEIGHT_AVE": 3.05, "NO_OF_GROU": 0, "NO_ABOVE_G": -9999, "SOURCE_OF_": 1, "ACCURACY_O": 0, "DATE_CAPTU": null, "CAPTURED_B": null, "DATE_LAST_": null, "UPDATED_BY": null, "MI_PRINX": 0.0, "LGA_CODE": "348", "LGA_NAME": "MONASH", "height": 0 }, "geometry": { "type": "MultiPolygon", "coordinates": [ [ [ [ 145.142565758080622, -37.892783486147131 ], [ 145.142690119252222, -37.892812479221334 ], [ 145.142663491728086, -37.892965320007761 ], [ 145.142589742886486, -37.892959650932681 ], [ 145.142590311065248, -37.892937044659504 ], [ 145.14252229945555, -37.892926961071979 ], [ 145.142536790962708, -37.892805554055442 ], [ 145.142542867703526, -37.892787629861658 ], [ 145.142565758080622, -37.892783486147131 ] ] ] ] } },
{ "type": "Feature", "properties": { "Join_Count": 1, "TARGET_FID": 671611, "BF_FID": 1675271, "PARCEL_VIE": "2613554", "LAND_USE_T": "Residential - R1Z", "FLOOR_LEVE": -9.99, "FLOOD_RISK": -9999, "GROUND_ELE": 118.32, "HEIGHT_AVE": 3.9, "NO_OF_GROU": 0, "NO_ABOVE_G": -9999, "SOURCE_OF_": 1, "ACCURACY_O": 0, "DATE_CAPTU": null, "CAPTURED_B": null, "DATE_LAST_": null, "UPDATED_BY": null, "MI_PRINX": 0.0, "LGA_CODE": "348", "LGA_NAME": "MONASH", "height": 0 }, "geometry": { "type": "MultiPolygon", "coordinates": [ [ [ [ 145.142800309538757, -37.892953874223231 ], [ 145.142766075098763, -37.892957929043547 ], [ 145.142760017835144, -37.892971348527958 ], [ 145.142708952494104, -37.892966037534499 ], [ 145.142742203044378, -37.892777261040735 ], [ 145.142852211996058, -37.892780348760986 ], [ 145.142847128309, -37.892900552788852 ], [ 145.142800309538757, -37.892953874223231 ] ] ] ] } },
{ "type": "Feature", "properties": { "Join_Count": 1, "TARGET_FID": 671612, "BF_FID": 1675272, "PARCEL_VIE": "2613555", "LAND_USE_T": "Residential - R1Z", "FLOOR_LEVE": -9.99, "FLOOD_RISK": -9999, "GROUND_ELE": 118.44, "HEIGHT_AVE": 4.28, "NO_OF_GROU": 0, "NO_ABOVE_G": -9999, "SOURCE_OF_": 1, "ACCURACY_O": 0, "DATE_CAPTU": null, "CAPTURED_B": null, "DATE_LAST_": null, "UPDATED_BY": null, "MI_PRINX": 0.0, "LGA_CODE": "348", "LGA_NAME": "MONASH", "height": 0 }, "geometry": { "type": "MultiPolygon", "coordinates": [ [ [ [ 145.143020684715736, -37.892781655966708 ], [ 145.143088583120488, -37.892796242507643 ], [ 145.143073112978215, -37.892949169358261 ], [ 145.143033215694629, -37.892962144952875 ], [ 145.143010438441621, -37.892961785514764 ], [ 145.143005948268552, -37.892916574271695 ], [ 145.14295476978242, -37.8929157666281 ], [ 145.142949957326891, -37.892879650454454 ], [ 145.142921556093938, -37.892879202246242 ], [ 145.142916291005406, -37.892861099041831 ], [ 145.142935161072302, -37.89278931638178 ], [ 145.143020684715736, -37.892781655966708 ] ] ] ] } },
{ "type": "Feature", "properties": { "Join_Count": 1, "TARGET_FID": 671613, "BF_FID": 1675273, "PARCEL_VIE": "2613556", "LAND_USE_T": "Residential - R1Z", "FLOOR_LEVE": -9.99, "FLOOD_RISK": -9999, "GROUND_ELE": 118.62, "HEIGHT_AVE": 3.61, "NO_OF_GROU": 0, "NO_ABOVE_G": -9999, "SOURCE_OF_": 1, "ACCURACY_O": 0, "DATE_CAPTU": null, "CAPTURED_B": null, "DATE_LAST_": null, "UPDATED_BY": null, "MI_PRINX": 0.0, "LGA_CODE": "348", "LGA_NAME": "MONASH", "height": 0 }, "geometry": { "type": "MultiPolygon", "coordinates": [ [ [ [ 145.14321464170726, -37.892757686384265 ], [ 145.143236193737295, -37.892803076736762 ], [ 145.143276143557102, -37.892799202058633 ], [ 145.143302621400323, -37.892876205321329 ], [ 145.143147935102803, -37.892923319866512 ], [ 145.143120684772157, -37.89287333455286 ], [ 145.143138536303923, -37.892842081043568 ], [ 145.143122721475009, -37.892792276176742 ], [ 145.143140459836189, -37.892765525909425 ], [ 145.14321464170726, -37.892757686384265 ] ] ] ] } },
{ "type": "Feature", "properties": { "Join_Count": 1, "TARGET_FID": 671614, "BF_FID": 1675274, "PARCEL_VIE": "2613557", "LAND_USE_T": "Residential - R1Z", "FLOOR_LEVE": -9.99, "FLOOD_RISK": -9999, "GROUND_ELE": 118.68, "HEIGHT_AVE": 3.06, "NO_OF_GROU": 0, "NO_ABOVE_G": -9999, "SOURCE_OF_": 1, "ACCURACY_O": 0, "DATE_CAPTU": null, "CAPTURED_B": null, "DATE_LAST_": null, "UPDATED_BY": null, "MI_PRINX": 0.0, "LGA_CODE": "348", "LGA_NAME": "MONASH", "height": 0 }, "geometry": { "type": "MultiPolygon", "coordinates": [ [ [ [ 145.143543652082798, -37.892717827058604 ], [ 145.143561076487913, -37.892767026560726 ], [ 145.143410675822736, -37.892800333577711 ], [ 145.143406062821185, -37.892819722521551 ], [ 145.143361833899348, -37.89282596244513 ], [ 145.143340152586973, -37.892740925821883 ], [ 145.143543652082798, -37.892717827058604 ] ] ] ] } },
{ "type": "Feature", "properties": { "Join_Count": 1, "TARGET_FID": 671618, "BF_FID": 1675278, "PARCEL_VIE": "2613564", "LAND_USE_T": "Residential - R1Z", "FLOOR_LEVE": -9.99, "FLOOD_RISK": -9999, "GROUND_ELE": 114.42, "HEIGHT_AVE": 3.5, "NO_OF_GROU": 0, "NO_ABOVE_G": -9999, "SOURCE_OF_": 1, "ACCURACY_O": 0, "DATE_CAPTU": null, "CAPTURED_B": null, "DATE_LAST_": null, "UPDATED_BY": null, "MI_PRINX": 0.0, "LGA_CODE": "348", "LGA_NAME": "MONASH", "height": 0 }, "geometry": { "type": "MultiPolygon", "coordinates": [ [ [ [ 145.140361629791698, -37.892703624323225 ], [ 145.140395522002649, -37.892713169976297 ], [ 145.140369118699653, -37.892856913585682 ], [ 145.140294463621956, -37.892887268966469 ], [ 145.140293897008632, -37.892909785145648 ], [ 145.140254060339743, -37.892909155569562 ], [ 145.140253604772425, -37.892927258577146 ], [ 145.14018568728028, -37.892917175128687 ], [ 145.140193353465492, -37.892836115708718 ], [ 145.140233416745843, -37.892827738832864 ], [ 145.140241598779397, -37.892774618726904 ], [ 145.14028653776279, -37.892773707132925 ], [ 145.14029362991991, -37.892734084878875 ], [ 145.140309658283059, -37.892734338185917 ], [ 145.140333228668084, -37.892703175492287 ], [ 145.140361629791698, -37.892703624323225 ] ] ] ] } },
{ "type": "Feature", "properties": { "Join_Count": 1, "TARGET_FID": 671619, "BF_FID": 1675279, "PARCEL_VIE": "2613565", "LAND_USE_T": "Residential - R1Z", "FLOOR_LEVE": -9.99, "FLOOD_RISK": -9999, "GROUND_ELE": 115.1, "HEIGHT_AVE": 3.49, "NO_OF_GROU": 0, "NO_ABOVE_G": -9999, "SOURCE_OF_": 1, "ACCURACY_O": 0, "DATE_CAPTU": null, "CAPTURED_B": null, "DATE_LAST_": null, "UPDATED_BY": null, "MI_PRINX": 0.0, "LGA_CODE": "348", "LGA_NAME": "MONASH", "height": 0 }, "geometry": { "type": "MultiPolygon", "coordinates": [ [ [ [ 145.140582402115342, -37.892743153232956 ], [ 145.140614345548499, -37.892748163003077 ], [ 145.140606344251808, -37.892831379574311 ], [ 145.140432658623041, -37.892817372455376 ], [ 145.14044007605051, -37.892749914265586 ], [ 145.140559171737891, -37.892760806268889 ], [ 145.140559624961554, -37.89274279332237 ], [ 145.140582402115342, -37.892743153232956 ] ] ] ] } },
{ "type": "Feature", "properties": { "Join_Count": 1, "TARGET_FID": 671620, "BF_FID": 1675280, "PARCEL_VIE": "2613566", "LAND_USE_T": "Residential - R1Z", "FLOOR_LEVE": -9.99, "FLOOD_RISK": -9999, "GROUND_ELE": 115.73, "HEIGHT_AVE": 3.74, "NO_OF_GROU": 0, "NO_ABOVE_G": -9999, "SOURCE_OF_": 1, "ACCURACY_O": 0, "DATE_CAPTU": null, "CAPTURED_B": null, "DATE_LAST_": null, "UPDATED_BY": null, "MI_PRINX": 0.0, "LGA_CODE": "348", "LGA_NAME": "MONASH", "height": 0 }, "geometry": { "type": "MultiPolygon", "coordinates": [ [ [ [ 145.140791965824292, -37.892773494585875 ], [ 145.1408207223582, -37.892778453948694 ], [ 145.140799920958358, -37.892912014705956 ], [ 145.140669357789932, -37.892902203159259 ], [ 145.140652638222775, -37.892888423898412 ], [ 145.140659262358724, -37.892852488348176 ], [ 145.140707366270277, -37.892845049262164 ], [ 145.140709531136935, -37.892803727318999 ], [ 145.1407291058986, -37.892786016494398 ], [ 145.140791965824292, -37.892773494585875 ] ] ] ] } },
{ "type": "Feature", "properties": { "Join_Count": 1, "TARGET_FID": 671621, "BF_FID": 1675281, "PARCEL_VIE": "2613567", "LAND_USE_T": "Residential - R1Z", "FLOOR_LEVE": -9.99, "FLOOD_RISK": -9999, "GROUND_ELE": 116.48, "HEIGHT_AVE": 3.73, "NO_OF_GROU": 0, "NO_ABOVE_G": -9999, "SOURCE_OF_": 1, "ACCURACY_O": 0, "DATE_CAPTU": null, "CAPTURED_B": null, "DATE_LAST_": null, "UPDATED_BY": null, "MI_PRINX": 0.0, "LGA_CODE": "348", "LGA_NAME": "MONASH", "height": 0 }, "geometry": { "type": "MultiPolygon", "coordinates": [ [ [ [ 145.140893869333325, -37.89279312467616 ], [ 145.140969168197358, -37.892830354490179 ], [ 145.140971614214408, -37.892889679290533 ], [ 145.141010880847574, -37.892886875797494 ], [ 145.141009985942986, -37.892922451375057 ], [ 145.140877837972084, -37.892930905433332 ], [ 145.14086863554229, -37.892797231040909 ], [ 145.140893869333325, -37.89279312467616 ] ] ] ] } },
{ "type": "Feature", "properties": { "Join_Count": 1, "TARGET_FID": 671622, "BF_FID": 1675282, "PARCEL_VIE": "2613568", "LAND_USE_T": "Residential - R1Z", "FLOOR_LEVE": -9.99, "FLOOD_RISK": -9999, "GROUND_ELE": 117.61, "HEIGHT_AVE": 3.58, "NO_OF_GROU": 0, "NO_ABOVE_G": -9999, "SOURCE_OF_": 1, "ACCURACY_O": 0, "DATE_CAPTU": null, "CAPTURED_B": null, "DATE_LAST_": null, "UPDATED_BY": null, "MI_PRINX": 0.0, "LGA_CODE": "348", "LGA_NAME": "MONASH", "height": 0 }, "geometry": { "type": "MultiPolygon", "coordinates": [ [ [ [ 145.141376012743507, -37.89287984918392 ], [ 145.141408937533157, -37.892886856451391 ], [ 145.14143029820832, -37.892939812546771 ], [ 145.141337479409742, -37.893017544901419 ], [ 145.141264513582229, -37.892977018451802 ], [ 145.141265023269426, -37.892956753879602 ], [ 145.141271100329988, -37.892938829760347 ], [ 145.141299051013931, -37.892938550446509 ], [ 145.141376012743507, -37.89287984918392 ] ] ] ] } },
{ "type": "Feature", "properties": { "Join_Count": 1, "TARGET_FID": 671623, "BF_FID": 1675283, "PARCEL_VIE": "2613569", "LAND_USE_T": "Residential - R1Z", "FLOOR_LEVE": -9.99, "FLOOD_RISK": -9999, "GROUND_ELE": 117.77, "HEIGHT_AVE": 3.57, "NO_OF_GROU": 0, "NO_ABOVE_G": -9999, "SOURCE_OF_": 1, "ACCURACY_O": 0, "DATE_CAPTU": null, "CAPTURED_B": null, "DATE_LAST_": null, "UPDATED_BY": null, "MI_PRINX": 0.0, "LGA_CODE": "348", "LGA_NAME": "MONASH", "height": 0 }, "geometry": { "type": "MultiPolygon", "coordinates": [ [ [ [ 145.141674952074879, -37.892935837633139 ], [ 145.141652674473477, -37.893143077490905 ], [ 145.141510800678901, -37.893131826845341 ], [ 145.141511819923409, -37.893091297696245 ], [ 145.14149476040194, -37.893091028266603 ], [ 145.141489948654794, -37.893054912052627 ], [ 145.141528758199485, -37.893032999851968 ], [ 145.141524494583336, -37.892878139770474 ], [ 145.141683373895688, -37.892895515482316 ], [ 145.141674952074879, -37.892935837633139 ] ] ] ] } },
{ "type": "Feature", "properties": { "Join_Count": 1, "TARGET_FID": 671624, "BF_FID": 1675284, "PARCEL_VIE": "2613570", "LAND_USE_T": "Residential - R1Z", "FLOOR_LEVE": -9.99, "FLOOD_RISK": -9999, "GROUND_ELE": 118.01, "HEIGHT_AVE": 4.25, "NO_OF_GROU": 0, "NO_ABOVE_G": -9999, "SOURCE_OF_": 1, "ACCURACY_O": 0, "DATE_CAPTU": null, "CAPTURED_B": null, "DATE_LAST_": null, "UPDATED_BY": null, "MI_PRINX": 0.0, "LGA_CODE": "348", "LGA_NAME": "MONASH", "height": 0 }, "geometry": { "type": "MultiPolygon", "coordinates": [ [ [ [ 145.141742294591012, -37.892968796684158 ], [ 145.14178201809338, -37.892973928997023 ], [ 145.141786849478819, -37.893005540483415 ], [ 145.141832083788103, -37.893015264828705 ], [ 145.141842386993034, -37.893060477799509 ], [ 145.141828548752102, -37.893155855969745 ], [ 145.141697908846396, -37.893152801889329 ], [ 145.141710722712304, -37.893094438885846 ], [ 145.14168803916931, -37.89309408067102 ], [ 145.141689398030138, -37.893040041799715 ], [ 145.141707949126726, -37.892977264369478 ], [ 145.141742294591012, -37.892968796684158 ] ] ] ] } },
{ "type": "Feature", "properties": { "Join_Count": 1, "TARGET_FID": 671625, "BF_FID": 1675285, "PARCEL_VIE": "2613571", "LAND_USE_T": "Residential - R1Z", "FLOOR_LEVE": -9.99, "FLOOD_RISK": -9999, "GROUND_ELE": 118.04, "HEIGHT_AVE": 4.79, "NO_OF_GROU": 0, "NO_ABOVE_G": -9999, "SOURCE_OF_": 1, "ACCURACY_O": 0, "DATE_CAPTU": null, "CAPTURED_B": null, "DATE_LAST_": null, "UPDATED_BY": null, "MI_PRINX": 0.0, "LGA_CODE": "348", "LGA_NAME": "MONASH", "height": 0 }, "geometry": { "type": "MultiPolygon", "coordinates": [ [ [ [ 145.14198296847735, -37.89304107345081 ], [ 145.142052971153959, -37.893050287781577 ], [ 145.142020509803928, -37.893229976358008 ], [ 145.14187265629829, -37.893214126704862 ], [ 145.141893245361558, -37.893070290928861 ], [ 145.141910694375667, -37.893055069155551 ], [ 145.141981299323049, -37.893058977106172 ], [ 145.14198296847735, -37.89304107345081 ] ] ] ] } },
{ "type": "Feature", "properties": { "Join_Count": 1, "TARGET_FID": 671626, "BF_FID": 1675286, "PARCEL_VIE": "2613572", "LAND_USE_T": "Residential - R1Z", "FLOOR_LEVE": -9.99, "FLOOD_RISK": -9999, "GROUND_ELE": 118.21, "HEIGHT_AVE": 4.12, "NO_OF_GROU": 0, "NO_ABOVE_G": -9999, "SOURCE_OF_": 1, "ACCURACY_O": 0, "DATE_CAPTU": null, "CAPTURED_B": null, "DATE_LAST_": null, "UPDATED_BY": null, "MI_PRINX": 0.0, "LGA_CODE": "348", "LGA_NAME": "MONASH", "height": 0 }, "geometry": { "type": "MultiPolygon", "coordinates": [ [ [ [ 145.142122785583354, -37.893272136407759 ], [ 145.142120305882287, -37.893303632451108 ], [ 145.14204123341014, -37.893293373950428 ], [ 145.142068219226474, -37.89312260897379 ], [ 145.142210120285938, -37.893132778171143 ], [ 145.142184273675326, -37.893258240590356 ], [ 145.142123909056437, -37.893257287554142 ], [ 145.142122785583354, -37.893272136407759 ] ] ] ] } },
{ "type": "Feature", "properties": { "Join_Count": 1, "TARGET_FID": 671627, "BF_FID": 1675287, "PARCEL_VIE": "2613573", "LAND_USE_T": "Residential - R1Z", "FLOOR_LEVE": -9.99, "FLOOD_RISK": -9999, "GROUND_ELE": 118.34, "HEIGHT_AVE": 3.72, "NO_OF_GROU": 0, "NO_ABOVE_G": -9999, "SOURCE_OF_": 1, "ACCURACY_O": 0, "DATE_CAPTU": null, "CAPTURED_B": null, "DATE_LAST_": null, "UPDATED_BY": null, "MI_PRINX": 0.0, "LGA_CODE": "348", "LGA_NAME": "MONASH", "height": 0 }, "geometry": { "type": "MultiPolygon", "coordinates": [ [ [ [ 145.142401834881611, -37.893198064194763 ], [ 145.142387195893576, -37.893325325392318 ], [ 145.142352868882142, -37.89332559440539 ], [ 145.142340779508771, -37.893362615087362 ], [ 145.142240013627685, -37.893353636066244 ], [ 145.142263635932352, -37.893238319883523 ], [ 145.142287069397895, -37.893238689826696 ], [ 145.142294032387383, -37.893189244444322 ], [ 145.142401834881611, -37.893198064194763 ] ] ] ] } },
{ "type": "Feature", "properties": { "Join_Count": 1, "TARGET_FID": 671628, "BF_FID": 1675288, "PARCEL_VIE": "2613574", "LAND_USE_T": "Residential - R1Z", "FLOOR_LEVE": -9.99, "FLOOD_RISK": -9999, "GROUND_ELE": 118.26, "HEIGHT_AVE": 3.77, "NO_OF_GROU": 0, "NO_ABOVE_G": -9999, "SOURCE_OF_": 1, "ACCURACY_O": 0, "DATE_CAPTU": null, "CAPTURED_B": null, "DATE_LAST_": null, "UPDATED_BY": null, "MI_PRINX": 0.0, "LGA_CODE": "348", "LGA_NAME": "MONASH", "height": 0 }, "geometry": { "type": "MultiPolygon", "coordinates": [ [ [ [ 145.142492482768233, -37.893210397283994 ], [ 145.142492030007929, -37.893228410248845 ], [ 145.142526149133801, -37.893228948818248 ], [ 145.142525583193247, -37.89325146502464 ], [ 145.142548153608516, -37.893256326320675 ], [ 145.142557191856497, -37.893351885477053 ], [ 145.142435752405987, -37.893344652610999 ], [ 145.142440964514094, -37.893223099135142 ], [ 145.14245264588763, -37.893209768447733 ], [ 145.142492482768233, -37.893210397283994 ] ] ] ] } },
{ "type": "Feature", "properties": { "Join_Count": 1, "TARGET_FID": 671629, "BF_FID": 1675289, "PARCEL_VIE": "2613575", "LAND_USE_T": "Residential - R1Z", "FLOOR_LEVE": -9.99, "FLOOD_RISK": -9999, "GROUND_ELE": 118.38, "HEIGHT_AVE": 4.21, "NO_OF_GROU": 0, "NO_ABOVE_G": -9999, "SOURCE_OF_": 1, "ACCURACY_O": 0, "DATE_CAPTU": null, "CAPTURED_B": null, "DATE_LAST_": null, "UPDATED_BY": null, "MI_PRINX": 0.0, "LGA_CODE": "348", "LGA_NAME": "MONASH", "height": 0 }, "geometry": { "type": "MultiPolygon", "coordinates": [ [ [ [ 145.142713371078372, -37.893245419019166 ], [ 145.142766573052285, -37.893255268762573 ], [ 145.142746890835411, -37.893471289564971 ], [ 145.142633848755366, -37.89346572114615 ], [ 145.142645291545961, -37.893376071501841 ], [ 145.142613449131176, -37.893374487695489 ], [ 145.142620072371386, -37.893338552013873 ], [ 145.142660494672867, -37.893312159866447 ], [ 145.142673194636387, -37.893258299982115 ], [ 145.142713371078372, -37.893245419019166 ] ] ] ] } },
{ "type": "Feature", "properties": { "Join_Count": 1, "TARGET_FID": 671630, "BF_FID": 1675290, "PARCEL_VIE": "2613576", "LAND_USE_T": "Residential - R1Z", "FLOOR_LEVE": -9.99, "FLOOD_RISK": -9999, "GROUND_ELE": 118.28, "HEIGHT_AVE": 3.83, "NO_OF_GROU": 0, "NO_ABOVE_G": -9999, "SOURCE_OF_": 1, "ACCURACY_O": 0, "DATE_CAPTU": null, "CAPTURED_B": null, "DATE_LAST_": null, "UPDATED_BY": null, "MI_PRINX": 0.0, "LGA_CODE": "348", "LGA_NAME": "MONASH", "height": 0 }, "geometry": { "type": "MultiPolygon", "coordinates": [ [ [ [ 145.142866768205636, -37.893249642033418 ], [ 145.142871852238244, -37.893274950426751 ], [ 145.142934259614492, -37.893280440344853 ], [ 145.142937620385339, -37.893370593945114 ], [ 145.142920560785655, -37.893370324720436 ], [ 145.142913354693491, -37.893433191289766 ], [ 145.142798624107513, -37.893431380606074 ], [ 145.142786764608275, -37.893418218951922 ], [ 145.142809403055338, -37.89324873668653 ], [ 145.142866768205636, -37.893249642033418 ] ] ] ] } },
{ "type": "Feature", "properties": { "Join_Count": 1, "TARGET_FID": 671631, "BF_FID": 1675291, "PARCEL_VIE": "2613577", "LAND_USE_T": "Residential - R1Z", "FLOOR_LEVE": -9.99, "FLOOD_RISK": -9999, "GROUND_ELE": 118.33, "HEIGHT_AVE": 3.65, "NO_OF_GROU": 0, "NO_ABOVE_G": -9999, "SOURCE_OF_": 1, "ACCURACY_O": 0, "DATE_CAPTU": null, "CAPTURED_B": null, "DATE_LAST_": null, "UPDATED_BY": null, "MI_PRINX": 0.0, "LGA_CODE": "348", "LGA_NAME": "MONASH", "height": 0 }, "geometry": { "type": "MultiPolygon", "coordinates": [ [ [ [ 145.143128676389381, -37.893234493637749 ], [ 145.143162000990714, -37.893247993966916 ], [ 145.143157756462841, -37.893375869794035 ], [ 145.143081718702774, -37.893379174961723 ], [ 145.143067700478582, -37.893399676881224 ], [ 145.143005292989102, -37.893394187031141 ], [ 145.143013293372519, -37.893299707691497 ], [ 145.143079703609203, -37.893295169437252 ], [ 145.14308121082621, -37.893235186244752 ], [ 145.143128676389381, -37.893234493637749 ] ] ] ] } },
{ "type": "Feature", "properties": { "Join_Count": 1, "TARGET_FID": 671635, "BF_FID": 1675295, "PARCEL_VIE": "2613618", "LAND_USE_T": "Residential - R1Z", "FLOOR_LEVE": -9.99, "FLOOD_RISK": -9999, "GROUND_ELE": 115.2, "HEIGHT_AVE": 3.52, "NO_OF_GROU": 0, "NO_ABOVE_G": -9999, "SOURCE_OF_": 1, "ACCURACY_O": 0, "DATE_CAPTU": null, "CAPTURED_B": null, "DATE_LAST_": null, "UPDATED_BY": null, "MI_PRINX": 0.0, "LGA_CODE": "348", "LGA_NAME": "MONASH", "height": 0 }, "geometry": { "type": "MultiPolygon", "coordinates": [ [ [ [ 145.140309934313962, -37.892950673935637 ], [ 145.140422015699556, -37.892979475336219 ], [ 145.140418211940784, -37.893074741592628 ], [ 145.140324160761679, -37.893063524432016 ], [ 145.140319122946664, -37.893036414656613 ], [ 145.140274712858428, -37.893031207783736 ], [ 145.140284720031588, -37.89295027545564 ], [ 145.140309934313962, -37.892950673935637 ] ] ] ] } },
{ "type": "Feature", "properties": { "Join_Count": 1, "TARGET_FID": 671636, "BF_FID": 1675296, "PARCEL_VIE": "2613619", "LAND_USE_T": "Residential - R1Z", "FLOOR_LEVE": -9.99, "FLOOD_RISK": -9999, "GROUND_ELE": 115.26, "HEIGHT_AVE": 4.21, "NO_OF_GROU": 0, "NO_ABOVE_G": -9999, "SOURCE_OF_": 1, "ACCURACY_O": 0, "DATE_CAPTU": null, "CAPTURED_B": null, "DATE_LAST_": null, "UPDATED_BY": null, "MI_PRINX": 0.0, "LGA_CODE": "348", "LGA_NAME": "MONASH", "height": 0 }, "geometry": { "type": "MultiPolygon", "coordinates": [ [ [ [ 145.140373936502812, -37.893276587908431 ], [ 145.140331706916498, -37.893311420149963 ], [ 145.140312210275596, -37.893311112033203 ], [ 145.14029020663142, -37.893283734134016 ], [ 145.140256630333766, -37.893287708521001 ], [ 145.140138823991407, -37.893195746106251 ], [ 145.140223364907172, -37.893134011883944 ], [ 145.140365308598035, -37.89323563601954 ], [ 145.140343652708111, -37.893261513039661 ], [ 145.140373936502812, -37.893276587908431 ] ] ] ] } },
{ "type": "Feature", "properties": { "Join_Count": 1, "TARGET_FID": 671637, "BF_FID": 1675297, "PARCEL_VIE": "2613620", "LAND_USE_T": "Residential - R1Z", "FLOOR_LEVE": -9.99, "FLOOD_RISK": -9999, "GROUND_ELE": 114.47, "HEIGHT_AVE": 4.16, "NO_OF_GROU": 0, "NO_ABOVE_G": -9999, "SOURCE_OF_": 1, "ACCURACY_O": 0, "DATE_CAPTU": null, "CAPTURED_B": null, "DATE_LAST_": null, "UPDATED_BY": null, "MI_PRINX": 0.0, "LGA_CODE": "348", "LGA_NAME": "MONASH", "height": 0 }, "geometry": { "type": "MultiPolygon", "coordinates": [ [ [ [ 145.140076076944496, -37.893203764417549 ], [ 145.140072587369843, -37.89331633492182 ], [ 145.13995997812728, -37.893301039920878 ], [ 145.139959196048494, -37.893332112240039 ], [ 145.139899427853265, -37.893329815980898 ], [ 145.139909782234042, -37.893223931335825 ], [ 145.140041598254157, -37.893221239559672 ], [ 145.140042051611402, -37.89320322661986 ], [ 145.140076076944496, -37.893203764417549 ] ] ] ] } },
{ "type": "Feature", "properties": { "Join_Count": 1, "TARGET_FID": 671638, "BF_FID": 1675298, "PARCEL_VIE": "2613621", "LAND_USE_T": "Residential - R1Z", "FLOOR_LEVE": -9.99, "FLOOD_RISK": -9999, "GROUND_ELE": 113.33, "HEIGHT_AVE": 3.34, "NO_OF_GROU": 0, "NO_ABOVE_G": -9999, "SOURCE_OF_": 1, "ACCURACY_O": 0, "DATE_CAPTU": null, "CAPTURED_B": null, "DATE_LAST_": null, "UPDATED_BY": null, "MI_PRINX": 0.0, "LGA_CODE": "348", "LGA_NAME": "MONASH", "height": 0 }, "geometry": { "type": "MultiPolygon", "coordinates": [ [ [ [ 145.139779062466971, -37.893145820123152 ], [ 145.139683781837931, -37.893202068307382 ], [ 145.139678497901428, -37.893188469695033 ], [ 145.139644492212881, -37.893183427066788 ], [ 145.13962833960295, -37.893147131494551 ], [ 145.139592045065285, -37.893151062718168 ], [ 145.1395656422429, -37.893108478248038 ], [ 145.13979216996043, -37.893031149156954 ], [ 145.139821013884813, -37.893092242774252 ], [ 145.13976949616449, -37.893119810046187 ], [ 145.139779062466971, -37.893145820123152 ] ] ] ] } },
{ "type": "Feature", "properties": { "Join_Count": 1, "TARGET_FID": 671639, "BF_FID": 1675299, "PARCEL_VIE": "2613622", "LAND_USE_T": "Residential - R1Z", "FLOOR_LEVE": -9.99, "FLOOD_RISK": -9999, "GROUND_ELE": 112.79, "HEIGHT_AVE": 4.12, "NO_OF_GROU": 0, "NO_ABOVE_G": -9999, "SOURCE_OF_": 1, "ACCURACY_O": 0, "DATE_CAPTU": null, "CAPTURED_B": null, "DATE_LAST_": null, "UPDATED_BY": null, "MI_PRINX": 0.0, "LGA_CODE": "348", "LGA_NAME": "MONASH", "height": 0 }, "geometry": { "type": "MultiPolygon", "coordinates": [ [ [ [ 145.139681171111818, -37.892855049909912 ], [ 145.13985648281772, -37.892893861488382 ], [ 145.139837380780534, -37.892974740108329 ], [ 145.13962198586907, -37.892948809890981 ], [ 145.139612120137059, -37.892889998475802 ], [ 145.139640748045622, -37.892881441014232 ], [ 145.139647052213661, -37.892854510520401 ], [ 145.139681171111818, -37.892855049909912 ] ] ] ] } },
{ "type": "Feature", "properties": { "Join_Count": 1, "TARGET_FID": 671640, "BF_FID": 1675300, "PARCEL_VIE": "2613623", "LAND_USE_T": "Residential - R1Z", "FLOOR_LEVE": -9.99, "FLOOD_RISK": -9999, "GROUND_ELE": 117.68, "HEIGHT_AVE": 3.59, "NO_OF_GROU": 0, "NO_ABOVE_G": -9999, "SOURCE_OF_": 1, "ACCURACY_O": 0, "DATE_CAPTU": null, "CAPTURED_B": null, "DATE_LAST_": null, "UPDATED_BY": null, "MI_PRINX": 0.0, "LGA_CODE": "348", "LGA_NAME": "MONASH", "height": 0 }, "geometry": { "type": "MultiPolygon", "coordinates": [ [ [ [ 145.141436374530969, -37.893153086412418 ], [ 145.141486324627095, -37.893199015691565 ], [ 145.141405218827543, -37.893262156595313 ], [ 145.141460868622517, -37.893308896712433 ], [ 145.141437239607342, -37.893342401320339 ], [ 145.141413712386253, -37.893342029726675 ], [ 145.141286569840929, -37.893229738466282 ], [ 145.141281364031812, -37.893209293515696 ], [ 145.141316049433698, -37.893187316244664 ], [ 145.141353710331742, -37.89319989446912 ], [ 145.141436374530969, -37.893153086412418 ] ] ] ] } },
{ "type": "Feature", "properties": { "Join_Count": 1, "TARGET_FID": 671641, "BF_FID": 1675301, "PARCEL_VIE": "2613624", "LAND_USE_T": "Residential - R1Z", "FLOOR_LEVE": -9.99, "FLOOD_RISK": -9999, "GROUND_ELE": 117.59, "HEIGHT_AVE": 3.81, "NO_OF_GROU": 0, "NO_ABOVE_G": -9999, "SOURCE_OF_": 1, "ACCURACY_O": 0, "DATE_CAPTU": null, "CAPTURED_B": null, "DATE_LAST_": null, "UPDATED_BY": null, "MI_PRINX": 0.0, "LGA_CODE": "348", "LGA_NAME": "MONASH", "height": 0 }, "geometry": { "type": "MultiPolygon", "coordinates": [ [ [ [ 145.141208883665826, -37.893380601072558 ], [ 145.141187123228264, -37.893388276289663 ], [ 145.141155042952875, -37.893306679051754 ], [ 145.141210727088577, -37.89328494341693 ], [ 145.14120143778527, -37.893262812150411 ], [ 145.141258131149698, -37.893245687562057 ], [ 145.141311259778945, -37.893344195737448 ], [ 145.141208883665826, -37.893380601072558 ] ] ] ] } },
{ "type": "Feature", "properties": { "Join_Count": 1, "TARGET_FID": 671642, "BF_FID": 1675302, "PARCEL_VIE": "2613625", "LAND_USE_T": "Residential - R1Z", "FLOOR_LEVE": -9.99, "FLOOD_RISK": -9999, "GROUND_ELE": 117.13, "HEIGHT_AVE": 3.62, "NO_OF_GROU": 0, "NO_ABOVE_G": -9999, "SOURCE_OF_": 1, "ACCURACY_O": 0, "DATE_CAPTU": null, "CAPTURED_B": null, "DATE_LAST_": null, "UPDATED_BY": null, "MI_PRINX": 0.0, "LGA_CODE": "348", "LGA_NAME": "MONASH", "height": 0 }, "geometry": { "type": "MultiPolygon", "coordinates": [ [ [ [ 145.140920723519883, -37.893209182731987 ], [ 145.140939610669278, -37.893233718163621 ], [ 145.140979601592448, -37.893228223109482 ], [ 145.140989386888833, -37.893290276767303 ], [ 145.14102327945443, -37.893299822247776 ], [ 145.141022146654308, -37.89334485462156 ], [ 145.140891836943496, -37.893347300991387 ], [ 145.140873640558766, -37.893213304312617 ], [ 145.140920723519883, -37.893209182731987 ] ] ] ] } },
{ "type": "Feature", "properties": { "Join_Count": 1, "TARGET_FID": 671643, "BF_FID": 1675303, "PARCEL_VIE": "2613626", "LAND_USE_T": "Residential - R1Z", "FLOOR_LEVE": -9.99, "FLOOD_RISK": -9999, "GROUND_ELE": 116.64, "HEIGHT_AVE": 3.58, "NO_OF_GROU": 0, "NO_ABOVE_G": -9999, "SOURCE_OF_": 1, "ACCURACY_O": 0, "DATE_CAPTU": null, "CAPTURED_B": null, "DATE_LAST_": null, "UPDATED_BY": null, "MI_PRINX": 0.0, "LGA_CODE": "348", "LGA_NAME": "MONASH", "height": 0 }, "geometry": { "type": "MultiPolygon", "coordinates": [ [ [ [ 145.140765697910552, -37.89306842913583 ], [ 145.14080820321297, -37.893112078659506 ], [ 145.140818743595133, -37.893106839158598 ], [ 145.140859080074421, -37.893143516656686 ], [ 145.140879539527958, -37.89313537044292 ], [ 145.140896032618713, -37.893158156147926 ], [ 145.140790882351439, -37.893230287205846 ], [ 145.140741469858369, -37.893133189024638 ], [ 145.140714474568284, -37.893132762496244 ], [ 145.140692642427609, -37.893106018084211 ], [ 145.140765697910552, -37.89306842913583 ] ] ] ] } },
{ "type": "Feature", "properties": { "Join_Count": 1, "TARGET_FID": 671654, "BF_FID": 1675314, "PARCEL_VIE": "2613640", "LAND_USE_T": "Residential - R1Z", "FLOOR_LEVE": -9.99, "FLOOD_RISK": -9999, "GROUND_ELE": 118.57, "HEIGHT_AVE": 5.73, "NO_OF_GROU": 0, "NO_ABOVE_G": -9999, "SOURCE_OF_": 1, "ACCURACY_O": 0, "DATE_CAPTU": null, "CAPTURED_B": null, "DATE_LAST_": null, "UPDATED_BY": null, "MI_PRINX": 0.0, "LGA_CODE": "348", "LGA_NAME": "MONASH", "height": 0 }, "geometry": { "type": "MultiPolygon", "coordinates": [ [ [ [ 145.144018127316798, -37.893139864248425 ], [ 145.144125203970702, -37.893177593258144 ], [ 145.144123959974422, -37.893227128957491 ], [ 145.144105204017279, -37.893294408585142 ], [ 145.144069809741154, -37.893296102876732 ], [ 145.143992936720593, -37.893534287660273 ], [ 145.14394344499604, -37.893533507046875 ], [ 145.14391903955368, -37.893609166984419 ], [ 145.143796482058121, -37.893586690887219 ], [ 145.14381602336735, -37.89348815880529 ], [ 145.1437822434346, -37.893474110873711 ], [ 145.143788979231942, -37.893433671867896 ], [ 145.143812570052177, -37.893397913660237 ], [ 145.143852520172857, -37.893394038794362 ], [ 145.143877239749429, -37.893313338190872 ], [ 145.143854556111393, -37.893312980391784 ], [ 145.143855234755762, -37.89328596092399 ], [ 145.143719436742941, -37.893256788659421 ], [ 145.143702470895875, -37.893256521027361 ], [ 145.143602968736332, -37.893592918593434 ], [ 145.143489702062482, -37.893577616590825 ], [ 145.143607071005533, -37.893205640958243 ], [ 145.143635734814183, -37.893195641477895 ], [ 145.143692279640362, -37.893206804946146 ], [ 145.143710017904652, -37.893180054591959 ], [ 145.143868612485846, -37.893205081419204 ], [ 145.143892520871503, -37.893160408245045 ], [ 145.143949210484294, -37.893165807436681 ], [ 145.143955606853837, -37.89313887815122 ], [ 145.144018127316798, -37.893139864248425 ] ] ] ] } },
{ "type": "Feature", "properties": { "Join_Count": 1, "TARGET_FID": 671655, "BF_FID": 1675315, "PARCEL_VIE": "2613640", "LAND_USE_T": "Residential - R1Z", "FLOOR_LEVE": -9.99, "FLOOD_RISK": -9999, "GROUND_ELE": 118.43, "HEIGHT_AVE": 3.5, "NO_OF_GROU": 0, "NO_ABOVE_G": -9999, "SOURCE_OF_": 1, "ACCURACY_O": 0, "DATE_CAPTU": null, "CAPTURED_B": null, "DATE_LAST_": null, "UPDATED_BY": null, "MI_PRINX": 0.0, "LGA_CODE": "348", "LGA_NAME": "MONASH", "height": 0 }, "geometry": { "type": "MultiPolygon", "coordinates": [ [ [ [ 145.143708126689631, -37.893031358808869 ], [ 145.143740229086802, -37.893108450701654 ], [ 145.143683200186047, -37.89311656114382 ], [ 145.143677029955313, -37.893134483923433 ], [ 145.143476543018949, -37.893194391466288 ], [ 145.143459030930302, -37.893212135295563 ], [ 145.143309948641814, -37.893263843487404 ], [ 145.143302365912518, -37.893565650842817 ], [ 145.143256565327647, -37.893578443264374 ], [ 145.143208987108068, -37.893568682477799 ], [ 145.143210988336051, -37.89323525186358 ], [ 145.143227058025758, -37.893200276104082 ], [ 145.14366244769414, -37.893035593757098 ], [ 145.143708126689631, -37.893031358808869 ] ] ] ] } },
{ "type": "Feature", "properties": { "Join_Count": 1, "TARGET_FID": 671684, "BF_FID": 1675346, "PARCEL_VIE": "2613817", "LAND_USE_T": "Business - B1Z", "FLOOR_LEVE": -9.99, "FLOOD_RISK": -9999, "GROUND_ELE": 117.93, "HEIGHT_AVE": 3.41, "NO_OF_GROU": 0, "NO_ABOVE_G": -9999, "SOURCE_OF_": 1, "ACCURACY_O": 0, "DATE_CAPTU": null, "CAPTURED_B": null, "DATE_LAST_": null, "UPDATED_BY": null, "MI_PRINX": 0.0, "LGA_CODE": "348", "LGA_NAME": "MONASH", "height": 0 }, "geometry": { "type": "MultiPolygon", "coordinates": [ [ [ [ 145.143113152870967, -37.89045617733268 ], [ 145.14309831418754, -37.890501894493454 ], [ 145.142896394700273, -37.890484742521394 ], [ 145.142897958684756, -37.890441158511912 ], [ 145.143113152870967, -37.89045617733268 ] ] ] ] } },
{ "type": "Feature", "properties": { "Join_Count": 1, "TARGET_FID": 671685, "BF_FID": 1675347, "PARCEL_VIE": "2613819", "LAND_USE_T": "Business - B1Z", "FLOOR_LEVE": -9.99, "FLOOD_RISK": -9999, "GROUND_ELE": 117.89, "HEIGHT_AVE": 4.34, "NO_OF_GROU": 0, "NO_ABOVE_G": -9999, "SOURCE_OF_": 1, "ACCURACY_O": 0, "DATE_CAPTU": null, "CAPTURED_B": null, "DATE_LAST_": null, "UPDATED_BY": null, "MI_PRINX": 0.0, "LGA_CODE": "348", "LGA_NAME": "MONASH", "height": 0 }, "geometry": { "type": "MultiPolygon", "coordinates": [ [ [ [ 145.142845157620911, -37.890713960751974 ], [ 145.143023814393842, -37.890731466533481 ], [ 145.142993629648032, -37.890824424527416 ], [ 145.142756491818176, -37.890798247082188 ], [ 145.142769763260986, -37.890710428256142 ], [ 145.142845157620911, -37.890713960751974 ] ] ] ] } },
{ "type": "Feature", "properties": { "Join_Count": 1, "TARGET_FID": 671686, "BF_FID": 1675348, "PARCEL_VIE": "2613820", "LAND_USE_T": "Business - B1Z", "FLOOR_LEVE": -9.99, "FLOOD_RISK": -9999, "GROUND_ELE": 118.1, "HEIGHT_AVE": 3.56, "NO_OF_GROU": 0, "NO_ABOVE_G": -9999, "SOURCE_OF_": 1, "ACCURACY_O": 0, "DATE_CAPTU": null, "CAPTURED_B": null, "DATE_LAST_": null, "UPDATED_BY": null, "MI_PRINX": 0.0, "LGA_CODE": "348", "LGA_NAME": "MONASH", "height": 0 }, "geometry": { "type": "MultiPolygon", "coordinates": [ [ [ [ 145.143355681728423, -37.890976911219475 ], [ 145.143333586576915, -37.89109126067487 ], [ 145.143273930886437, -37.891084552994002 ], [ 145.14331442795276, -37.89086850001415 ], [ 145.143349813980109, -37.89084842528456 ], [ 145.143379922925874, -37.890851783543667 ], [ 145.143355681728423, -37.890976911219475 ] ] ] ] } },
{ "type": "Feature", "properties": { "Join_Count": 1, "TARGET_FID": 671687, "BF_FID": 1675349, "PARCEL_VIE": "2613821", "LAND_USE_T": "Business - B1Z", "FLOOR_LEVE": -9.99, "FLOOD_RISK": -9999, "GROUND_ELE": 118.17, "HEIGHT_AVE": 3.42, "NO_OF_GROU": 0, "NO_ABOVE_G": -9999, "SOURCE_OF_": 1, "ACCURACY_O": 0, "DATE_CAPTU": null, "CAPTURED_B": null, "DATE_LAST_": null, "UPDATED_BY": null, "MI_PRINX": 0.0, "LGA_CODE": "348", "LGA_NAME": "MONASH", "height": 0 }, "geometry": { "type": "MultiPolygon", "coordinates": [ [ [ [ 145.143419286332232, -37.890960795607221 ], [ 145.143393429741877, -37.891097971283394 ], [ 145.143333586576915, -37.89109126067487 ], [ 145.143380016656778, -37.890851785022484 ], [ 145.143438641132093, -37.890858476378718 ], [ 145.143419286332232, -37.890960795607221 ] ] ] ] } },
{ "type": "Feature", "properties": { "Join_Count": 1, "TARGET_FID": 671688, "BF_FID": 1675350, "PARCEL_VIE": "2613822", "LAND_USE_T": "Business - B1Z", "FLOOR_LEVE": -9.99, "FLOOD_RISK": -9999, "GROUND_ELE": 118.23, "HEIGHT_AVE": 3.9, "NO_OF_GROU": 0, "NO_ABOVE_G": -9999, "SOURCE_OF_": 1, "ACCURACY_O": 0, "DATE_CAPTU": null, "CAPTURED_B": null, "DATE_LAST_": null, "UPDATED_BY": null, "MI_PRINX": 0.0, "LGA_CODE": "348", "LGA_NAME": "MONASH", "height": 0 }, "geometry": { "type": "MultiPolygon", "coordinates": [ [ [ [ 145.143488602447292, -37.891060729541337 ], [ 145.143479545781531, -37.891107709273939 ], [ 145.143393429741877, -37.891097971283394 ], [ 145.143438641132093, -37.890858476378718 ], [ 145.143525408493019, -37.890868404810121 ], [ 145.143488602447292, -37.891060729541337 ] ] ] ] } },
{ "type": "Feature", "properties": { "Join_Count": 1, "TARGET_FID": 671689, "BF_FID": 1675351, "PARCEL_VIE": "2613823", "LAND_USE_T": "Business - B1Z", "FLOOR_LEVE": -9.99, "FLOOD_RISK": -9999, "GROUND_ELE": 118.25, "HEIGHT_AVE": 3.62, "NO_OF_GROU": 0, "NO_ABOVE_G": -9999, "SOURCE_OF_": 1, "ACCURACY_O": 0, "DATE_CAPTU": null, "CAPTURED_B": null, "DATE_LAST_": null, "UPDATED_BY": null, "MI_PRINX": 0.0, "LGA_CODE": "348", "LGA_NAME": "MONASH", "height": 0 }, "geometry": { "type": "MultiPolygon", "coordinates": [ [ [ [ 145.143554806684534, -37.891045645975709 ], [ 145.143552103694702, -37.891059929329579 ], [ 145.143489255330735, -37.891057135817412 ], [ 145.143525408493019, -37.890868404810121 ], [ 145.143585996822708, -37.89087530727609 ], [ 145.143554806684534, -37.891045645975709 ] ] ] ] } },
{ "type": "Feature", "properties": { "Join_Count": 1, "TARGET_FID": 671690, "BF_FID": 1675352, "PARCEL_VIE": "2613824", "LAND_USE_T": "Business - B1Z", "FLOOR_LEVE": -9.99, "FLOOD_RISK": -9999, "GROUND_ELE": 118.25, "HEIGHT_AVE": 3.4, "NO_OF_GROU": 0, "NO_ABOVE_G": -9999, "SOURCE_OF_": 1, "ACCURACY_O": 0, "DATE_CAPTU": null, "CAPTURED_B": null, "DATE_LAST_": null, "UPDATED_BY": null, "MI_PRINX": 0.0, "LGA_CODE": "348", "LGA_NAME": "MONASH", "height": 0 }, "geometry": { "type": "MultiPolygon", "coordinates": [ [ [ [ 145.143625639201957, -37.89087989707393 ], [ 145.143653969550144, -37.890883137104844 ], [ 145.143624744001869, -37.891038730316801 ], [ 145.143556555239002, -37.891035762494262 ], [ 145.143585996822708, -37.89087530727609 ], [ 145.143625639201957, -37.89087989707393 ] ] ] ] } },
{ "type": "Feature", "properties": { "Join_Count": 1, "TARGET_FID": 671691, "BF_FID": 1675353, "PARCEL_VIE": "2613825", "LAND_USE_T": "Business - B1Z", "FLOOR_LEVE": -9.99, "FLOOD_RISK": -9999, "GROUND_ELE": 118.24, "HEIGHT_AVE": 3.39, "NO_OF_GROU": 0, "NO_ABOVE_G": -9999, "SOURCE_OF_": 1, "ACCURACY_O": 0, "DATE_CAPTU": null, "CAPTURED_B": null, "DATE_LAST_": null, "UPDATED_BY": null, "MI_PRINX": 0.0, "LGA_CODE": "348", "LGA_NAME": "MONASH", "height": 0 }, "geometry": { "type": "MultiPolygon", "coordinates": [ [ [ [ 145.143708417398017, -37.89093292063113 ], [ 145.143686557475775, -37.891052860107443 ], [ 145.143644097258175, -37.891052190304372 ], [ 145.143629795151867, -37.891042954627238 ], [ 145.143657524539634, -37.890883463486233 ], [ 145.143716149070855, -37.890890154705446 ], [ 145.143708417398017, -37.89093292063113 ] ] ] ] } },
{ "type": "Feature", "properties": { "Join_Count": 1, "TARGET_FID": 671692, "BF_FID": 1675354, "PARCEL_VIE": "2613826", "LAND_USE_T": "Business - B1Z", "FLOOR_LEVE": -9.99, "FLOOD_RISK": -9999, "GROUND_ELE": 118.24, "HEIGHT_AVE": 3.25, "NO_OF_GROU": 0, "NO_ABOVE_G": -9999, "SOURCE_OF_": 1, "ACCURACY_O": 0, "DATE_CAPTU": null, "CAPTURED_B": null, "DATE_LAST_": null, "UPDATED_BY": null, "MI_PRINX": 0.0, "LGA_CODE": "348", "LGA_NAME": "MONASH", "height": 0 }, "geometry": { "type": "MultiPolygon", "coordinates": [ [ [ [ 145.143750368644191, -37.890894118316204 ], [ 145.143802635321663, -37.890900078498646 ], [ 145.143758467428938, -37.891139139510926 ], [ 145.143727262977762, -37.891134592758831 ], [ 145.14372805472172, -37.891103070036969 ], [ 145.143688425788525, -37.891097939881007 ], [ 145.143716311649428, -37.890891148376703 ], [ 145.143750368644191, -37.890894118316204 ] ] ] ] } },
{ "type": "Feature", "properties": { "Join_Count": 1, "TARGET_FID": 671693, "BF_FID": 1675355, "PARCEL_VIE": "2613827", "LAND_USE_T": "Business - B1Z", "FLOOR_LEVE": -9.99, "FLOOD_RISK": -9999, "GROUND_ELE": 118.26, "HEIGHT_AVE": 3.39, "NO_OF_GROU": 0, "NO_ABOVE_G": -9999, "SOURCE_OF_": 1, "ACCURACY_O": 0, "DATE_CAPTU": null, "CAPTURED_B": null, "DATE_LAST_": null, "UPDATED_BY": null, "MI_PRINX": 0.0, "LGA_CODE": "348", "LGA_NAME": "MONASH", "height": 0 }, "geometry": { "type": "MultiPolygon", "coordinates": [ [ [ [ 145.143926793406195, -37.890914650944431 ], [ 145.143896953726568, -37.891079785206891 ], [ 145.143833733934684, -37.891073111694077 ], [ 145.143865000073987, -37.890907189043197 ], [ 145.143926793406195, -37.890914650944431 ] ] ] ] } },
{ "type": "Feature", "properties": { "Join_Count": 1, "TARGET_FID": 671694, "BF_FID": 1675356, "PARCEL_VIE": "2613828", "LAND_USE_T": "Business - B1Z", "FLOOR_LEVE": -9.99, "FLOOD_RISK": -9999, "GROUND_ELE": 118.25, "HEIGHT_AVE": 3.45, "NO_OF_GROU": 0, "NO_ABOVE_G": -9999, "SOURCE_OF_": 1, "ACCURACY_O": 0, "DATE_CAPTU": null, "CAPTURED_B": null, "DATE_LAST_": null, "UPDATED_BY": null, "MI_PRINX": 0.0, "LGA_CODE": "348", "LGA_NAME": "MONASH", "height": 0 }, "geometry": { "type": "MultiPolygon", "coordinates": [ [ [ [ 145.14393185261855, -37.89091482084185 ], [ 145.143994201566045, -37.890922561773095 ], [ 145.143966263798944, -37.891086644844229 ], [ 145.143896953726568, -37.891079785206891 ], [ 145.14393185261855, -37.89091482084185 ] ] ] ] } },
{ "type": "Feature", "properties": { "Join_Count": 1, "TARGET_FID": 671695, "BF_FID": 1675357, "PARCEL_VIE": "2613829", "LAND_USE_T": "Business - B1Z", "FLOOR_LEVE": -9.99, "FLOOD_RISK": -9999, "GROUND_ELE": 118.24, "HEIGHT_AVE": 3.42, "NO_OF_GROU": 0, "NO_ABOVE_G": -9999, "SOURCE_OF_": 1, "ACCURACY_O": 0, "DATE_CAPTU": null, "CAPTURED_B": null, "DATE_LAST_": null, "UPDATED_BY": null, "MI_PRINX": 0.0, "LGA_CODE": "348", "LGA_NAME": "MONASH", "height": 0 }, "geometry": { "type": "MultiPolygon", "coordinates": [ [ [ [ 145.144044169940997, -37.890967769465327 ], [ 145.144021979596033, -37.891089686010957 ], [ 145.143967240558482, -37.8910888226645 ], [ 145.143996274957345, -37.890922143971601 ], [ 145.144050878169452, -37.890928411197706 ], [ 145.144044169940997, -37.890967769465327 ] ] ] ] } },
{ "type": "Feature", "properties": { "Join_Count": 1, "TARGET_FID": 671696, "BF_FID": 1675358, "PARCEL_VIE": "2613830", "LAND_USE_T": "Business - B1Z", "FLOOR_LEVE": -9.99, "FLOOD_RISK": -9999, "GROUND_ELE": 118.26, "HEIGHT_AVE": 3.38, "NO_OF_GROU": 0, "NO_ABOVE_G": -9999, "SOURCE_OF_": 1, "ACCURACY_O": 0, "DATE_CAPTU": null, "CAPTURED_B": null, "DATE_LAST_": null, "UPDATED_BY": null, "MI_PRINX": 0.0, "LGA_CODE": "348", "LGA_NAME": "MONASH", "height": 0 }, "geometry": { "type": "MultiPolygon", "coordinates": [ [ [ [ 145.144067896506101, -37.890930301412872 ], [ 145.144134095241526, -37.890937832684841 ], [ 145.144103393334007, -37.891099980085656 ], [ 145.144021210389127, -37.89109417890954 ], [ 145.144051346824597, -37.89092841858912 ], [ 145.144067896506101, -37.890930301412872 ] ] ] ] } },
{ "type": "Feature", "properties": { "Join_Count": 1, "TARGET_FID": 671697, "BF_FID": 1675359, "PARCEL_VIE": "2613833", "LAND_USE_T": "Business - B1Z", "FLOOR_LEVE": -9.99, "FLOOD_RISK": -9999, "GROUND_ELE": 118.28, "HEIGHT_AVE": 3.81, "NO_OF_GROU": 0, "NO_ABOVE_G": -9999, "SOURCE_OF_": 1, "ACCURACY_O": 0, "DATE_CAPTU": null, "CAPTURED_B": null, "DATE_LAST_": null, "UPDATED_BY": null, "MI_PRINX": 0.0, "LGA_CODE": "348", "LGA_NAME": "MONASH", "height": 0 }, "geometry": { "type": "MultiPolygon", "coordinates": [ [ [ [ 145.144220988202193, -37.890946501176934 ], [ 145.144414879909249, -37.890969741245975 ], [ 145.144441592388517, -37.891000075861228 ], [ 145.144436456640221, -37.891029097377604 ], [ 145.144198690806377, -37.891001741619689 ], [ 145.144220988202193, -37.890946501176934 ] ] ] ] } },
{ "type": "Feature", "properties": { "Join_Count": 1, "TARGET_FID": 671698, "BF_FID": 1675360, "PARCEL_VIE": "2613834", "LAND_USE_T": "Business - B1Z", "FLOOR_LEVE": -9.99, "FLOOD_RISK": -9999, "GROUND_ELE": 118.32, "HEIGHT_AVE": 3.73, "NO_OF_GROU": 0, "NO_ABOVE_G": -9999, "SOURCE_OF_": 1, "ACCURACY_O": 0, "DATE_CAPTU": null, "CAPTURED_B": null, "DATE_LAST_": null, "UPDATED_BY": null, "MI_PRINX": 0.0, "LGA_CODE": "348", "LGA_NAME": "MONASH", "height": 0 }, "geometry": { "type": "MultiPolygon", "coordinates": [ [ [ [ 145.144428157212502, -37.891075818828313 ], [ 145.14441909085113, -37.8911269431146 ], [ 145.144183016397506, -37.891099433791382 ], [ 145.144198690806377, -37.891001741619689 ], [ 145.144436456640221, -37.891029097377604 ], [ 145.144428157212502, -37.891075818828313 ] ] ] ] } },
{ "type": "Feature", "properties": { "Join_Count": 1, "TARGET_FID": 671699, "BF_FID": 1675361, "PARCEL_VIE": "2613835", "LAND_USE_T": "Business - B1Z", "FLOOR_LEVE": -9.99, "FLOOD_RISK": -9999, "GROUND_ELE": 118.4, "HEIGHT_AVE": 3.63, "NO_OF_GROU": 0, "NO_ABOVE_G": -9999, "SOURCE_OF_": 1, "ACCURACY_O": 0, "DATE_CAPTU": null, "CAPTURED_B": null, "DATE_LAST_": null, "UPDATED_BY": null, "MI_PRINX": 0.0, "LGA_CODE": "348", "LGA_NAME": "MONASH", "height": 0 }, "geometry": { "type": "MultiPolygon", "coordinates": [ [ [ [ 145.144418773476701, -37.891128379719881 ], [ 145.144411024087589, -37.891171866219707 ], [ 145.144221549542436, -37.89115193942073 ], [ 145.144233881573854, -37.891112669830854 ], [ 145.144418773476701, -37.891128379719881 ] ] ] ] } },
{ "type": "Feature", "properties": { "Join_Count": 1, "TARGET_FID": 671700, "BF_FID": 1675362, "PARCEL_VIE": "2613836", "LAND_USE_T": "Business - B1Z", "FLOOR_LEVE": -9.99, "FLOOD_RISK": -9999, "GROUND_ELE": 118.44, "HEIGHT_AVE": 3.32, "NO_OF_GROU": 0, "NO_ABOVE_G": -9999, "SOURCE_OF_": 1, "ACCURACY_O": 0, "DATE_CAPTU": null, "CAPTURED_B": null, "DATE_LAST_": null, "UPDATED_BY": null, "MI_PRINX": 0.0, "LGA_CODE": "348", "LGA_NAME": "MONASH", "height": 0 }, "geometry": { "type": "MultiPolygon", "coordinates": [ [ [ [ 145.144289540697315, -37.891159048370724 ], [ 145.144391664662237, -37.891169849037148 ], [ 145.144401665199041, -37.891223436393986 ], [ 145.144220943728726, -37.891202206006511 ], [ 145.144226960838751, -37.891160494214638 ], [ 145.144289540697315, -37.891159048370724 ] ] ] ] } },
{ "type": "Feature", "properties": { "Join_Count": 1, "TARGET_FID": 671701, "BF_FID": 1675363, "PARCEL_VIE": "2613851", "LAND_USE_T": "Business - B1Z", "FLOOR_LEVE": -9.99, "FLOOD_RISK": -9999, "GROUND_ELE": 118.44, "HEIGHT_AVE": 16.08, "NO_OF_GROU": 0, "NO_ABOVE_G": -9999, "SOURCE_OF_": 1, "ACCURACY_O": 0, "DATE_CAPTU": null, "CAPTURED_B": null, "DATE_LAST_": null, "UPDATED_BY": null, "MI_PRINX": 0.0, "LGA_CODE": "348", "LGA_NAME": "MONASH", "height": 0 }, "geometry": { "type": "MultiPolygon", "coordinates": [ [ [ [ 145.142991629606826, -37.89167278013992 ], [ 145.14330908341131, -37.891712027563948 ], [ 145.143337201662149, -37.891742384604996 ], [ 145.14338677425863, -37.891751095589214 ], [ 145.143412445505163, -37.891778080283565 ], [ 145.143359507442284, -37.892075027504269 ], [ 145.143339368830993, -37.892092819981563 ], [ 145.142812530747506, -37.892012335916689 ], [ 145.142870139645083, -37.891690054310764 ], [ 145.142903963111024, -37.89167247787973 ], [ 145.142991629606826, -37.89167278013992 ] ] ] ] } },
{ "type": "Feature", "properties": { "Join_Count": 1, "TARGET_FID": 671714, "BF_FID": 1675376, "PARCEL_VIE": "2613962", "LAND_USE_T": "Residential - R1Z", "FLOOR_LEVE": -9.99, "FLOOD_RISK": -9999, "GROUND_ELE": 106.69, "HEIGHT_AVE": 3.68, "NO_OF_GROU": 0, "NO_ABOVE_G": -9999, "SOURCE_OF_": 1, "ACCURACY_O": 0, "DATE_CAPTU": null, "CAPTURED_B": null, "DATE_LAST_": null, "UPDATED_BY": null, "MI_PRINX": 0.0, "LGA_CODE": "348", "LGA_NAME": "MONASH", "height": 0 }, "geometry": { "type": "MultiPolygon", "coordinates": [ [ [ [ 145.139970031784827, -37.890416539773042 ], [ 145.139980714469999, -37.890457794482622 ], [ 145.140031468649255, -37.890460488808664 ], [ 145.140024264226071, -37.890519480908367 ], [ 145.139898682182917, -37.890509386875053 ], [ 145.139895573770787, -37.890416804462127 ], [ 145.139970031784827, -37.890416539773042 ] ] ] ] } },
{ "type": "Feature", "properties": { "Join_Count": 1, "TARGET_FID": 671715, "BF_FID": 1675377, "PARCEL_VIE": "2613962", "LAND_USE_T": "Residential - R1Z", "FLOOR_LEVE": -9.99, "FLOOD_RISK": -9999, "GROUND_ELE": 107.86, "HEIGHT_AVE": 3.63, "NO_OF_GROU": 0, "NO_ABOVE_G": -9999, "SOURCE_OF_": 1, "ACCURACY_O": 0, "DATE_CAPTU": null, "CAPTURED_B": null, "DATE_LAST_": null, "UPDATED_BY": null, "MI_PRINX": 0.0, "LGA_CODE": "348", "LGA_NAME": "MONASH", "height": 0 }, "geometry": { "type": "MultiPolygon", "coordinates": [ [ [ [ 145.139958279134532, -37.890205428581766 ], [ 145.139986452631661, -37.890214883952446 ], [ 145.139991376844478, -37.890246496983309 ], [ 145.140024705509489, -37.890256033827264 ], [ 145.14001648821295, -37.890377629813216 ], [ 145.139897302725274, -37.890366735877429 ], [ 145.139904266957473, -37.890317290648362 ], [ 145.139927043355527, -37.890317650666319 ], [ 145.139933007159982, -37.890304229848262 ], [ 145.139918753038984, -37.890270757431026 ], [ 145.139951129758771, -37.890254780788361 ], [ 145.139924039969259, -37.8902246194084 ], [ 145.139958279134532, -37.890205428581766 ] ] ] ] } },
{ "type": "Feature", "properties": { "Join_Count": 1, "TARGET_FID": 671716, "BF_FID": 1675378, "PARCEL_VIE": "2613964", "LAND_USE_T": "Residential - R1Z", "FLOOR_LEVE": -9.99, "FLOOD_RISK": -9999, "GROUND_ELE": 104.68, "HEIGHT_AVE": 4.47, "NO_OF_GROU": 0, "NO_ABOVE_G": -9999, "SOURCE_OF_": 1, "ACCURACY_O": 0, "DATE_CAPTU": null, "CAPTURED_B": null, "DATE_LAST_": null, "UPDATED_BY": null, "MI_PRINX": 0.0, "LGA_CODE": "348", "LGA_NAME": "MONASH", "height": 0 }, "geometry": { "type": "MultiPolygon", "coordinates": [ [ [ [ 145.139865304491565, -37.891146320725674 ], [ 145.139831115242316, -37.891305078062132 ], [ 145.139675016319842, -37.891292879568809 ], [ 145.139684281019072, -37.891245182640276 ], [ 145.139780910392091, -37.891254458834617 ], [ 145.139802781231481, -37.891134340126008 ], [ 145.139865304491565, -37.891146320725674 ] ] ] ] } },
{ "type": "Feature", "properties": { "Join_Count": 1, "TARGET_FID": 724508, "BF_FID": 1728373, "PARCEL_VIE": "1477694", "LAND_USE_T": "Residential - R1Z", "FLOOR_LEVE": -9.99, "FLOOD_RISK": -9999, "GROUND_ELE": 103.0, "HEIGHT_AVE": 4.74, "NO_OF_GROU": 0, "NO_ABOVE_G": -9999, "SOURCE_OF_": 1, "ACCURACY_O": 0, "DATE_CAPTU": null, "CAPTURED_B": null, "DATE_LAST_": null, "UPDATED_BY": null, "MI_PRINX": 0.0, "LGA_CODE": "348", "LGA_NAME": "MONASH", "height": 0 }, "geometry": { "type": "MultiPolygon", "coordinates": [ [ [ [ 145.145004586020036, -37.898463422542761 ], [ 145.145009738908357, -37.898486028904735 ], [ 145.145102034840107, -37.898496493913015 ], [ 145.145102030532627, -37.898578845718994 ], [ 145.144979145613263, -37.89856906979427 ], [ 145.144971880686739, -37.898548412346884 ], [ 145.144865391211454, -37.89854673351779 ], [ 145.144870246843539, -37.898495272574941 ], [ 145.144911880239675, -37.898491694219409 ], [ 145.144913078717821, -37.898443959839689 ], [ 145.145010706684985, -37.898447481139357 ], [ 145.145004586020036, -37.898463422542761 ] ] ] ] } },
{ "type": "Feature", "properties": { "Join_Count": 1, "TARGET_FID": 724509, "BF_FID": 1728374, "PARCEL_VIE": "3745423", "LAND_USE_T": "Residential - R1Z", "FLOOR_LEVE": -9.99, "FLOOD_RISK": -9999, "GROUND_ELE": 103.65, "HEIGHT_AVE": 3.84, "NO_OF_GROU": 0, "NO_ABOVE_G": -9999, "SOURCE_OF_": 1, "ACCURACY_O": 0, "DATE_CAPTU": null, "CAPTURED_B": null, "DATE_LAST_": null, "UPDATED_BY": null, "MI_PRINX": 0.0, "LGA_CODE": "348", "LGA_NAME": "MONASH", "height": 0 }, "geometry": { "type": "MultiPolygon", "coordinates": [ [ [ [ 145.145062851736498, -37.898253055335992 ], [ 145.145055612412591, -37.898380793854649 ], [ 145.144949063351675, -37.898377762656693 ], [ 145.144945792056632, -37.89831382981685 ], [ 145.144911670536828, -37.898313291887895 ], [ 145.144913255683207, -37.898250156413852 ], [ 145.145062851736498, -37.898253055335992 ] ] ] ] } },
{ "type": "Feature", "properties": { "Join_Count": 1, "TARGET_FID": 741231, "BF_FID": 1745176, "PARCEL_VIE": "3823317", "LAND_USE_T": "Residential - R1Z", "FLOOR_LEVE": -9.99, "FLOOD_RISK": -9999, "GROUND_ELE": 113.26, "HEIGHT_AVE": 3.64, "NO_OF_GROU": 0, "NO_ABOVE_G": -9999, "SOURCE_OF_": 1, "ACCURACY_O": 0, "DATE_CAPTU": null, "CAPTURED_B": null, "DATE_LAST_": null, "UPDATED_BY": null, "MI_PRINX": 0.0, "LGA_CODE": "348", "LGA_NAME": "MONASH", "height": 0 }, "geometry": { "type": "MultiPolygon", "coordinates": [ [ [ [ 145.146866240713138, -37.89784358137473 ], [ 145.146939553295027, -37.897945378233715 ], [ 145.146896927529724, -37.897969845011083 ], [ 145.146879788909303, -37.897953987710636 ], [ 145.146777092600217, -37.898003006865522 ], [ 145.146724733798607, -37.897944427787316 ], [ 145.146834187240302, -37.897898938915247 ], [ 145.146808738560196, -37.897870426754245 ], [ 145.146866240713138, -37.89784358137473 ] ] ] ] } },
{ "type": "Feature", "properties": { "Join_Count": 1, "TARGET_FID": 741232, "BF_FID": 1745177, "PARCEL_VIE": "3823318", "LAND_USE_T": "Residential - R1Z", "FLOOR_LEVE": -9.99, "FLOOD_RISK": -9999, "GROUND_ELE": 112.26, "HEIGHT_AVE": 3.9, "NO_OF_GROU": 0, "NO_ABOVE_G": -9999, "SOURCE_OF_": 1, "ACCURACY_O": 0, "DATE_CAPTU": null, "CAPTURED_B": null, "DATE_LAST_": null, "UPDATED_BY": null, "MI_PRINX": 0.0, "LGA_CODE": "348", "LGA_NAME": "MONASH", "height": 0 }, "geometry": { "type": "MultiPolygon", "coordinates": [ [ [ [ 145.146642970346107, -37.898119737071312 ], [ 145.14654326959095, -37.898019416498272 ], [ 145.146615272363846, -37.897979014263896 ], [ 145.146714494310601, -37.89807599351559 ], [ 145.146642970346107, -37.898119737071312 ] ] ] ] } },
{ "type": "Feature", "properties": { "Join_Count": 1, "TARGET_FID": 742978, "BF_FID": 1746926, "PARCEL_VIE": "4096849", "LAND_USE_T": "Residential - R1Z", "FLOOR_LEVE": -9.99, "FLOOD_RISK": -9999, "GROUND_ELE": 118.67, "HEIGHT_AVE": 3.82, "NO_OF_GROU": 0, "NO_ABOVE_G": -9999, "SOURCE_OF_": 1, "ACCURACY_O": 0, "DATE_CAPTU": null, "CAPTURED_B": null, "DATE_LAST_": null, "UPDATED_BY": null, "MI_PRINX": 0.0, "LGA_CODE": "348", "LGA_NAME": "MONASH", "height": 0 }, "geometry": { "type": "MultiPolygon", "coordinates": [ [ [ [ 145.146734510508367, -37.894331638930581 ], [ 145.146747833365851, -37.894350049074589 ], [ 145.14683002699752, -37.894363056597541 ], [ 145.146817548919529, -37.894423137386781 ], [ 145.14678905329572, -37.894422688620104 ], [ 145.146768944181844, -37.894544007728747 ], [ 145.146757150412668, -37.894561842107763 ], [ 145.14662474018067, -37.894550746641499 ], [ 145.146649360111525, -37.894444004800938 ], [ 145.146670512739234, -37.894445599359742 ], [ 145.146691560453519, -37.894335467523995 ], [ 145.146734510508367, -37.894331638930581 ] ] ] ] } },
{ "type": "Feature", "properties": { "Join_Count": 1, "TARGET_FID": 742979, "BF_FID": 1746927, "PARCEL_VIE": "4096850", "LAND_USE_T": "Residential - R1Z", "FLOOR_LEVE": -9.99, "FLOOD_RISK": -9999, "GROUND_ELE": 118.74, "HEIGHT_AVE": 3.72, "NO_OF_GROU": 0, "NO_ABOVE_G": -9999, "SOURCE_OF_": 1, "ACCURACY_O": 0, "DATE_CAPTU": null, "CAPTURED_B": null, "DATE_LAST_": null, "UPDATED_BY": null, "MI_PRINX": 0.0, "LGA_CODE": "348", "LGA_NAME": "MONASH", "height": 0 }, "geometry": { "type": "MultiPolygon", "coordinates": [ [ [ [ 145.146893219407588, -37.89435224858034 ], [ 145.147012205971805, -37.894367637391831 ], [ 145.147000407914561, -37.894430522028678 ], [ 145.146970881193084, -37.894430057069428 ], [ 145.146944559883366, -37.894571010416684 ], [ 145.146828697917073, -37.894561887682556 ], [ 145.14685048511322, -37.894411041994069 ], [ 145.146820525862125, -37.894409128576001 ], [ 145.146830659427593, -37.894360273438771 ], [ 145.146893219407588, -37.89435224858034 ] ] ] ] } },
{ "type": "Feature", "properties": { "Join_Count": 1, "TARGET_FID": 742980, "BF_FID": 1746928, "PARCEL_VIE": "4096851", "LAND_USE_T": "Residential - R1Z", "FLOOR_LEVE": -9.99, "FLOOD_RISK": -9999, "GROUND_ELE": 118.72, "HEIGHT_AVE": 4.24, "NO_OF_GROU": 0, "NO_ABOVE_G": -9999, "SOURCE_OF_": 1, "ACCURACY_O": 0, "DATE_CAPTU": null, "CAPTURED_B": null, "DATE_LAST_": null, "UPDATED_BY": null, "MI_PRINX": 0.0, "LGA_CODE": "348", "LGA_NAME": "MONASH", "height": 0 }, "geometry": { "type": "MultiPolygon", "coordinates": [ [ [ [ 145.147119710574316, -37.894388431527105 ], [ 145.147198343479261, -37.894397598501335 ], [ 145.14718022693603, -37.8944693937312 ], [ 145.14714048300678, -37.894468767939713 ], [ 145.147126722393921, -37.894565049009444 ], [ 145.147001362592761, -37.894553254076421 ], [ 145.147028142183558, -37.894379060810003 ], [ 145.147119710574316, -37.894388431527105 ] ] ] ] } },
{ "type": "Feature", "properties": { "Join_Count": 1, "TARGET_FID": 742981, "BF_FID": 1746929, "PARCEL_VIE": "4096852", "LAND_USE_T": "Residential - R1Z", "FLOOR_LEVE": -9.99, "FLOOD_RISK": -9999, "GROUND_ELE": 118.8, "HEIGHT_AVE": 3.19, "NO_OF_GROU": 0, "NO_ABOVE_G": -9999, "SOURCE_OF_": 1, "ACCURACY_O": 0, "DATE_CAPTU": null, "CAPTURED_B": null, "DATE_LAST_": null, "UPDATED_BY": null, "MI_PRINX": 0.0, "LGA_CODE": "348", "LGA_NAME": "MONASH", "height": 0 }, "geometry": { "type": "MultiPolygon", "coordinates": [ [ [ [ 145.147278383594852, -37.89441048170378 ], [ 145.14732931034456, -37.894421374780343 ], [ 145.147322894744605, -37.894449114858318 ], [ 145.147390556279703, -37.894473245870174 ], [ 145.147354270786792, -37.894521689326893 ], [ 145.147321951115686, -37.894516675453261 ], [ 145.147263355723851, -37.894628378650232 ], [ 145.147250232699378, -37.894628172030991 ], [ 145.147154268472406, -37.894599630870538 ], [ 145.147149255156336, -37.894571440545718 ], [ 145.147166396211077, -37.894538553421782 ], [ 145.147190604922343, -37.894545421841812 ], [ 145.147202557808555, -37.894524977006093 ], [ 145.147176727347073, -37.894515470135957 ], [ 145.147184986149739, -37.894496498847047 ], [ 145.147252746303309, -37.894404491815393 ], [ 145.147278383594852, -37.89441048170378 ] ] ] ] } },
{ "type": "Feature", "properties": { "Join_Count": 1, "TARGET_FID": 742982, "BF_FID": 1746930, "PARCEL_VIE": "4096853", "LAND_USE_T": "Residential - R1Z", "FLOOR_LEVE": -9.99, "FLOOD_RISK": -9999, "GROUND_ELE": 118.8, "HEIGHT_AVE": 3.54, "NO_OF_GROU": 0, "NO_ABOVE_G": -9999, "SOURCE_OF_": 1, "ACCURACY_O": 0, "DATE_CAPTU": null, "CAPTURED_B": null, "DATE_LAST_": null, "UPDATED_BY": null, "MI_PRINX": 0.0, "LGA_CODE": "348", "LGA_NAME": "MONASH", "height": 0 }, "geometry": { "type": "MultiPolygon", "coordinates": [ [ [ [ 145.147541077603364, -37.894569860758025 ], [ 145.147482885053194, -37.894616878176009 ], [ 145.147470733185457, -37.894607857011152 ], [ 145.147362511925394, -37.894701659874052 ], [ 145.147323010468511, -37.894672656271638 ], [ 145.147340833733182, -37.894657439580719 ], [ 145.147301786283606, -37.894625289598231 ], [ 145.147393948360047, -37.894551146194488 ], [ 145.147371951937913, -37.894534581780945 ], [ 145.147397821662082, -37.894508859891019 ], [ 145.147435128489178, -37.894509447227861 ], [ 145.147475720227931, -37.894472514315105 ], [ 145.147531871648425, -37.894506915713166 ], [ 145.147503411309543, -37.89453872369095 ], [ 145.147541077603364, -37.894569860758025 ] ] ] ] } },
{ "type": "Feature", "properties": { "Join_Count": 1, "TARGET_FID": 742983, "BF_FID": 1746931, "PARCEL_VIE": "4096854", "LAND_USE_T": "Residential - R1Z", "FLOOR_LEVE": -9.99, "FLOOD_RISK": -9999, "GROUND_ELE": 118.72, "HEIGHT_AVE": 4.78, "NO_OF_GROU": 0, "NO_ABOVE_G": -9999, "SOURCE_OF_": 1, "ACCURACY_O": 0, "DATE_CAPTU": null, "CAPTURED_B": null, "DATE_LAST_": null, "UPDATED_BY": null, "MI_PRINX": 0.0, "LGA_CODE": "348", "LGA_NAME": "MONASH", "height": 0 }, "geometry": { "type": "MultiPolygon", "coordinates": [ [ [ [ 145.147541659635834, -37.894610234990935 ], [ 145.147588000115434, -37.89460582875607 ], [ 145.147657868279595, -37.894695317290392 ], [ 145.147605839534862, -37.894728376100858 ], [ 145.147571777070937, -37.894714324799956 ], [ 145.147489275312978, -37.894777177645992 ], [ 145.147419212135617, -37.894714175520235 ], [ 145.14750359092838, -37.894658740521635 ], [ 145.147483348195323, -37.894628328243677 ], [ 145.147528019200564, -37.894593261545275 ], [ 145.147541659635834, -37.894610234990935 ] ] ] ] } },
{ "type": "Feature", "properties": { "Join_Count": 1, "TARGET_FID": 742984, "BF_FID": 1746932, "PARCEL_VIE": "4096855", "LAND_USE_T": "Residential - R1Z", "FLOOR_LEVE": -9.99, "FLOOD_RISK": -9999, "GROUND_ELE": 118.59, "HEIGHT_AVE": 5.94, "NO_OF_GROU": 0, "NO_ABOVE_G": -9999, "SOURCE_OF_": 1, "ACCURACY_O": 0, "DATE_CAPTU": null, "CAPTURED_B": null, "DATE_LAST_": null, "UPDATED_BY": null, "MI_PRINX": 0.0, "LGA_CODE": "348", "LGA_NAME": "MONASH", "height": 0 }, "geometry": { "type": "MultiPolygon", "coordinates": [ [ [ [ 145.147765452872761, -37.894735393629432 ], [ 145.147797852301835, -37.894782125217503 ], [ 145.147607192973311, -37.894872648469281 ], [ 145.147549846033343, -37.894803629655087 ], [ 145.147678965113641, -37.894744033405956 ], [ 145.14768666971429, -37.894758390580762 ], [ 145.147765452872761, -37.894735393629432 ] ] ] ] } },
{ "type": "Feature", "properties": { "Join_Count": 1, "TARGET_FID": 742985, "BF_FID": 1746933, "PARCEL_VIE": "4096857", "LAND_USE_T": "Residential - R1Z", "FLOOR_LEVE": -9.99, "FLOOD_RISK": -9999, "GROUND_ELE": 118.39, "HEIGHT_AVE": 6.0, "NO_OF_GROU": 0, "NO_ABOVE_G": -9999, "SOURCE_OF_": 1, "ACCURACY_O": 0, "DATE_CAPTU": null, "CAPTURED_B": null, "DATE_LAST_": null, "UPDATED_BY": null, "MI_PRINX": 0.0, "LGA_CODE": "348", "LGA_NAME": "MONASH", "height": 0 }, "geometry": { "type": "MultiPolygon", "coordinates": [ [ [ [ 145.147836024174694, -37.894849220290332 ], [ 145.147856064587927, -37.89485404075279 ], [ 145.147888361469882, -37.894908609454632 ], [ 145.147884881311057, -37.89494270280737 ], [ 145.147683951020724, -37.89500900765794 ], [ 145.147640636002563, -37.894930118498877 ], [ 145.147676260129799, -37.894915542372139 ], [ 145.147681306988289, -37.894897511595175 ], [ 145.147836024174694, -37.894849220290332 ] ] ] ] } },
{ "type": "Feature", "properties": { "Join_Count": 1, "TARGET_FID": 742986, "BF_FID": 1746934, "PARCEL_VIE": "4096858", "LAND_USE_T": "Residential - R1Z", "FLOOR_LEVE": -9.99, "FLOOD_RISK": -9999, "GROUND_ELE": 118.1, "HEIGHT_AVE": 3.95, "NO_OF_GROU": 0, "NO_ABOVE_G": -9999, "SOURCE_OF_": 1, "ACCURACY_O": 0, "DATE_CAPTU": null, "CAPTURED_B": null, "DATE_LAST_": null, "UPDATED_BY": null, "MI_PRINX": 0.0, "LGA_CODE": "348", "LGA_NAME": "MONASH", "height": 0 }, "geometry": { "type": "MultiPolygon", "coordinates": [ [ [ [ 145.147936075174186, -37.895107581758587 ], [ 145.148003657232834, -37.895194781593553 ], [ 145.1477058784387, -37.895275239684473 ], [ 145.147683412695216, -37.895228754542501 ], [ 145.147724446596044, -37.895215344766818 ], [ 145.147722977762044, -37.895161711790522 ], [ 145.147768499686521, -37.895148823147274 ], [ 145.147776519515304, -37.895169312118469 ], [ 145.147857010667025, -37.895145531090627 ], [ 145.147848430656097, -37.895124943206888 ], [ 145.14792982061374, -37.895095229635629 ], [ 145.147936075174186, -37.895107581758587 ] ] ] ] } },
{ "type": "Feature", "properties": { "Join_Count": 1, "TARGET_FID": 742987, "BF_FID": 1746935, "PARCEL_VIE": "4096863", "LAND_USE_T": "Residential - R1Z", "FLOOR_LEVE": -9.99, "FLOOD_RISK": -9999, "GROUND_ELE": 117.52, "HEIGHT_AVE": 5.82, "NO_OF_GROU": 0, "NO_ABOVE_G": -9999, "SOURCE_OF_": 1, "ACCURACY_O": 0, "DATE_CAPTU": null, "CAPTURED_B": null, "DATE_LAST_": null, "UPDATED_BY": null, "MI_PRINX": 0.0, "LGA_CODE": "348", "LGA_NAME": "MONASH", "height": 0 }, "geometry": { "type": "MultiPolygon", "coordinates": [ [ [ [ 145.148383730543571, -37.895916702142479 ], [ 145.148454554265385, -37.895964398567806 ], [ 145.148274514874828, -37.896083832053385 ], [ 145.148196643698299, -37.896025482845715 ], [ 145.148339499946644, -37.895915465545265 ], [ 145.148383730543571, -37.895916702142479 ] ] ] ] } },
{ "type": "Feature", "properties": { "Join_Count": 1, "TARGET_FID": 742988, "BF_FID": 1746936, "PARCEL_VIE": "4096864", "LAND_USE_T": "Residential - R1Z", "FLOOR_LEVE": -9.99, "FLOOD_RISK": -9999, "GROUND_ELE": 117.58, "HEIGHT_AVE": 3.75, "NO_OF_GROU": 0, "NO_ABOVE_G": -9999, "SOURCE_OF_": 1, "ACCURACY_O": 0, "DATE_CAPTU": null, "CAPTURED_B": null, "DATE_LAST_": null, "UPDATED_BY": null, "MI_PRINX": 0.0, "LGA_CODE": "348", "LGA_NAME": "MONASH", "height": 0 }, "geometry": { "type": "MultiPolygon", "coordinates": [ [ [ [ 145.14824999799481, -37.895763679236751 ], [ 145.148310026029861, -37.895819314914633 ], [ 145.148284446229951, -37.895837202809197 ], [ 145.148327600234182, -37.895881400469804 ], [ 145.148111648167912, -37.896008197436771 ], [ 145.148024997106319, -37.895926013485941 ], [ 145.148059716943095, -37.895906377384122 ], [ 145.148060321882184, -37.895882239946047 ], [ 145.148114801983496, -37.895848678921645 ], [ 145.14812581586898, -37.895865701064871 ], [ 145.148192560658941, -37.895821701149409 ], [ 145.148193203922915, -37.895796032602902 ], [ 145.14824999799481, -37.895763679236751 ] ] ] ] } },
{ "type": "Feature", "properties": { "Join_Count": 1, "TARGET_FID": 742989, "BF_FID": 1746937, "PARCEL_VIE": "4096865", "LAND_USE_T": "Residential - R1Z", "FLOOR_LEVE": -9.99, "FLOOD_RISK": -9999, "GROUND_ELE": 117.38, "HEIGHT_AVE": 3.65, "NO_OF_GROU": 0, "NO_ABOVE_G": -9999, "SOURCE_OF_": 1, "ACCURACY_O": 0, "DATE_CAPTU": null, "CAPTURED_B": null, "DATE_LAST_": null, "UPDATED_BY": null, "MI_PRINX": 0.0, "LGA_CODE": "348", "LGA_NAME": "MONASH", "height": 0 }, "geometry": { "type": "MultiPolygon", "coordinates": [ [ [ [ 145.148526757904193, -37.896099243938963 ], [ 145.148363974511312, -37.89624480793475 ], [ 145.148256740128687, -37.896164462673759 ], [ 145.148443540150566, -37.896044685094203 ], [ 145.148526757904193, -37.896099243938963 ] ] ] ] } },
{ "type": "Feature", "properties": { "Join_Count": 1, "TARGET_FID": 742990, "BF_FID": 1746938, "PARCEL_VIE": "4096866", "LAND_USE_T": "Residential - R1Z", "FLOOR_LEVE": -9.99, "FLOOD_RISK": -9999, "GROUND_ELE": 117.4, "HEIGHT_AVE": 6.04, "NO_OF_GROU": 0, "NO_ABOVE_G": -9999, "SOURCE_OF_": 1, "ACCURACY_O": 0, "DATE_CAPTU": null, "CAPTURED_B": null, "DATE_LAST_": null, "UPDATED_BY": null, "MI_PRINX": 0.0, "LGA_CODE": "348", "LGA_NAME": "MONASH", "height": 0 }, "geometry": { "type": "MultiPolygon", "coordinates": [ [ [ [ 145.148573502219705, -37.896277117182372 ], [ 145.148551115140492, -37.896298569289499 ], [ 145.148509971603261, -37.89627891070446 ], [ 145.148494130206814, -37.896293618147496 ], [ 145.148460498061979, -37.896269843005193 ], [ 145.148477586180661, -37.8962502897514 ], [ 145.148450445758641, -37.896229409869342 ], [ 145.148548635788757, -37.896135538305195 ], [ 145.148649429251549, -37.896199744061335 ], [ 145.148573502219705, -37.896277117182372 ] ] ] ] } },
{ "type": "Feature", "properties": { "Join_Count": 1, "TARGET_FID": 742991, "BF_FID": 1746939, "PARCEL_VIE": "4096868", "LAND_USE_T": "Residential - R1Z", "FLOOR_LEVE": -9.99, "FLOOD_RISK": -9999, "GROUND_ELE": 116.4, "HEIGHT_AVE": 5.74, "NO_OF_GROU": 0, "NO_ABOVE_G": -9999, "SOURCE_OF_": 1, "ACCURACY_O": 0, "DATE_CAPTU": null, "CAPTURED_B": null, "DATE_LAST_": null, "UPDATED_BY": null, "MI_PRINX": 0.0, "LGA_CODE": "348", "LGA_NAME": "MONASH", "height": 0 }, "geometry": { "type": "MultiPolygon", "coordinates": [ [ [ [ 145.148926895918663, -37.896245195034751 ], [ 145.148954903711086, -37.896261403221331 ], [ 145.148837871388508, -37.896392460556704 ], [ 145.148787573800945, -37.896360134077064 ], [ 145.148787919027967, -37.896346354117171 ], [ 145.148875902432394, -37.896244392854953 ], [ 145.148926895918663, -37.896245195034751 ] ] ] ] } },
{ "type": "Feature", "properties": { "Join_Count": 1, "TARGET_FID": 742992, "BF_FID": 1746940, "PARCEL_VIE": "4096869", "LAND_USE_T": "Residential - R1Z", "FLOOR_LEVE": -9.99, "FLOOD_RISK": -9999, "GROUND_ELE": 116.11, "HEIGHT_AVE": 5.77, "NO_OF_GROU": 0, "NO_ABOVE_G": -9999, "SOURCE_OF_": 1, "ACCURACY_O": 0, "DATE_CAPTU": null, "CAPTURED_B": null, "DATE_LAST_": null, "UPDATED_BY": null, "MI_PRINX": 0.0, "LGA_CODE": "348", "LGA_NAME": "MONASH", "height": 0 }, "geometry": { "type": "MultiPolygon", "coordinates": [ [ [ [ 145.148954903711086, -37.896261403221331 ], [ 145.149016806564561, -37.896287154637015 ], [ 145.148920805517264, -37.896417191367689 ], [ 145.148856243874746, -37.896385271234202 ], [ 145.148954903711086, -37.896261403221331 ] ] ] ] } },
{ "type": "Feature", "properties": { "Join_Count": 1, "TARGET_FID": 742993, "BF_FID": 1746941, "PARCEL_VIE": "4096870", "LAND_USE_T": "Residential - R1Z", "FLOOR_LEVE": -9.99, "FLOOD_RISK": -9999, "GROUND_ELE": 115.74, "HEIGHT_AVE": 5.87, "NO_OF_GROU": 0, "NO_ABOVE_G": -9999, "SOURCE_OF_": 1, "ACCURACY_O": 0, "DATE_CAPTU": null, "CAPTURED_B": null, "DATE_LAST_": null, "UPDATED_BY": null, "MI_PRINX": 0.0, "LGA_CODE": "348", "LGA_NAME": "MONASH", "height": 0 }, "geometry": { "type": "MultiPolygon", "coordinates": [ [ [ [ 145.149016806564561, -37.896287154637015 ], [ 145.149022073368741, -37.896305257603707 ], [ 145.149061818327681, -37.896305882785462 ], [ 145.149073947091637, -37.896319588656134 ], [ 145.148983415741412, -37.896452144189936 ], [ 145.148921390509031, -37.896416299564194 ], [ 145.149016806564561, -37.896287154637015 ] ] ] ] } },
{ "type": "Feature", "properties": { "Join_Count": 1, "TARGET_FID": 742994, "BF_FID": 1746942, "PARCEL_VIE": "4096871", "LAND_USE_T": "Residential - R1Z", "FLOOR_LEVE": -9.99, "FLOOD_RISK": -9999, "GROUND_ELE": 115.36, "HEIGHT_AVE": 5.86, "NO_OF_GROU": 0, "NO_ABOVE_G": -9999, "SOURCE_OF_": 1, "ACCURACY_O": 0, "DATE_CAPTU": null, "CAPTURED_B": null, "DATE_LAST_": null, "UPDATED_BY": null, "MI_PRINX": 0.0, "LGA_CODE": "348", "LGA_NAME": "MONASH", "height": 0 }, "geometry": { "type": "MultiPolygon", "coordinates": [ [ [ [ 145.149078540260035, -37.896319660904602 ], [ 145.149140143713083, -37.896338650001667 ], [ 145.149054202359792, -37.896475152112338 ], [ 145.148986822926162, -37.896447152152739 ], [ 145.149078540260035, -37.896319660904602 ] ] ] ] } },
{ "type": "Feature", "properties": { "Join_Count": 1, "TARGET_FID": 742995, "BF_FID": 1746943, "PARCEL_VIE": "4096872", "LAND_USE_T": "Residential - R1Z", "FLOOR_LEVE": -9.99, "FLOOD_RISK": -9999, "GROUND_ELE": 115.02, "HEIGHT_AVE": 5.78, "NO_OF_GROU": 0, "NO_ABOVE_G": -9999, "SOURCE_OF_": 1, "ACCURACY_O": 0, "DATE_CAPTU": null, "CAPTURED_B": null, "DATE_LAST_": null, "UPDATED_BY": null, "MI_PRINX": 0.0, "LGA_CODE": "348", "LGA_NAME": "MONASH", "height": 0 }, "geometry": { "type": "MultiPolygon", "coordinates": [ [ [ [ 145.149146330431563, -37.896338747312441 ], [ 145.149145992039251, -37.896352257079819 ], [ 145.149203134215952, -37.896362165912912 ], [ 145.149120889581269, -37.896504582755313 ], [ 145.149052639376521, -37.89647765034367 ], [ 145.149146330431563, -37.896338747312441 ] ] ] ] } },
{ "type": "Feature", "properties": { "Join_Count": 1, "TARGET_FID": 742996, "BF_FID": 1746944, "PARCEL_VIE": "4096873", "LAND_USE_T": "Residential - R1Z", "FLOOR_LEVE": -9.99, "FLOOD_RISK": -9999, "GROUND_ELE": 114.71, "HEIGHT_AVE": 5.83, "NO_OF_GROU": 0, "NO_ABOVE_G": -9999, "SOURCE_OF_": 1, "ACCURACY_O": 0, "DATE_CAPTU": null, "CAPTURED_B": null, "DATE_LAST_": null, "UPDATED_BY": null, "MI_PRINX": 0.0, "LGA_CODE": "348", "LGA_NAME": "MONASH", "height": 0 }, "geometry": { "type": "MultiPolygon", "coordinates": [ [ [ [ 145.149208289816471, -37.896362247002529 ], [ 145.149258700387776, -37.896390070051069 ], [ 145.149258312387445, -37.896405561251832 ], [ 145.149201812331398, -37.896523515294263 ], [ 145.149124515820006, -37.896498332751271 ], [ 145.149208289816471, -37.896362247002529 ] ] ] ] } },
{ "type": "Feature", "properties": { "Join_Count": 1, "TARGET_FID": 742997, "BF_FID": 1746945, "PARCEL_VIE": "4096874", "LAND_USE_T": "Residential - R1Z", "FLOOR_LEVE": -9.99, "FLOOD_RISK": -9999, "GROUND_ELE": 113.83, "HEIGHT_AVE": 6.49, "NO_OF_GROU": 0, "NO_ABOVE_G": -9999, "SOURCE_OF_": 1, "ACCURACY_O": 0, "DATE_CAPTU": null, "CAPTURED_B": null, "DATE_LAST_": null, "UPDATED_BY": null, "MI_PRINX": 0.0, "LGA_CODE": "348", "LGA_NAME": "MONASH", "height": 0 }, "geometry": { "type": "MultiPolygon", "coordinates": [ [ [ [ 145.149401816666028, -37.896441876228643 ], [ 145.149458545652948, -37.896453310150598 ], [ 145.149406688199321, -37.896588096016103 ], [ 145.149329617370341, -37.896561385445871 ], [ 145.149401816666028, -37.896441876228643 ] ] ] ] } },
{ "type": "Feature", "properties": { "Join_Count": 1, "TARGET_FID": 742998, "BF_FID": 1746946, "PARCEL_VIE": "4096875", "LAND_USE_T": "Residential - R1Z", "FLOOR_LEVE": -9.99, "FLOOD_RISK": -9999, "GROUND_ELE": 113.42, "HEIGHT_AVE": 6.38, "NO_OF_GROU": 0, "NO_ABOVE_G": -9999, "SOURCE_OF_": 1, "ACCURACY_O": 0, "DATE_CAPTU": null, "CAPTURED_B": null, "DATE_LAST_": null, "UPDATED_BY": null, "MI_PRINX": 0.0, "LGA_CODE": "348", "LGA_NAME": "MONASH", "height": 0 }, "geometry": { "type": "MultiPolygon", "coordinates": [ [ [ [ 145.149526055830364, -37.896468607712777 ], [ 145.149478973644619, -37.89660743313204 ], [ 145.149406685943688, -37.896588186081225 ], [ 145.149460151478081, -37.896449100676016 ], [ 145.149526055830364, -37.896468607712777 ] ] ] ] } },
{ "type": "Feature", "properties": { "Join_Count": 1, "TARGET_FID": 742999, "BF_FID": 1746947, "PARCEL_VIE": "4096876", "LAND_USE_T": "Residential - R1Z", "FLOOR_LEVE": -9.99, "FLOOD_RISK": -9999, "GROUND_ELE": 112.97, "HEIGHT_AVE": 6.52, "NO_OF_GROU": 0, "NO_ABOVE_G": -9999, "SOURCE_OF_": 1, "ACCURACY_O": 0, "DATE_CAPTU": null, "CAPTURED_B": null, "DATE_LAST_": null, "UPDATED_BY": null, "MI_PRINX": 0.0, "LGA_CODE": "348", "LGA_NAME": "MONASH", "height": 0 }, "geometry": { "type": "MultiPolygon", "coordinates": [ [ [ [ 145.149553378755598, -37.896620766796516 ], [ 145.149478162836203, -37.896609853097353 ], [ 145.149526055830364, -37.896468607712777 ], [ 145.149593963544874, -37.896483010481745 ], [ 145.149553378755598, -37.896620766796516 ] ] ] ] } },
{ "type": "Feature", "properties": { "Join_Count": 1, "TARGET_FID": 743000, "BF_FID": 1746948, "PARCEL_VIE": "4096877", "LAND_USE_T": "Residential - R1Z", "FLOOR_LEVE": -9.99, "FLOOD_RISK": -9999, "GROUND_ELE": 112.51, "HEIGHT_AVE": 6.43, "NO_OF_GROU": 0, "NO_ABOVE_G": -9999, "SOURCE_OF_": 1, "ACCURACY_O": 0, "DATE_CAPTU": null, "CAPTURED_B": null, "DATE_LAST_": null, "UPDATED_BY": null, "MI_PRINX": 0.0, "LGA_CODE": "348", "LGA_NAME": "MONASH", "height": 0 }, "geometry": { "type": "MultiPolygon", "coordinates": [ [ [ [ 145.149609013557438, -37.896481174830882 ], [ 145.149664357818182, -37.896487991748415 ], [ 145.149627790661498, -37.89663383021918 ], [ 145.149553378755598, -37.896620766796516 ], [ 145.14959457784957, -37.896480947827925 ], [ 145.149609013557438, -37.896481174830882 ] ] ] ] } },
{ "type": "Feature", "properties": { "Join_Count": 1, "TARGET_FID": 743001, "BF_FID": 1746949, "PARCEL_VIE": "4096878", "LAND_USE_T": "Residential - R1Z", "FLOOR_LEVE": -9.99, "FLOOD_RISK": -9999, "GROUND_ELE": 112.21, "HEIGHT_AVE": 6.4, "NO_OF_GROU": 0, "NO_ABOVE_G": -9999, "SOURCE_OF_": 1, "ACCURACY_O": 0, "DATE_CAPTU": null, "CAPTURED_B": null, "DATE_LAST_": null, "UPDATED_BY": null, "MI_PRINX": 0.0, "LGA_CODE": "348", "LGA_NAME": "MONASH", "height": 0 }, "geometry": { "type": "MultiPolygon", "coordinates": [ [ [ [ 145.149701645658553, -37.896642920411495 ], [ 145.149627790661498, -37.89663383021918 ], [ 145.14965727543256, -37.896516171970319 ], [ 145.149726272978512, -37.896528249184954 ], [ 145.149701645658553, -37.896642920411495 ] ] ] ] } },
{ "type": "Feature", "properties": { "Join_Count": 1, "TARGET_FID": 743999, "BF_FID": 1747947, "PARCEL_VIE": "4096895", "LAND_USE_T": "Reserve", "FLOOR_LEVE": -9.99, "FLOOD_RISK": -9999, "GROUND_ELE": 114.86, "HEIGHT_AVE": 3.8, "NO_OF_GROU": 0, "NO_ABOVE_G": -9999, "SOURCE_OF_": 1, "ACCURACY_O": 0, "DATE_CAPTU": null, "CAPTURED_B": null, "DATE_LAST_": null, "UPDATED_BY": null, "MI_PRINX": 0.0, "LGA_CODE": "348", "LGA_NAME": "MONASH", "height": 0 }, "geometry": { "type": "MultiPolygon", "coordinates": [ [ [ [ 145.149396079965101, -37.895674939745682 ], [ 145.149434789299079, -37.895716904691881 ], [ 145.149650194176104, -37.895742907295563 ], [ 145.149655235575324, -37.89577001675358 ], [ 145.149568787759847, -37.89581821270577 ], [ 145.149556562390075, -37.895849555671731 ], [ 145.149324313562147, -37.895814638325753 ], [ 145.149319391834297, -37.895782755404753 ], [ 145.149261284918083, -37.895717779986207 ], [ 145.149371948095478, -37.895653746986262 ], [ 145.149396079965101, -37.895674939745682 ] ] ] ] } },
{ "type": "Feature", "properties": { "Join_Count": 1, "TARGET_FID": 744404, "BF_FID": 1748352, "PARCEL_VIE": "2613488", "LAND_USE_T": "Residential - R1Z", "FLOOR_LEVE": -9.99, "FLOOD_RISK": -9999, "GROUND_ELE": 110.61, "HEIGHT_AVE": 3.87, "NO_OF_GROU": 0, "NO_ABOVE_G": -9999, "SOURCE_OF_": 1, "ACCURACY_O": 0, "DATE_CAPTU": null, "CAPTURED_B": null, "DATE_LAST_": null, "UPDATED_BY": null, "MI_PRINX": 0.0, "LGA_CODE": "348", "LGA_NAME": "MONASH", "height": 0 }, "geometry": { "type": "MultiPolygon", "coordinates": [ [ [ [ 145.140780206102079, -37.890874079164398 ], [ 145.140815353298137, -37.890926892792116 ], [ 145.140784086793758, -37.890939733690814 ], [ 145.140803126235454, -37.890973101408164 ], [ 145.140681919499059, -37.891016416864517 ], [ 145.140632498840574, -37.890927157241862 ], [ 145.140780206102079, -37.890874079164398 ] ] ] ] } },
{ "type": "Feature", "properties": { "Join_Count": 1, "TARGET_FID": 744405, "BF_FID": 1748353, "PARCEL_VIE": "4173172", "LAND_USE_T": "Residential - R1Z", "FLOOR_LEVE": -9.99, "FLOOD_RISK": -9999, "GROUND_ELE": 112.53, "HEIGHT_AVE": 4.24, "NO_OF_GROU": 0, "NO_ABOVE_G": -9999, "SOURCE_OF_": 1, "ACCURACY_O": 0, "DATE_CAPTU": null, "CAPTURED_B": null, "DATE_LAST_": null, "UPDATED_BY": null, "MI_PRINX": 0.0, "LGA_CODE": "348", "LGA_NAME": "MONASH", "height": 0 }, "geometry": { "type": "MultiPolygon", "coordinates": [ [ [ [ 145.141088266102031, -37.890883991540342 ], [ 145.141153403935334, -37.890892679035844 ], [ 145.141133502781855, -37.89094948843529 ], [ 145.140994315530946, -37.89092107043561 ], [ 145.141020538656846, -37.890817959135852 ], [ 145.141102895695639, -37.890827999881289 ], [ 145.141088266102031, -37.890883991540342 ] ] ] ] } },
{ "type": "Feature", "properties": { "Join_Count": 1, "TARGET_FID": 744406, "BF_FID": 1748354, "PARCEL_VIE": "4173173", "LAND_USE_T": "Residential - R1Z", "FLOOR_LEVE": -9.99, "FLOOD_RISK": -9999, "GROUND_ELE": 112.81, "HEIGHT_AVE": 4.14, "NO_OF_GROU": 0, "NO_ABOVE_G": -9999, "SOURCE_OF_": 1, "ACCURACY_O": 0, "DATE_CAPTU": null, "CAPTURED_B": null, "DATE_LAST_": null, "UPDATED_BY": null, "MI_PRINX": 0.0, "LGA_CODE": "348", "LGA_NAME": "MONASH", "height": 0 }, "geometry": { "type": "MultiPolygon", "coordinates": [ [ [ [ 145.141143314823523, -37.890969465555337 ], [ 145.141111536816027, -37.891133126817209 ], [ 145.141021025679322, -37.891126651385349 ], [ 145.141021673589989, -37.891100892857892 ], [ 145.141003079727341, -37.89108708403775 ], [ 145.141023100242847, -37.890991983806167 ], [ 145.141078329011975, -37.890995739476878 ], [ 145.141083500050428, -37.890965367169585 ], [ 145.141143314823523, -37.890969465555337 ] ] ] ] } },
{ "type": "Feature", "properties": { "Join_Count": 1, "TARGET_FID": 744407, "BF_FID": 1748355, "PARCEL_VIE": "4173174", "LAND_USE_T": "Residential - R1Z", "FLOOR_LEVE": -9.99, "FLOOD_RISK": -9999, "GROUND_ELE": 111.7, "HEIGHT_AVE": 3.6, "NO_OF_GROU": 0, "NO_ABOVE_G": -9999, "SOURCE_OF_": 1, "ACCURACY_O": 0, "DATE_CAPTU": null, "CAPTURED_B": null, "DATE_LAST_": null, "UPDATED_BY": null, "MI_PRINX": 0.0, "LGA_CODE": "348", "LGA_NAME": "MONASH", "height": 0 }, "geometry": { "type": "MultiPolygon", "coordinates": [ [ [ [ 145.140985270900671, -37.890967509547522 ], [ 145.140965101367982, -37.891090898997021 ], [ 145.14082439325108, -37.891070746020496 ], [ 145.140843183905019, -37.890964904423434 ], [ 145.14090140296824, -37.890969067822347 ], [ 145.140897666218962, -37.890953601590489 ], [ 145.140985270900671, -37.890967509547522 ] ] ] ] } },
{ "type": "Feature", "properties": { "Join_Count": 1, "TARGET_FID": 744883, "BF_FID": 1748831, "PARCEL_VIE": "1477433", "LAND_USE_T": "Residential - R1Z", "FLOOR_LEVE": -9.99, "FLOOD_RISK": -9999, "GROUND_ELE": 119.39, "HEIGHT_AVE": 4.08, "NO_OF_GROU": 0, "NO_ABOVE_G": -9999, "SOURCE_OF_": 1, "ACCURACY_O": 0, "DATE_CAPTU": null, "CAPTURED_B": null, "DATE_LAST_": null, "UPDATED_BY": null, "MI_PRINX": 0.0, "LGA_CODE": "348", "LGA_NAME": "MONASH", "height": 0 }, "geometry": { "type": "MultiPolygon", "coordinates": [ [ [ [ 145.148239143481192, -37.891013853779299 ], [ 145.148230048331413, -37.891178504765676 ], [ 145.148146624829849, -37.891169803726726 ], [ 145.1481585168045, -37.891084395241229 ], [ 145.148135135849145, -37.89108195498622 ], [ 145.148124140683024, -37.891064212328104 ], [ 145.148131812953125, -37.891001262603922 ], [ 145.148239143481192, -37.891013853779299 ] ] ] ] } },
{ "type": "Feature", "properties": { "Join_Count": 1, "TARGET_FID": 744884, "BF_FID": 1748832, "PARCEL_VIE": "1477203", "LAND_USE_T": "Residential - R1Z", "FLOOR_LEVE": -9.99, "FLOOD_RISK": -9999, "GROUND_ELE": 119.71, "HEIGHT_AVE": 3.93, "NO_OF_GROU": 0, "NO_ABOVE_G": -9999, "SOURCE_OF_": 1, "ACCURACY_O": 0, "DATE_CAPTU": null, "CAPTURED_B": null, "DATE_LAST_": null, "UPDATED_BY": null, "MI_PRINX": 0.0, "LGA_CODE": "348", "LGA_NAME": "MONASH", "height": 0 }, "geometry": { "type": "MultiPolygon", "coordinates": [ [ [ [ 145.14844978804328, -37.890776419301837 ], [ 145.148376959005049, -37.890775273378885 ], [ 145.148406816681472, -37.890605272713906 ], [ 145.148514982086198, -37.890606974587989 ], [ 145.148508298677513, -37.890727784532686 ], [ 145.148453155512414, -37.890728088227398 ], [ 145.14844978804328, -37.890776419301837 ] ] ] ] } },
{ "type": "Feature", "properties": { "Join_Count": 1, "TARGET_FID": 744885, "BF_FID": 1748833, "PARCEL_VIE": "4199580", "LAND_USE_T": "Residential - R1Z", "FLOOR_LEVE": -9.99, "FLOOD_RISK": -9999, "GROUND_ELE": 120.18, "HEIGHT_AVE": 3.29, "NO_OF_GROU": 0, "NO_ABOVE_G": -9999, "SOURCE_OF_": 1, "ACCURACY_O": 0, "DATE_CAPTU": null, "CAPTURED_B": null, "DATE_LAST_": null, "UPDATED_BY": null, "MI_PRINX": 0.0, "LGA_CODE": "348", "LGA_NAME": "MONASH", "height": 0 }, "geometry": { "type": "MultiPolygon", "coordinates": [ [ [ [ 145.148434825299972, -37.891066758520445 ], [ 145.148420545639084, -37.891217542548766 ], [ 145.148302575719725, -37.891206676234972 ], [ 145.148311938518134, -37.891098702769732 ], [ 145.148367802475434, -37.891099581794315 ], [ 145.148374394386195, -37.891061032332821 ], [ 145.148434825299972, -37.891066758520445 ] ] ] ] } },
{ "type": "Feature", "properties": { "Join_Count": 1, "TARGET_FID": 744886, "BF_FID": 1748834, "PARCEL_VIE": "4199581", "LAND_USE_T": "Residential - R1Z", "FLOOR_LEVE": -9.99, "FLOOD_RISK": -9999, "GROUND_ELE": 119.71, "HEIGHT_AVE": 3.33, "NO_OF_GROU": 0, "NO_ABOVE_G": -9999, "SOURCE_OF_": 1, "ACCURACY_O": 0, "DATE_CAPTU": null, "CAPTURED_B": null, "DATE_LAST_": null, "UPDATED_BY": null, "MI_PRINX": 0.0, "LGA_CODE": "348", "LGA_NAME": "MONASH", "height": 0 }, "geometry": { "type": "MultiPolygon", "coordinates": [ [ [ [ 145.148427649883672, -37.890978887573809 ], [ 145.148427083529839, -37.891001493929295 ], [ 145.14830216099503, -37.890994933155753 ], [ 145.148297913269232, -37.890924948201615 ], [ 145.148385606144359, -37.890924165637749 ], [ 145.148385559441465, -37.890907316078618 ], [ 145.148441720244705, -37.89090756903272 ], [ 145.148427649883672, -37.890978887573809 ] ] ] ] } },
{ "type": "Feature", "properties": { "Join_Count": 1, "TARGET_FID": 745637, "BF_FID": 1749585, "PARCEL_VIE": "1467883", "LAND_USE_T": "Business - B3Z", "FLOOR_LEVE": -9.99, "FLOOD_RISK": -9999, "GROUND_ELE": 115.89, "HEIGHT_AVE": 6.62, "NO_OF_GROU": 0, "NO_ABOVE_G": -9999, "SOURCE_OF_": 1, "ACCURACY_O": 0, "DATE_CAPTU": null, "CAPTURED_B": null, "DATE_LAST_": null, "UPDATED_BY": null, "MI_PRINX": 0.0, "LGA_CODE": "348", "LGA_NAME": "MONASH", "height": 0 }, "geometry": { "type": "MultiPolygon", "coordinates": [ [ [ [ 145.142980319203389, -37.895264911034864 ], [ 145.142925266192606, -37.895571194936991 ], [ 145.142655874054867, -37.895533065349262 ], [ 145.14274835042886, -37.895021312324459 ], [ 145.143019561937081, -37.895046676119044 ], [ 145.142980319203389, -37.895264911034864 ] ] ] ] } },
{ "type": "Feature", "properties": { "Join_Count": 1, "TARGET_FID": 746053, "BF_FID": 1750001, "PARCEL_VIE": "4096847", "LAND_USE_T": "Residential - R1Z", "FLOOR_LEVE": -9.99, "FLOOD_RISK": -9999, "GROUND_ELE": 118.61, "HEIGHT_AVE": 5.88, "NO_OF_GROU": 0, "NO_ABOVE_G": -9999, "SOURCE_OF_": 1, "ACCURACY_O": 0, "DATE_CAPTU": null, "CAPTURED_B": null, "DATE_LAST_": null, "UPDATED_BY": null, "MI_PRINX": 0.0, "LGA_CODE": "348", "LGA_NAME": "MONASH", "height": 0 }, "geometry": { "type": "MultiPolygon", "coordinates": [ [ [ [ 145.146320954446026, -37.894272596385633 ], [ 145.14646792916497, -37.89430491504001 ], [ 145.14645106197176, -37.894412860168067 ], [ 145.146308641588917, -37.894397101642809 ], [ 145.146259242110176, -37.894355237582211 ], [ 145.146222216592179, -37.89435465430472 ], [ 145.146209451164708, -37.894265433819783 ], [ 145.146320954446026, -37.894272596385633 ] ] ] ] } },
{ "type": "Feature", "properties": { "Join_Count": 1, "TARGET_FID": 746093, "BF_FID": 1750041, "PARCEL_VIE": "1467909", "LAND_USE_T": "Business - B3Z", "FLOOR_LEVE": -9.99, "FLOOD_RISK": -9999, "GROUND_ELE": 107.15, "HEIGHT_AVE": 6.45, "NO_OF_GROU": 0, "NO_ABOVE_G": -9999, "SOURCE_OF_": 1, "ACCURACY_O": 0, "DATE_CAPTU": null, "CAPTURED_B": null, "DATE_LAST_": null, "UPDATED_BY": null, "MI_PRINX": 0.0, "LGA_CODE": "348", "LGA_NAME": "MONASH", "height": 0 }, "geometry": { "type": "MultiPolygon", "coordinates": [ [ [ [ 145.140158824290694, -37.898954654822852 ], [ 145.140277703193675, -37.898974553822974 ], [ 145.140312051621663, -37.898966086640684 ], [ 145.140328885797032, -37.898975362739499 ], [ 145.140327638997093, -37.899024898283216 ], [ 145.140450709069768, -37.899034772097622 ], [ 145.140373952780152, -37.899442705211527 ], [ 145.140046387585443, -37.899405271961655 ], [ 145.140127401440111, -37.898958663179528 ], [ 145.140158824290694, -37.898954654822852 ] ] ] ] } },
{ "type": "Feature", "properties": { "Join_Count": 1, "TARGET_FID": 746094, "BF_FID": 1750042, "PARCEL_VIE": "1467910", "LAND_USE_T": "Business - B3Z", "FLOOR_LEVE": -9.99, "FLOOD_RISK": -9999, "GROUND_ELE": 107.32, "HEIGHT_AVE": 6.13, "NO_OF_GROU": 0, "NO_ABOVE_G": -9999, "SOURCE_OF_": 1, "ACCURACY_O": 0, "DATE_CAPTU": null, "CAPTURED_B": null, "DATE_LAST_": null, "UPDATED_BY": null, "MI_PRINX": 0.0, "LGA_CODE": "348", "LGA_NAME": "MONASH", "height": 0 }, "geometry": { "type": "MultiPolygon", "coordinates": [ [ [ [ 145.14113565646295, -37.899001625490314 ], [ 145.14133972690297, -37.89902737422112 ], [ 145.14131330084922, -37.899175712664068 ], [ 145.141421064318479, -37.899186424888384 ], [ 145.141364982562294, -37.899536930855234 ], [ 145.141349306149749, -37.899552450816358 ], [ 145.141036468649276, -37.899514802446845 ], [ 145.141077273506028, -37.899514365884151 ], [ 145.141078066618775, -37.899482843254667 ], [ 145.141040812032969, -37.899491264746167 ], [ 145.14113565646295, -37.899001625490314 ] ] ] ] } },
{ "type": "Feature", "properties": { "Join_Count": 1, "TARGET_FID": 746096, "BF_FID": 1750044, "PARCEL_VIE": "4242428", "LAND_USE_T": "Business - B3Z", "FLOOR_LEVE": -9.99, "FLOOD_RISK": -9999, "GROUND_ELE": 107.29, "HEIGHT_AVE": 7.74, "NO_OF_GROU": 0, "NO_ABOVE_G": -9999, "SOURCE_OF_": 1, "ACCURACY_O": 0, "DATE_CAPTU": null, "CAPTURED_B": null, "DATE_LAST_": null, "UPDATED_BY": null, "MI_PRINX": 0.0, "LGA_CODE": "348", "LGA_NAME": "MONASH", "height": 0 }, "geometry": { "type": "MultiPolygon", "coordinates": [ [ [ [ 145.140513010095049, -37.898888172096548 ], [ 145.140773980735162, -37.898914820969132 ], [ 145.140693691934416, -37.899355134665988 ], [ 145.140558235423839, -37.899352994205344 ], [ 145.140552970523544, -37.899334890917132 ], [ 145.140478875547132, -37.899342730056759 ], [ 145.140439488767157, -37.899324087528029 ], [ 145.140405366868237, -37.899323548280698 ], [ 145.14039383240123, -37.899345891104907 ], [ 145.140477576022903, -37.898887612136285 ], [ 145.140513010095049, -37.898888172096548 ] ] ] ] } },
{ "type": "Feature", "properties": { "Join_Count": 1, "TARGET_FID": 746097, "BF_FID": 1750045, "PARCEL_VIE": "4242429", "LAND_USE_T": "Common", "FLOOR_LEVE": -9.99, "FLOOD_RISK": -9999, "GROUND_ELE": 107.22, "HEIGHT_AVE": 6.71, "NO_OF_GROU": 0, "NO_ABOVE_G": -9999, "SOURCE_OF_": 1, "ACCURACY_O": 0, "DATE_CAPTU": null, "CAPTURED_B": null, "DATE_LAST_": null, "UPDATED_BY": null, "MI_PRINX": 0.0, "LGA_CODE": "348", "LGA_NAME": "MONASH", "height": 0 }, "geometry": { "type": "MultiPolygon", "coordinates": [ [ [ [ 145.140841509265385, -37.898929403003883 ], [ 145.140750983436476, -37.899374060020023 ], [ 145.140745698907352, -37.89936046145246 ], [ 145.140694629349753, -37.899355149478318 ], [ 145.140714523389704, -37.899242838261436 ], [ 145.140777162219734, -37.899239322981998 ], [ 145.14080540243981, -37.899018932970996 ], [ 145.140823029899508, -37.898996686373579 ], [ 145.140818765220047, -37.89894255871603 ], [ 145.140841509265385, -37.898929403003883 ] ] ] ] } },
{ "type": "Feature", "properties": { "Join_Count": 1, "TARGET_FID": 746098, "BF_FID": 1750046, "PARCEL_VIE": "4242430", "LAND_USE_T": "Business - B3Z", "FLOOR_LEVE": -9.99, "FLOOD_RISK": -9999, "GROUND_ELE": 107.42, "HEIGHT_AVE": 7.86, "NO_OF_GROU": 0, "NO_ABOVE_G": -9999, "SOURCE_OF_": 1, "ACCURACY_O": 0, "DATE_CAPTU": null, "CAPTURED_B": null, "DATE_LAST_": null, "UPDATED_BY": null, "MI_PRINX": 0.0, "LGA_CODE": "348", "LGA_NAME": "MONASH", "height": 0 }, "geometry": { "type": "MultiPolygon", "coordinates": [ [ [ [ 145.14097827739559, -37.89893156385228 ], [ 145.14107998234752, -37.898955695737463 ], [ 145.141077942953018, -37.899036753934517 ], [ 145.141112064732596, -37.899037292983444 ], [ 145.141129563290832, -37.899001529233594 ], [ 145.1410334178548, -37.899531693134541 ], [ 145.140997686756691, -37.899513108544703 ], [ 145.140719746662029, -37.899486192014471 ], [ 145.140726162976506, -37.899458542460067 ], [ 145.140744584756362, -37.899460635550028 ], [ 145.140841509265385, -37.898929403003883 ], [ 145.14097827739559, -37.89893156385228 ] ] ] ] } },
{ "type": "Feature", "properties": { "Join_Count": 1, "TARGET_FID": 746892, "BF_FID": 1750842, "PARCEL_VIE": "1477076", "LAND_USE_T": "Residential - R1Z", "FLOOR_LEVE": -9.99, "FLOOD_RISK": -9999, "GROUND_ELE": 118.49, "HEIGHT_AVE": 3.76, "NO_OF_GROU": 0, "NO_ABOVE_G": -9999, "SOURCE_OF_": 1, "ACCURACY_O": 0, "DATE_CAPTU": null, "CAPTURED_B": null, "DATE_LAST_": null, "UPDATED_BY": null, "MI_PRINX": 0.0, "LGA_CODE": "348", "LGA_NAME": "MONASH", "height": 0 }, "geometry": { "type": "MultiPolygon", "coordinates": [ [ [ [ 145.144849507543711, -37.893315155002277 ], [ 145.144819469496639, -37.893454607655833 ], [ 145.144648121419607, -37.893437039571758 ], [ 145.144657855627599, -37.893377996965469 ], [ 145.144728488229845, -37.893380822499715 ], [ 145.144734790604815, -37.893353891688051 ], [ 145.144763398835778, -37.893349837694402 ], [ 145.144783915844329, -37.893287090749688 ], [ 145.144855758902935, -37.893293989816684 ], [ 145.144849507543711, -37.893315155002277 ] ] ] ] } },
{ "type": "Feature", "properties": { "Join_Count": 1, "TARGET_FID": 746893, "BF_FID": 1750843, "PARCEL_VIE": "1477075", "LAND_USE_T": "Residential - R1Z", "FLOOR_LEVE": -9.99, "FLOOD_RISK": -9999, "GROUND_ELE": 118.73, "HEIGHT_AVE": 3.93, "NO_OF_GROU": 0, "NO_ABOVE_G": -9999, "SOURCE_OF_": 1, "ACCURACY_O": 0, "DATE_CAPTU": null, "CAPTURED_B": null, "DATE_LAST_": null, "UPDATED_BY": null, "MI_PRINX": 0.0, "LGA_CODE": "348", "LGA_NAME": "MONASH", "height": 0 }, "geometry": { "type": "MultiPolygon", "coordinates": [ [ [ [ 145.144964719233315, -37.893028829579031 ], [ 145.145044416735715, -37.893025400677409 ], [ 145.145043128148501, -37.893076737702984 ], [ 145.144862380182133, -37.893067581320224 ], [ 145.144862586859801, -37.893021993679476 ], [ 145.144964719233315, -37.893028829579031 ] ] ] ] } },
{ "type": "Feature", "properties": { "Join_Count": 1, "TARGET_FID": 746894, "BF_FID": 1750844, "PARCEL_VIE": "4277452", "LAND_USE_T": "Residential - R1Z", "FLOOR_LEVE": -9.99, "FLOOD_RISK": -9999, "GROUND_ELE": 118.51, "HEIGHT_AVE": 3.37, "NO_OF_GROU": 0, "NO_ABOVE_G": -9999, "SOURCE_OF_": 1, "ACCURACY_O": 0, "DATE_CAPTU": null, "CAPTURED_B": null, "DATE_LAST_": null, "UPDATED_BY": null, "MI_PRINX": 0.0, "LGA_CODE": "348", "LGA_NAME": "MONASH", "height": 0 }, "geometry": { "type": "MultiPolygon", "coordinates": [ [ [ [ 145.144774211350608, -37.893165662361255 ], [ 145.144836287030785, -37.893161955780769 ], [ 145.144862924893062, -37.8932326541875 ], [ 145.144804319185084, -37.893251282084087 ], [ 145.144795998629519, -37.893239077427737 ], [ 145.144734355577043, -37.893236754067757 ], [ 145.14471276117672, -37.893174334303083 ], [ 145.144774211350608, -37.893165662361255 ] ] ] ] } },
{ "type": "Feature", "properties": { "Join_Count": 1, "TARGET_FID": 746895, "BF_FID": 1750845, "PARCEL_VIE": "4277453", "LAND_USE_T": "Residential - R1Z", "FLOOR_LEVE": -9.99, "FLOOD_RISK": -9999, "GROUND_ELE": 118.63, "HEIGHT_AVE": 3.5, "NO_OF_GROU": 0, "NO_ABOVE_G": -9999, "SOURCE_OF_": 1, "ACCURACY_O": 0, "DATE_CAPTU": null, "CAPTURED_B": null, "DATE_LAST_": null, "UPDATED_BY": null, "MI_PRINX": 0.0, "LGA_CODE": "348", "LGA_NAME": "MONASH", "height": 0 }, "geometry": { "type": "MultiPolygon", "coordinates": [ [ [ [ 145.145006115309627, -37.893191483006113 ], [ 145.144971770075216, -37.893199951651098 ], [ 145.144959750028193, -37.893226792343114 ], [ 145.144908571270605, -37.893225985543395 ], [ 145.144904034706371, -37.893182575642911 ], [ 145.144931466237608, -37.893173097021872 ], [ 145.144931111512591, -37.893131194655368 ], [ 145.145019472461968, -37.89311510806121 ], [ 145.145023174888252, -37.893191751927489 ], [ 145.145006115309627, -37.893191483006113 ] ] ] ] } },
{ "type": "Feature", "properties": { "Join_Count": 1, "TARGET_FID": 746896, "BF_FID": 1750846, "PARCEL_VIE": "1477591", "LAND_USE_T": "Residential - R1Z", "FLOOR_LEVE": -9.99, "FLOOD_RISK": -9999, "GROUND_ELE": 118.22, "HEIGHT_AVE": 3.2, "NO_OF_GROU": 0, "NO_ABOVE_G": -9999, "SOURCE_OF_": 1, "ACCURACY_O": 0, "DATE_CAPTU": null, "CAPTURED_B": null, "DATE_LAST_": null, "UPDATED_BY": null, "MI_PRINX": 0.0, "LGA_CODE": "348", "LGA_NAME": "MONASH", "height": 0 }, "geometry": { "type": "MultiPolygon", "coordinates": [ [ [ [ 145.149492869622549, -37.89430756313407 ], [ 145.149508206453532, -37.89431672427849 ], [ 145.149497998045121, -37.894462256464784 ], [ 145.149335113044515, -37.894447351084246 ], [ 145.14936196993807, -37.894348482568788 ], [ 145.149426741271071, -37.894349501199848 ], [ 145.149429873526657, -37.894303058533069 ], [ 145.149492869622549, -37.89430756313407 ] ] ] ] } },
{ "type": "Feature", "properties": { "Join_Count": 1, "TARGET_FID": 746897, "BF_FID": 1750847, "PARCEL_VIE": "4277472", "LAND_USE_T": "Residential - R1Z", "FLOOR_LEVE": -9.99, "FLOOD_RISK": -9999, "GROUND_ELE": 118.42, "HEIGHT_AVE": 3.55, "NO_OF_GROU": 0, "NO_ABOVE_G": -9999, "SOURCE_OF_": 1, "ACCURACY_O": 0, "DATE_CAPTU": null, "CAPTURED_B": null, "DATE_LAST_": null, "UPDATED_BY": null, "MI_PRINX": 0.0, "LGA_CODE": "348", "LGA_NAME": "MONASH", "height": 0 }, "geometry": { "type": "MultiPolygon", "coordinates": [ [ [ [ 145.149294886232894, -37.894263814150335 ], [ 145.149311720542585, -37.894273088972184 ], [ 145.149285763644855, -37.894403416750826 ], [ 145.149178003429029, -37.89439280194027 ], [ 145.149192576391698, -37.894286442106484 ], [ 145.149241381039218, -37.894288471118294 ], [ 145.149245112664744, -37.894263031330674 ], [ 145.149294886232894, -37.894263814150335 ] ] ] ] } },
{ "type": "Feature", "properties": { "Join_Count": 1, "TARGET_FID": 746898, "BF_FID": 1750848, "PARCEL_VIE": "4277473", "LAND_USE_T": "Residential - R1Z", "FLOOR_LEVE": -9.99, "FLOOD_RISK": -9999, "GROUND_ELE": 118.13, "HEIGHT_AVE": 3.56, "NO_OF_GROU": 0, "NO_ABOVE_G": -9999, "SOURCE_OF_": 1, "ACCURACY_O": 0, "DATE_CAPTU": null, "CAPTURED_B": null, "DATE_LAST_": null, "UPDATED_BY": null, "MI_PRINX": 0.0, "LGA_CODE": "348", "LGA_NAME": "MONASH", "height": 0 }, "geometry": { "type": "MultiPolygon", "coordinates": [ [ [ [ 145.149286772455582, -37.894445509610037 ], [ 145.149275252270229, -37.894553539278199 ], [ 145.14916980264789, -37.894548006433205 ], [ 145.149165455581112, -37.89443702419058 ], [ 145.149286772455582, -37.894445509610037 ] ] ] ] } },
{ "type": "Feature", "properties": { "Join_Count": 1, "TARGET_FID": 747319, "BF_FID": 1751278, "PARCEL_VIE": "2613848", "LAND_USE_T": "Business - B1Z", "FLOOR_LEVE": -9.99, "FLOOD_RISK": -9999, "GROUND_ELE": 118.39, "HEIGHT_AVE": 7.81, "NO_OF_GROU": 0, "NO_ABOVE_G": -9999, "SOURCE_OF_": 1, "ACCURACY_O": 0, "DATE_CAPTU": null, "CAPTURED_B": null, "DATE_LAST_": null, "UPDATED_BY": null, "MI_PRINX": 0.0, "LGA_CODE": "348", "LGA_NAME": "MONASH", "height": 0 }, "geometry": { "type": "MultiPolygon", "coordinates": [ [ [ [ 145.143436919727748, -37.891180829170068 ], [ 145.14335881288045, -37.891621179882016 ], [ 145.143147115355191, -37.891597476895775 ], [ 145.143202959250857, -37.891184886441359 ], [ 145.143231699247679, -37.891171824830757 ], [ 145.143436919727748, -37.891180829170068 ] ] ] ] } },
{ "type": "Feature", "properties": { "Join_Count": 1, "TARGET_FID": 747320, "BF_FID": 1751279, "PARCEL_VIE": "2613837", "LAND_USE_T": "Business - B1Z", "FLOOR_LEVE": -9.99, "FLOOD_RISK": -9999, "GROUND_ELE": 118.48, "HEIGHT_AVE": 3.26, "NO_OF_GROU": 0, "NO_ABOVE_G": -9999, "SOURCE_OF_": 1, "ACCURACY_O": 0, "DATE_CAPTU": null, "CAPTURED_B": null, "DATE_LAST_": null, "UPDATED_BY": null, "MI_PRINX": 0.0, "LGA_CODE": "348", "LGA_NAME": "MONASH", "height": 0 }, "geometry": { "type": "MultiPolygon", "coordinates": [ [ [ [ 145.144217390982277, -37.891201789576748 ], [ 145.144401665199041, -37.891223436393986 ], [ 145.144394199243379, -37.891266837260595 ], [ 145.144210588834227, -37.891248624722174 ], [ 145.144217390982277, -37.891201789576748 ] ] ] ] } },
{ "type": "Feature", "properties": { "Join_Count": 1, "TARGET_FID": 747321, "BF_FID": 1751280, "PARCEL_VIE": "4298645", "LAND_USE_T": "Business - B1Z", "FLOOR_LEVE": -9.99, "FLOOD_RISK": -9999, "GROUND_ELE": 118.55, "HEIGHT_AVE": 5.03, "NO_OF_GROU": 0, "NO_ABOVE_G": -9999, "SOURCE_OF_": 1, "ACCURACY_O": 0, "DATE_CAPTU": null, "CAPTURED_B": null, "DATE_LAST_": null, "UPDATED_BY": null, "MI_PRINX": 0.0, "LGA_CODE": "348", "LGA_NAME": "MONASH", "height": 0 }, "geometry": { "type": "MultiPolygon", "coordinates": [ [ [ [ 145.143669104508518, -37.891187735695027 ], [ 145.144078065409616, -37.891234821644055 ], [ 145.143998419877789, -37.891669382110727 ], [ 145.143628539294383, -37.891626786696449 ], [ 145.143669929346345, -37.891401287128531 ], [ 145.143624770094618, -37.891396069709664 ], [ 145.143645688170324, -37.891309903120401 ], [ 145.143633086451132, -37.891307632013316 ], [ 145.143643560938187, -37.891245267433142 ], [ 145.143620221817827, -37.891244899255028 ], [ 145.143629362422558, -37.891187108763873 ], [ 145.143669104508518, -37.891187735695027 ] ] ] ] } },
{ "type": "Feature", "properties": { "Join_Count": 1, "TARGET_FID": 747322, "BF_FID": 1751281, "PARCEL_VIE": "4298646", "LAND_USE_T": "Business - B1Z", "FLOOR_LEVE": -9.99, "FLOOD_RISK": -9999, "GROUND_ELE": 118.52, "HEIGHT_AVE": 4.0, "NO_OF_GROU": 0, "NO_ABOVE_G": -9999, "SOURCE_OF_": 1, "ACCURACY_O": 0, "DATE_CAPTU": null, "CAPTURED_B": null, "DATE_LAST_": null, "UPDATED_BY": null, "MI_PRINX": 0.0, "LGA_CODE": "348", "LGA_NAME": "MONASH", "height": 0 }, "geometry": { "type": "MultiPolygon", "coordinates": [ [ [ [ 145.143669929346345, -37.891401287128531 ], [ 145.143637659286924, -37.891577285138069 ], [ 145.1435618305525, -37.891568610554906 ], [ 145.143594103049395, -37.891392522505633 ], [ 145.143669929346345, -37.891401287128531 ] ] ] ] } },
{ "type": "Feature", "properties": { "Join_Count": 1, "TARGET_FID": 747323, "BF_FID": 1751282, "PARCEL_VIE": "4298647", "LAND_USE_T": "Business - B1Z", "FLOOR_LEVE": -9.99, "FLOOD_RISK": -9999, "GROUND_ELE": 118.56, "HEIGHT_AVE": 3.7, "NO_OF_GROU": 0, "NO_ABOVE_G": -9999, "SOURCE_OF_": 1, "ACCURACY_O": 0, "DATE_CAPTU": null, "CAPTURED_B": null, "DATE_LAST_": null, "UPDATED_BY": null, "MI_PRINX": 0.0, "LGA_CODE": "348", "LGA_NAME": "MONASH", "height": 0 }, "geometry": { "type": "MultiPolygon", "coordinates": [ [ [ [ 145.14356063887459, -37.891574988897474 ], [ 145.143496959741924, -37.891579120024794 ], [ 145.143537384408603, -37.891358470707807 ], [ 145.143598999662174, -37.891365569572656 ], [ 145.14356063887459, -37.891574988897474 ] ] ] ] } },
{ "type": "Feature", "properties": { "Join_Count": 1, "TARGET_FID": 747324, "BF_FID": 1751283, "PARCEL_VIE": "4298648", "LAND_USE_T": "Business - B1Z", "FLOOR_LEVE": -9.99, "FLOOD_RISK": -9999, "GROUND_ELE": 118.6, "HEIGHT_AVE": 3.71, "NO_OF_GROU": 0, "NO_ABOVE_G": -9999, "SOURCE_OF_": 1, "ACCURACY_O": 0, "DATE_CAPTU": null, "CAPTURED_B": null, "DATE_LAST_": null, "UPDATED_BY": null, "MI_PRINX": 0.0, "LGA_CODE": "348", "LGA_NAME": "MONASH", "height": 0 }, "geometry": { "type": "MultiPolygon", "coordinates": [ [ [ [ 145.143496959741924, -37.891579120024794 ], [ 145.143489462829478, -37.891619997520706 ], [ 145.143428220042551, -37.891612994573634 ], [ 145.143476144094308, -37.891351377726025 ], [ 145.143537384408603, -37.891358470707807 ], [ 145.143496959741924, -37.891579120024794 ] ] ] ] } },
{ "type": "Feature", "properties": { "Join_Count": 1, "TARGET_FID": 747325, "BF_FID": 1751284, "PARCEL_VIE": "4298649", "LAND_USE_T": "Business - B1Z", "FLOOR_LEVE": -9.99, "FLOOD_RISK": -9999, "GROUND_ELE": 118.61, "HEIGHT_AVE": 4.52, "NO_OF_GROU": 0, "NO_ABOVE_G": -9999, "SOURCE_OF_": 1, "ACCURACY_O": 0, "DATE_CAPTU": null, "CAPTURED_B": null, "DATE_LAST_": null, "UPDATED_BY": null, "MI_PRINX": 0.0, "LGA_CODE": "348", "LGA_NAME": "MONASH", "height": 0 }, "geometry": { "type": "MultiPolygon", "coordinates": [ [ [ [ 145.143476144094308, -37.891351377726025 ], [ 145.143428220042551, -37.891612994573634 ], [ 145.143361556659499, -37.891605275367297 ], [ 145.143408077229765, -37.891343546305556 ], [ 145.143476144094308, -37.891351377726025 ] ] ] ] } },
{ "type": "Feature", "properties": { "Join_Count": 1, "TARGET_FID": 747326, "BF_FID": 1751285, "PARCEL_VIE": "4298651", "LAND_USE_T": "Business - B1Z", "FLOOR_LEVE": -9.99, "FLOOD_RISK": -9999, "GROUND_ELE": 118.51, "HEIGHT_AVE": 3.42, "NO_OF_GROU": 0, "NO_ABOVE_G": -9999, "SOURCE_OF_": 1, "ACCURACY_O": 0, "DATE_CAPTU": null, "CAPTURED_B": null, "DATE_LAST_": null, "UPDATED_BY": null, "MI_PRINX": 0.0, "LGA_CODE": "348", "LGA_NAME": "MONASH", "height": 0 }, "geometry": { "type": "MultiPolygon", "coordinates": [ [ [ [ 145.144207689944182, -37.891248308704142 ], [ 145.144393658223578, -37.891269711948915 ], [ 145.144382107300686, -37.891322689164866 ], [ 145.144189430932556, -37.891299558300553 ], [ 145.144207689944182, -37.891248308704142 ] ] ] ] } },
{ "type": "Feature", "properties": { "Join_Count": 1, "TARGET_FID": 747327, "BF_FID": 1751286, "PARCEL_VIE": "4298652", "LAND_USE_T": "Business - B1Z", "FLOOR_LEVE": -9.99, "FLOOD_RISK": -9999, "GROUND_ELE": 118.54, "HEIGHT_AVE": 3.42, "NO_OF_GROU": 0, "NO_ABOVE_G": -9999, "SOURCE_OF_": 1, "ACCURACY_O": 0, "DATE_CAPTU": null, "CAPTURED_B": null, "DATE_LAST_": null, "UPDATED_BY": null, "MI_PRINX": 0.0, "LGA_CODE": "348", "LGA_NAME": "MONASH", "height": 0 }, "geometry": { "type": "MultiPolygon", "coordinates": [ [ [ [ 145.144189430932556, -37.891299558300553 ], [ 145.144382107300686, -37.891322689164866 ], [ 145.144372719986734, -37.891379124319855 ], [ 145.144165220317007, -37.891356300270651 ], [ 145.144173455618358, -37.891308406523358 ], [ 145.144189430932556, -37.891299558300553 ] ] ] ] } },
{ "type": "Feature", "properties": { "Join_Count": 1, "TARGET_FID": 747328, "BF_FID": 1751287, "PARCEL_VIE": "4298654", "LAND_USE_T": "Business - B1Z", "FLOOR_LEVE": -9.99, "FLOOD_RISK": -9999, "GROUND_ELE": 118.79, "HEIGHT_AVE": 4.12, "NO_OF_GROU": 0, "NO_ABOVE_G": -9999, "SOURCE_OF_": 1, "ACCURACY_O": 0, "DATE_CAPTU": null, "CAPTURED_B": null, "DATE_LAST_": null, "UPDATED_BY": null, "MI_PRINX": 0.0, "LGA_CODE": "348", "LGA_NAME": "MONASH", "height": 0 }, "geometry": { "type": "MultiPolygon", "coordinates": [ [ [ [ 145.144170026015729, -37.89184454112128 ], [ 145.144368247328714, -37.891874697214575 ], [ 145.144412072403895, -37.891906923493266 ], [ 145.144404975630465, -37.891987902127049 ], [ 145.14411039715506, -37.891956226466391 ], [ 145.144100092679764, -37.891911013653939 ], [ 145.144112771963307, -37.89186165829296 ], [ 145.144170026015729, -37.89184454112128 ] ] ] ] } },
{ "type": "Feature", "properties": { "Join_Count": 1, "TARGET_FID": 747329, "BF_FID": 1751288, "PARCEL_VIE": "4298655", "LAND_USE_T": "Common", "FLOOR_LEVE": -9.99, "FLOOD_RISK": -9999, "GROUND_ELE": 118.87, "HEIGHT_AVE": 3.38, "NO_OF_GROU": 0, "NO_ABOVE_G": -9999, "SOURCE_OF_": 1, "ACCURACY_O": 0, "DATE_CAPTU": null, "CAPTURED_B": null, "DATE_LAST_": null, "UPDATED_BY": null, "MI_PRINX": 0.0, "LGA_CODE": "348", "LGA_NAME": "MONASH", "height": 0 }, "geometry": { "type": "MultiPolygon", "coordinates": [ [ [ [ 145.144391024264308, -37.891875056381281 ], [ 145.144441429943925, -37.891902881387018 ], [ 145.1444223161227, -37.891988175562389 ], [ 145.144405256827611, -37.891987906561155 ], [ 145.144412915994479, -37.891906936795515 ], [ 145.144373865494032, -37.891878750233587 ], [ 145.144391024264308, -37.891875056381281 ] ] ] ] } },
{ "type": "Feature", "properties": { "Join_Count": 1, "TARGET_FID": 752887, "BF_FID": 1756855, "PARCEL_VIE": "1477444", "LAND_USE_T": "Residential - R1Z", "FLOOR_LEVE": -9.99, "FLOOD_RISK": -9999, "GROUND_ELE": 118.23, "HEIGHT_AVE": 3.16, "NO_OF_GROU": 0, "NO_ABOVE_G": -9999, "SOURCE_OF_": 1, "ACCURACY_O": 0, "DATE_CAPTU": null, "CAPTURED_B": null, "DATE_LAST_": null, "UPDATED_BY": null, "MI_PRINX": 0.0, "LGA_CODE": "348", "LGA_NAME": "MONASH", "height": 0 }, "geometry": { "type": "MultiPolygon", "coordinates": [ [ [ [ 145.14513388323391, -37.891048652085182 ], [ 145.145218632871035, -37.891068008032597 ], [ 145.145217841763667, -37.891099530781261 ], [ 145.145206048210895, -37.891117365019284 ], [ 145.14515498392575, -37.891112055114888 ], [ 145.145138660050236, -37.891220729463768 ], [ 145.145036727863101, -37.891209752266278 ], [ 145.145075394942893, -37.891047730157752 ], [ 145.14513388323391, -37.891048652085182 ] ] ] ] } },
{ "type": "Feature", "properties": { "Join_Count": 1, "TARGET_FID": 752944, "BF_FID": 1756912, "PARCEL_VIE": "1477528", "LAND_USE_T": "Residential - R1Z", "FLOOR_LEVE": -9.99, "FLOOD_RISK": -9999, "GROUND_ELE": 119.13, "HEIGHT_AVE": 3.74, "NO_OF_GROU": 0, "NO_ABOVE_G": -9999, "SOURCE_OF_": 1, "ACCURACY_O": 0, "DATE_CAPTU": null, "CAPTURED_B": null, "DATE_LAST_": null, "UPDATED_BY": null, "MI_PRINX": 0.0, "LGA_CODE": "348", "LGA_NAME": "MONASH", "height": 0 }, "geometry": { "type": "MultiPolygon", "coordinates": [ [ [ [ 145.146327024135758, -37.891761407803777 ], [ 145.146325492523886, -37.891822471902174 ], [ 145.1462543022825, -37.89182324258212 ], [ 145.146235848619483, -37.891770152914965 ], [ 145.146209094274838, -37.891771353259891 ], [ 145.146205375828174, -37.891713990684018 ], [ 145.146379439823079, -37.891712858315628 ], [ 145.146378201920584, -37.891762213960526 ], [ 145.146327024135758, -37.891761407803777 ] ] ] ] } },
{ "type": "Feature", "properties": { "Join_Count": 1, "TARGET_FID": 752955, "BF_FID": 1756923, "PARCEL_VIE": "1477560", "LAND_USE_T": "Residential - R1Z", "FLOOR_LEVE": -9.99, "FLOOD_RISK": -9999, "GROUND_ELE": 118.95, "HEIGHT_AVE": 3.45, "NO_OF_GROU": 0, "NO_ABOVE_G": -9999, "SOURCE_OF_": 1, "ACCURACY_O": 0, "DATE_CAPTU": null, "CAPTURED_B": null, "DATE_LAST_": null, "UPDATED_BY": null, "MI_PRINX": 0.0, "LGA_CODE": "348", "LGA_NAME": "MONASH", "height": 0 }, "geometry": { "type": "MultiPolygon", "coordinates": [ [ [ [ 145.146164814003839, -37.893241277924986 ], [ 145.146220129102829, -37.893305219763072 ], [ 145.146191882227839, -37.893324777108802 ], [ 145.146218506946695, -37.893369886442215 ], [ 145.14614135775625, -37.893402548877866 ], [ 145.14606226839939, -37.893299489189083 ], [ 145.146131277242546, -37.893277330431154 ], [ 145.146119115744114, -37.893250018554433 ], [ 145.146164814003839, -37.893241277924986 ] ] ] ] } },
{ "type": "Feature", "properties": { "Join_Count": 1, "TARGET_FID": 752992, "BF_FID": 1756960, "PARCEL_VIE": "1477563", "LAND_USE_T": "Residential - R1Z", "FLOOR_LEVE": -9.99, "FLOOD_RISK": -9999, "GROUND_ELE": 119.05, "HEIGHT_AVE": 3.52, "NO_OF_GROU": 0, "NO_ABOVE_G": -9999, "SOURCE_OF_": 1, "ACCURACY_O": 0, "DATE_CAPTU": null, "CAPTURED_B": null, "DATE_LAST_": null, "UPDATED_BY": null, "MI_PRINX": 0.0, "LGA_CODE": "348", "LGA_NAME": "MONASH", "height": 0 }, "geometry": { "type": "MultiPolygon", "coordinates": [ [ [ [ 145.146771972817504, -37.89351835017959 ], [ 145.146769528993673, -37.893615800550016 ], [ 145.146695666147167, -37.893614637276144 ], [ 145.146682563586324, -37.893680925164581 ], [ 145.146614443339161, -37.893678861175545 ], [ 145.146619158396021, -37.89362172155414 ], [ 145.146568826324796, -37.893617054483592 ], [ 145.146575512126049, -37.893544899102785 ], [ 145.1466914165037, -37.893556004952373 ], [ 145.146695016831387, -37.893517138193147 ], [ 145.146771972817504, -37.89351835017959 ] ] ] ] } },
{ "type": "Feature", "properties": { "Join_Count": 1, "TARGET_FID": 752993, "BF_FID": 1756961, "PARCEL_VIE": "1477564", "LAND_USE_T": "Residential - R1Z", "FLOOR_LEVE": -9.99, "FLOOD_RISK": -9999, "GROUND_ELE": 118.67, "HEIGHT_AVE": 4.0, "NO_OF_GROU": 0, "NO_ABOVE_G": -9999, "SOURCE_OF_": 1, "ACCURACY_O": 0, "DATE_CAPTU": null, "CAPTURED_B": null, "DATE_LAST_": null, "UPDATED_BY": null, "MI_PRINX": 0.0, "LGA_CODE": "348", "LGA_NAME": "MONASH", "height": 0 }, "geometry": { "type": "MultiPolygon", "coordinates": [ [ [ [ 145.146652779617256, -37.893735597646838 ], [ 145.146680974567545, -37.893740546738563 ], [ 145.146667146895595, -37.893843223847057 ], [ 145.146491906803277, -37.893827489252011 ], [ 145.146507007409269, -37.893745104851902 ], [ 145.146620829605041, -37.893749510532672 ], [ 145.146622503301387, -37.89373512079694 ], [ 145.146652779617256, -37.893735597646838 ] ] ] ] } },
{ "type": "Feature", "properties": { "Join_Count": 1, "TARGET_FID": 752999, "BF_FID": 1756967, "PARCEL_VIE": "1477647", "LAND_USE_T": "Residential - R1Z", "FLOOR_LEVE": -9.99, "FLOOD_RISK": -9999, "GROUND_ELE": 112.31, "HEIGHT_AVE": 3.76, "NO_OF_GROU": 0, "NO_ABOVE_G": -9999, "SOURCE_OF_": 1, "ACCURACY_O": 0, "DATE_CAPTU": null, "CAPTURED_B": null, "DATE_LAST_": null, "UPDATED_BY": null, "MI_PRINX": 0.0, "LGA_CODE": "348", "LGA_NAME": "MONASH", "height": 0 }, "geometry": { "type": "MultiPolygon", "coordinates": [ [ [ [ 145.146332743948705, -37.89742864469801 ], [ 145.146343817540412, -37.897439541105484 ], [ 145.146306769842596, -37.897477160122094 ], [ 145.146364551433209, -37.897521408720181 ], [ 145.146302548524716, -37.897574402213806 ], [ 145.14617822237409, -37.897495047231033 ], [ 145.146278091874194, -37.897397960467821 ], [ 145.146332743948705, -37.89742864469801 ] ] ] ] } },
{ "type": "Feature", "properties": { "Join_Count": 1, "TARGET_FID": 753016, "BF_FID": 1756984, "PARCEL_VIE": "1477448", "LAND_USE_T": "Residential - R1Z", "FLOOR_LEVE": -9.99, "FLOOD_RISK": -9999, "GROUND_ELE": 118.29, "HEIGHT_AVE": 3.75, "NO_OF_GROU": 0, "NO_ABOVE_G": -9999, "SOURCE_OF_": 1, "ACCURACY_O": 0, "DATE_CAPTU": null, "CAPTURED_B": null, "DATE_LAST_": null, "UPDATED_BY": null, "MI_PRINX": 0.0, "LGA_CODE": "348", "LGA_NAME": "MONASH", "height": 0 }, "geometry": { "type": "MultiPolygon", "coordinates": [ [ [ [ 145.146787826658766, -37.891296898671293 ], [ 145.14680302587243, -37.891300291554749 ], [ 145.146751561781002, -37.891453012563801 ], [ 145.146643097111905, -37.891433284214756 ], [ 145.146660593325606, -37.891374994357776 ], [ 145.146717214076432, -37.891383094138618 ], [ 145.146729952506291, -37.891338785039601 ], [ 145.146673372441541, -37.891329064094464 ], [ 145.146674370721456, -37.89128925533484 ], [ 145.146787826658766, -37.891296898671293 ] ] ] ] } },
{ "type": "Feature", "properties": { "Join_Count": 1, "TARGET_FID": 753017, "BF_FID": 1756985, "PARCEL_VIE": "1477530", "LAND_USE_T": "Residential - R1Z", "FLOOR_LEVE": -9.99, "FLOOD_RISK": -9999, "GROUND_ELE": 118.35, "HEIGHT_AVE": 3.84, "NO_OF_GROU": 0, "NO_ABOVE_G": -9999, "SOURCE_OF_": 1, "ACCURACY_O": 0, "DATE_CAPTU": null, "CAPTURED_B": null, "DATE_LAST_": null, "UPDATED_BY": null, "MI_PRINX": 0.0, "LGA_CODE": "348", "LGA_NAME": "MONASH", "height": 0 }, "geometry": { "type": "MultiPolygon", "coordinates": [ [ [ [ 145.146348747978095, -37.891347647506116 ], [ 145.146393974036044, -37.891361424492828 ], [ 145.146392957531333, -37.891401953766056 ], [ 145.146370180715678, -37.891401594990498 ], [ 145.146362269647, -37.891488958089482 ], [ 145.146267012157921, -37.89147727618716 ], [ 145.146291657461148, -37.891350802727473 ], [ 145.146303486905964, -37.891339005686632 ], [ 145.146348747978095, -37.891347647506116 ] ] ] ] } },
{ "type": "Feature", "properties": { "Join_Count": 1, "TARGET_FID": 753018, "BF_FID": 1756986, "PARCEL_VIE": "1477529", "LAND_USE_T": "Residential - R1Z", "FLOOR_LEVE": -9.99, "FLOOD_RISK": -9999, "GROUND_ELE": 118.97, "HEIGHT_AVE": 3.09, "NO_OF_GROU": 0, "NO_ABOVE_G": -9999, "SOURCE_OF_": 1, "ACCURACY_O": 0, "DATE_CAPTU": null, "CAPTURED_B": null, "DATE_LAST_": null, "UPDATED_BY": null, "MI_PRINX": 0.0, "LGA_CODE": "348", "LGA_NAME": "MONASH", "height": 0 }, "geometry": { "type": "MultiPolygon", "coordinates": [ [ [ [ 145.146337713844105, -37.891563264707408 ], [ 145.1463422082725, -37.891608385819183 ], [ 145.146427504405892, -37.891609729385841 ], [ 145.14643780795501, -37.891677467153514 ], [ 145.146215154625054, -37.891686754141766 ], [ 145.146210529241358, -37.891646856799831 ], [ 145.146235728543104, -37.891636621894641 ], [ 145.146235358554293, -37.891561652343611 ], [ 145.146337713844105, -37.891563264707408 ] ] ] ] } },
{ "type": "Feature", "properties": { "Join_Count": 1, "TARGET_FID": 753026, "BF_FID": 1756994, "PARCEL_VIE": "1477648", "LAND_USE_T": "Residential - R1Z", "FLOOR_LEVE": -9.99, "FLOOD_RISK": -9999, "GROUND_ELE": 112.74, "HEIGHT_AVE": 5.4, "NO_OF_GROU": 0, "NO_ABOVE_G": -9999, "SOURCE_OF_": 1, "ACCURACY_O": 0, "DATE_CAPTU": null, "CAPTURED_B": null, "DATE_LAST_": null, "UPDATED_BY": null, "MI_PRINX": 0.0, "LGA_CODE": "348", "LGA_NAME": "MONASH", "height": 0 }, "geometry": { "type": "MultiPolygon", "coordinates": [ [ [ [ 145.146461236432401, -37.897517615804929 ], [ 145.14648948809139, -37.897531575902768 ], [ 145.146453748770938, -37.897670308389628 ], [ 145.146355964817275, -37.89765435196523 ], [ 145.146398059367414, -37.897520224647884 ], [ 145.146461236432401, -37.897517615804929 ] ] ] ] } },
{ "type": "Feature", "properties": { "Join_Count": 1, "TARGET_FID": 753027, "BF_FID": 1756995, "PARCEL_VIE": "1477649", "LAND_USE_T": "Residential - R1Z", "FLOOR_LEVE": -9.99, "FLOOD_RISK": -9999, "GROUND_ELE": 112.88, "HEIGHT_AVE": 3.71, "NO_OF_GROU": 0, "NO_ABOVE_G": -9999, "SOURCE_OF_": 1, "ACCURACY_O": 0, "DATE_CAPTU": null, "CAPTURED_B": null, "DATE_LAST_": null, "UPDATED_BY": null, "MI_PRINX": 0.0, "LGA_CODE": "348", "LGA_NAME": "MONASH", "height": 0 }, "geometry": { "type": "MultiPolygon", "coordinates": [ [ [ [ 145.146563674162451, -37.897598517838738 ], [ 145.146657421580557, -37.897633331629265 ], [ 145.146591430447955, -37.897789247386356 ], [ 145.146489031609235, -37.897770335164942 ], [ 145.146563674162451, -37.897598517838738 ] ] ] ] } },
{ "type": "Feature", "properties": { "Join_Count": 1, "TARGET_FID": 753049, "BF_FID": 1757017, "PARCEL_VIE": "1477470", "LAND_USE_T": "Residential - R1Z", "FLOOR_LEVE": -9.99, "FLOOD_RISK": -9999, "GROUND_ELE": 119.37, "HEIGHT_AVE": 3.82, "NO_OF_GROU": 0, "NO_ABOVE_G": -9999, "SOURCE_OF_": 1, "ACCURACY_O": 0, "DATE_CAPTU": null, "CAPTURED_B": null, "DATE_LAST_": null, "UPDATED_BY": null, "MI_PRINX": 0.0, "LGA_CODE": "348", "LGA_NAME": "MONASH", "height": 0 }, "geometry": { "type": "MultiPolygon", "coordinates": [ [ [ [ 145.146709841141302, -37.891688329074427 ], [ 145.146742995232358, -37.891704889127425 ], [ 145.14672361987175, -37.891808199714916 ], [ 145.146699881914429, -37.891857381211878 ], [ 145.146637475373041, -37.891851893314254 ], [ 145.146643983566605, -37.89182046059549 ], [ 145.146627263086231, -37.891806682158688 ], [ 145.146557512741481, -37.89179116748651 ], [ 145.146570646681965, -37.891678748561795 ], [ 145.146709841141302, -37.891688329074427 ] ] ] ] } },
{ "type": "Feature", "properties": { "Join_Count": 1, "TARGET_FID": 753050, "BF_FID": 1757018, "PARCEL_VIE": "1477471", "LAND_USE_T": "Residential - R1Z", "FLOOR_LEVE": -9.99, "FLOOD_RISK": -9999, "GROUND_ELE": 119.45, "HEIGHT_AVE": 3.67, "NO_OF_GROU": 0, "NO_ABOVE_G": -9999, "SOURCE_OF_": 1, "ACCURACY_O": 0, "DATE_CAPTU": null, "CAPTURED_B": null, "DATE_LAST_": null, "UPDATED_BY": null, "MI_PRINX": 0.0, "LGA_CODE": "348", "LGA_NAME": "MONASH", "height": 0 }, "geometry": { "type": "MultiPolygon", "coordinates": [ [ [ [ 145.146869501922794, -37.891670751027817 ], [ 145.146954365685446, -37.891685602499614 ], [ 145.14691538959778, -37.891878795202523 ], [ 145.146841641400329, -37.891873128811788 ], [ 145.146836940004647, -37.891832509489902 ], [ 145.146802915172231, -37.891831973662782 ], [ 145.146791931519289, -37.891813780562394 ], [ 145.146799455939799, -37.891741818553186 ], [ 145.146816515201209, -37.891742087205984 ], [ 145.146835383432062, -37.891670213735942 ], [ 145.146869501922794, -37.891670751027817 ] ] ] ] } },
{ "type": "Feature", "properties": { "Join_Count": 1, "TARGET_FID": 753086, "BF_FID": 1757054, "PARCEL_VIE": "1477552", "LAND_USE_T": "Residential - R1Z", "FLOOR_LEVE": -9.99, "FLOOD_RISK": -9999, "GROUND_ELE": 119.23, "HEIGHT_AVE": 3.44, "NO_OF_GROU": 0, "NO_ABOVE_G": -9999, "SOURCE_OF_": 1, "ACCURACY_O": 0, "DATE_CAPTU": null, "CAPTURED_B": null, "DATE_LAST_": null, "UPDATED_BY": null, "MI_PRINX": 0.0, "LGA_CODE": "348", "LGA_NAME": "MONASH", "height": 0 }, "geometry": { "type": "MultiPolygon", "coordinates": [ [ [ [ 145.146926479728023, -37.89343347587814 ], [ 145.147039428708041, -37.893483908811291 ], [ 145.147066590016351, -37.893436583178264 ], [ 145.147159824276685, -37.893469226043109 ], [ 145.147062189721652, -37.893593379055908 ], [ 145.146855361422297, -37.893487407398787 ], [ 145.146901358920701, -37.893433080287224 ], [ 145.146926479728023, -37.89343347587814 ] ] ] ] } },
{ "type": "Feature", "properties": { "Join_Count": 1, "TARGET_FID": 753087, "BF_FID": 1757055, "PARCEL_VIE": "1477562", "LAND_USE_T": "Residential - R1Z", "FLOOR_LEVE": -9.99, "FLOOD_RISK": -9999, "GROUND_ELE": 119.27, "HEIGHT_AVE": 3.45, "NO_OF_GROU": 0, "NO_ABOVE_G": -9999, "SOURCE_OF_": 1, "ACCURACY_O": 0, "DATE_CAPTU": null, "CAPTURED_B": null, "DATE_LAST_": null, "UPDATED_BY": null, "MI_PRINX": 0.0, "LGA_CODE": "348", "LGA_NAME": "MONASH", "height": 0 }, "geometry": { "type": "MultiPolygon", "coordinates": [ [ [ [ 145.146607630751134, -37.893266273297165 ], [ 145.146720723804265, -37.893295985661602 ], [ 145.146665935502824, -37.893439103552453 ], [ 145.146622285795473, -37.893433460543321 ], [ 145.146634533418052, -37.893397523099118 ], [ 145.146542522540813, -37.893372197239003 ], [ 145.146531716052976, -37.893350673184862 ], [ 145.146562648511406, -37.893276376885929 ], [ 145.146590167935216, -37.893285820388492 ], [ 145.146607630751134, -37.893266273297165 ] ] ] ] } },
{ "type": "Feature", "properties": { "Join_Count": 1, "TARGET_FID": 753111, "BF_FID": 1757079, "PARCEL_VIE": "1477195", "LAND_USE_T": "Residential - R1Z", "FLOOR_LEVE": -9.99, "FLOOD_RISK": -9999, "GROUND_ELE": 114.11, "HEIGHT_AVE": 4.61, "NO_OF_GROU": 0, "NO_ABOVE_G": -9999, "SOURCE_OF_": 1, "ACCURACY_O": 0, "DATE_CAPTU": null, "CAPTURED_B": null, "DATE_LAST_": null, "UPDATED_BY": null, "MI_PRINX": 0.0, "LGA_CODE": "348", "LGA_NAME": "MONASH", "height": 0 }, "geometry": { "type": "MultiPolygon", "coordinates": [ [ [ [ 145.146961740602308, -37.890550000015786 ], [ 145.146846297402561, -37.890632876716104 ], [ 145.146796623343562, -37.890583350000924 ], [ 145.146896060046203, -37.890503104511545 ], [ 145.146878856487461, -37.890493643334423 ], [ 145.146928506425809, -37.890450636266067 ], [ 145.147000749251703, -37.890501329211347 ], [ 145.146961740602308, -37.890550000015786 ] ] ] ] } },
{ "type": "Feature", "properties": { "Join_Count": 1, "TARGET_FID": 753114, "BF_FID": 1757082, "PARCEL_VIE": "1477427", "LAND_USE_T": "Residential - R1Z", "FLOOR_LEVE": -9.99, "FLOOD_RISK": -9999, "GROUND_ELE": 116.74, "HEIGHT_AVE": 3.8, "NO_OF_GROU": 0, "NO_ABOVE_G": -9999, "SOURCE_OF_": 1, "ACCURACY_O": 0, "DATE_CAPTU": null, "CAPTURED_B": null, "DATE_LAST_": null, "UPDATED_BY": null, "MI_PRINX": 0.0, "LGA_CODE": "348", "LGA_NAME": "MONASH", "height": 0 }, "geometry": { "type": "MultiPolygon", "coordinates": [ [ [ [ 145.147072231698388, -37.890840422324167 ], [ 145.147112877053019, -37.891003243479545 ], [ 145.147023606525011, -37.891010847899913 ], [ 145.14698235385228, -37.890857297519375 ], [ 145.147072231698388, -37.890840422324167 ] ] ] ] } },
{ "type": "Feature", "properties": { "Join_Count": 1, "TARGET_FID": 753170, "BF_FID": 1757138, "PARCEL_VIE": "1477450", "LAND_USE_T": "Residential - R1Z", "FLOOR_LEVE": -9.99, "FLOOD_RISK": -9999, "GROUND_ELE": 118.94, "HEIGHT_AVE": 3.78, "NO_OF_GROU": 0, "NO_ABOVE_G": -9999, "SOURCE_OF_": 1, "ACCURACY_O": 0, "DATE_CAPTU": null, "CAPTURED_B": null, "DATE_LAST_": null, "UPDATED_BY": null, "MI_PRINX": 0.0, "LGA_CODE": "348", "LGA_NAME": "MONASH", "height": 0 }, "geometry": { "type": "MultiPolygon", "coordinates": [ [ [ [ 145.147111387455368, -37.891343169758656 ], [ 145.147115595437498, -37.891377294058529 ], [ 145.147206383188433, -37.891387733590236 ], [ 145.147198633421084, -37.891468702149986 ], [ 145.147153173460083, -37.891467986380988 ], [ 145.147152721863705, -37.891485999398753 ], [ 145.147090202688332, -37.891485015002623 ], [ 145.14708971946348, -37.891504288930875 ], [ 145.14702733691135, -37.891501594740255 ], [ 145.147039169982662, -37.891340050416837 ], [ 145.147111387455368, -37.891343169758656 ] ] ] ] } },
{ "type": "Feature", "properties": { "Join_Count": 1, "TARGET_FID": 753171, "BF_FID": 1757139, "PARCEL_VIE": "1477196", "LAND_USE_T": "Residential - R1Z", "FLOOR_LEVE": -9.99, "FLOOD_RISK": -9999, "GROUND_ELE": 114.3, "HEIGHT_AVE": 3.67, "NO_OF_GROU": 0, "NO_ABOVE_G": -9999, "SOURCE_OF_": 1, "ACCURACY_O": 0, "DATE_CAPTU": null, "CAPTURED_B": null, "DATE_LAST_": null, "UPDATED_BY": null, "MI_PRINX": 0.0, "LGA_CODE": "348", "LGA_NAME": "MONASH", "height": 0 }, "geometry": { "type": "MultiPolygon", "coordinates": [ [ [ [ 145.147173126560347, -37.890634689355302 ], [ 145.147172110282696, -37.890645305231118 ], [ 145.147051231382306, -37.890642050425619 ], [ 145.147071322570497, -37.89046901312318 ], [ 145.14718835261948, -37.890476171734697 ], [ 145.147173126560347, -37.890634689355302 ] ] ] ] } },
{ "type": "Feature", "properties": { "Join_Count": 1, "TARGET_FID": 753176, "BF_FID": 1757144, "PARCEL_VIE": "1477428", "LAND_USE_T": "Residential - R1Z", "FLOOR_LEVE": -9.99, "FLOOD_RISK": -9999, "GROUND_ELE": 117.23, "HEIGHT_AVE": 3.73, "NO_OF_GROU": 0, "NO_ABOVE_G": -9999, "SOURCE_OF_": 1, "ACCURACY_O": 0, "DATE_CAPTU": null, "CAPTURED_B": null, "DATE_LAST_": null, "UPDATED_BY": null, "MI_PRINX": 0.0, "LGA_CODE": "348", "LGA_NAME": "MONASH", "height": 0 }, "geometry": { "type": "MultiPolygon", "coordinates": [ [ [ [ 145.147178225207824, -37.890921289704202 ], [ 145.147311874734953, -37.89093880114433 ], [ 145.147299532587851, -37.891049610831828 ], [ 145.147237612289871, -37.89104719433611 ], [ 145.147238416143523, -37.891022609515311 ], [ 145.147170102922587, -37.891017119009675 ], [ 145.147178225207824, -37.890921289704202 ] ] ] ] } },
{ "type": "Feature", "properties": { "Join_Count": 1, "TARGET_FID": 753177, "BF_FID": 1757145, "PARCEL_VIE": "1477429", "LAND_USE_T": "Residential - R1Z", "FLOOR_LEVE": -9.99, "FLOOD_RISK": -9999, "GROUND_ELE": 117.48, "HEIGHT_AVE": 3.93, "NO_OF_GROU": 0, "NO_ABOVE_G": -9999, "SOURCE_OF_": 1, "ACCURACY_O": 0, "DATE_CAPTU": null, "CAPTURED_B": null, "DATE_LAST_": null, "UPDATED_BY": null, "MI_PRINX": 0.0, "LGA_CODE": "348", "LGA_NAME": "MONASH", "height": 0 }, "geometry": { "type": "MultiPolygon", "coordinates": [ [ [ [ 145.147488175177983, -37.891031677305747 ], [ 145.147492769536115, -37.891065357174561 ], [ 145.147363858224509, -37.891045848218319 ], [ 145.147370650678027, -37.890909542768803 ], [ 145.147453636638687, -37.890909497703383 ], [ 145.147453646256906, -37.890961485931328 ], [ 145.147501484231356, -37.890964581633177 ], [ 145.147488175177983, -37.891031677305747 ] ] ] ] } },
{ "type": "Feature", "properties": { "Join_Count": 1, "TARGET_FID": 753200, "BF_FID": 1757168, "PARCEL_VIE": "1477197", "LAND_USE_T": "Residential - R1Z", "FLOOR_LEVE": -9.99, "FLOOD_RISK": -9999, "GROUND_ELE": 115.24, "HEIGHT_AVE": 3.96, "NO_OF_GROU": 0, "NO_ABOVE_G": -9999, "SOURCE_OF_": 1, "ACCURACY_O": 0, "DATE_CAPTU": null, "CAPTURED_B": null, "DATE_LAST_": null, "UPDATED_BY": null, "MI_PRINX": 0.0, "LGA_CODE": "348", "LGA_NAME": "MONASH", "height": 0 }, "geometry": { "type": "MultiPolygon", "coordinates": [ [ [ [ 145.147366310650455, -37.890450501705764 ], [ 145.147388930242244, -37.890453380628664 ], [ 145.147390218352029, -37.890521697206204 ], [ 145.147343305597047, -37.890522850758934 ], [ 145.147330597918057, -37.890655729363651 ], [ 145.1472566047307, -37.890652402004442 ], [ 145.147265797758905, -37.890596143731649 ], [ 145.14724554288, -37.890596185236504 ], [ 145.147246149710071, -37.890512130879344 ], [ 145.14729555131359, -37.890501465879893 ], [ 145.147305967301804, -37.890445046654996 ], [ 145.147366310650455, -37.890450501705764 ] ] ] ] } },
{ "type": "Feature", "properties": { "Join_Count": 1, "TARGET_FID": 753203, "BF_FID": 1757171, "PARCEL_VIE": "1477452", "LAND_USE_T": "Residential - R1Z", "FLOOR_LEVE": -9.99, "FLOOD_RISK": -9999, "GROUND_ELE": 119.47, "HEIGHT_AVE": 3.88, "NO_OF_GROU": 0, "NO_ABOVE_G": -9999, "SOURCE_OF_": 1, "ACCURACY_O": 0, "DATE_CAPTU": null, "CAPTURED_B": null, "DATE_LAST_": null, "UPDATED_BY": null, "MI_PRINX": 0.0, "LGA_CODE": "348", "LGA_NAME": "MONASH", "height": 0 }, "geometry": { "type": "MultiPolygon", "coordinates": [ [ [ [ 145.147568595181724, -37.891452001398513 ], [ 145.14756814368684, -37.891470014420577 ], [ 145.147584734233419, -37.891470275582925 ], [ 145.147578563120078, -37.891510723730718 ], [ 145.147527385474575, -37.891509918100333 ], [ 145.147526143832408, -37.891559453909224 ], [ 145.147565886206252, -37.891560079529995 ], [ 145.14755939766502, -37.891594485935961 ], [ 145.147446430140235, -37.891586040122093 ], [ 145.147463674935494, -37.891414309470278 ], [ 145.147575134543473, -37.891419307703423 ], [ 145.147568595181724, -37.891452001398513 ] ] ] ] } },
{ "type": "Feature", "properties": { "Join_Count": 1, "TARGET_FID": 753204, "BF_FID": 1757172, "PARCEL_VIE": "1477451", "LAND_USE_T": "Residential - R1Z", "FLOOR_LEVE": -9.99, "FLOOD_RISK": -9999, "GROUND_ELE": 119.26, "HEIGHT_AVE": 3.57, "NO_OF_GROU": 0, "NO_ABOVE_G": -9999, "SOURCE_OF_": 1, "ACCURACY_O": 0, "DATE_CAPTU": null, "CAPTURED_B": null, "DATE_LAST_": null, "UPDATED_BY": null, "MI_PRINX": 0.0, "LGA_CODE": "348", "LGA_NAME": "MONASH", "height": 0 }, "geometry": { "type": "MultiPolygon", "coordinates": [ [ [ [ 145.147422456362364, -37.891386540281665 ], [ 145.147392475066226, -37.891542663204476 ], [ 145.147235982086329, -37.891527405107311 ], [ 145.147242162419758, -37.89148659672216 ], [ 145.147286251379683, -37.891482155135037 ], [ 145.147287969577718, -37.891413615596854 ], [ 145.147355125620635, -37.891416655102091 ], [ 145.1473626915338, -37.891376679428816 ], [ 145.147422456362364, -37.891386540281665 ] ] ] ] } },
{ "type": "Feature", "properties": { "Join_Count": 1, "TARGET_FID": 753216, "BF_FID": 1757184, "PARCEL_VIE": "1477474", "LAND_USE_T": "Residential - R1Z", "FLOOR_LEVE": -9.99, "FLOOD_RISK": -9999, "GROUND_ELE": 119.92, "HEIGHT_AVE": 3.37, "NO_OF_GROU": 0, "NO_ABOVE_G": -9999, "SOURCE_OF_": 1, "ACCURACY_O": 0, "DATE_CAPTU": null, "CAPTURED_B": null, "DATE_LAST_": null, "UPDATED_BY": null, "MI_PRINX": 0.0, "LGA_CODE": "348", "LGA_NAME": "MONASH", "height": 0 }, "geometry": { "type": "MultiPolygon", "coordinates": [ [ [ [ 145.14750646415095, -37.891910626714008 ], [ 145.147505375653083, -37.891924124674503 ], [ 145.147437645378631, -37.89191404836059 ], [ 145.147434223910381, -37.891945800022249 ], [ 145.147374335619219, -37.891944586889046 ], [ 145.147383339399255, -37.891809847982771 ], [ 145.147445952592022, -37.891810833705968 ], [ 145.147439453769493, -37.891841906217657 ], [ 145.147511573511451, -37.891845203981383 ], [ 145.14750646415095, -37.891910626714008 ] ] ] ] } },
{ "type": "Feature", "properties": { "Join_Count": 1, "TARGET_FID": 753240, "BF_FID": 1757208, "PARCEL_VIE": "1477198", "LAND_USE_T": "Residential - R1Z", "FLOOR_LEVE": -9.99, "FLOOD_RISK": -9999, "GROUND_ELE": 116.07, "HEIGHT_AVE": 3.52, "NO_OF_GROU": 0, "NO_ABOVE_G": -9999, "SOURCE_OF_": 1, "ACCURACY_O": 0, "DATE_CAPTU": null, "CAPTURED_B": null, "DATE_LAST_": null, "UPDATED_BY": null, "MI_PRINX": 0.0, "LGA_CODE": "348", "LGA_NAME": "MONASH", "height": 0 }, "geometry": { "type": "MultiPolygon", "coordinates": [ [ [ [ 145.147579922804795, -37.890547388953664 ], [ 145.14757452577507, -37.890620555832022 ], [ 145.147428253689981, -37.890612847154394 ], [ 145.147431022138221, -37.890562254168152 ], [ 145.147481882897125, -37.890560712228165 ], [ 145.147496621562198, -37.89049643217632 ], [ 145.14758360362049, -37.890497801431493 ], [ 145.147579922804795, -37.890547388953664 ] ] ] ] } },
{ "type": "Feature", "properties": { "Join_Count": 1, "TARGET_FID": 753251, "BF_FID": 1757219, "PARCEL_VIE": "1477430", "LAND_USE_T": "Residential - R1Z", "FLOOR_LEVE": -9.99, "FLOOD_RISK": -9999, "GROUND_ELE": 117.84, "HEIGHT_AVE": 4.02, "NO_OF_GROU": 0, "NO_ABOVE_G": -9999, "SOURCE_OF_": 1, "ACCURACY_O": 0, "DATE_CAPTU": null, "CAPTURED_B": null, "DATE_LAST_": null, "UPDATED_BY": null, "MI_PRINX": 0.0, "LGA_CODE": "348", "LGA_NAME": "MONASH", "height": 0 }, "geometry": { "type": "MultiPolygon", "coordinates": [ [ [ [ 145.147552438998645, -37.890963041145511 ], [ 145.147671368274814, -37.890973022301736 ], [ 145.147678185165177, -37.891086386126794 ], [ 145.147606085388162, -37.891086062108279 ], [ 145.147608532018069, -37.89104456422055 ], [ 145.14753039491697, -37.891030720123361 ], [ 145.147552438998645, -37.890963041145511 ] ] ] ] } },
{ "type": "Feature", "properties": { "Join_Count": 1, "TARGET_FID": 753258, "BF_FID": 1757226, "PARCEL_VIE": "1477542", "LAND_USE_T": "Residential - R1Z", "FLOOR_LEVE": -9.99, "FLOOD_RISK": -9999, "GROUND_ELE": 119.05, "HEIGHT_AVE": 3.33, "NO_OF_GROU": 0, "NO_ABOVE_G": -9999, "SOURCE_OF_": 1, "ACCURACY_O": 0, "DATE_CAPTU": null, "CAPTURED_B": null, "DATE_LAST_": null, "UPDATED_BY": null, "MI_PRINX": 0.0, "LGA_CODE": "348", "LGA_NAME": "MONASH", "height": 0 }, "geometry": { "type": "MultiPolygon", "coordinates": [ [ [ [ 145.147999536961123, -37.894079541514131 ], [ 145.147982100744684, -37.89419531668716 ], [ 145.147926427515074, -37.89419047603046 ], [ 145.147927499712353, -37.894147695114114 ], [ 145.147858099351993, -37.894140566058944 ], [ 145.147853291908916, -37.894227617684322 ], [ 145.147692780582759, -37.89421157608939 ], [ 145.14771153356395, -37.894144295820574 ], [ 145.147794414812012, -37.89414857373329 ], [ 145.147807817789641, -37.894066522837335 ], [ 145.147999536961123, -37.894079541514131 ] ] ] ] } },
{ "type": "Feature", "properties": { "Join_Count": 1, "TARGET_FID": 753259, "BF_FID": 1757227, "PARCEL_VIE": "1477556", "LAND_USE_T": "Residential - R1Z", "FLOOR_LEVE": -9.99, "FLOOD_RISK": -9999, "GROUND_ELE": 118.98, "HEIGHT_AVE": 3.65, "NO_OF_GROU": 0, "NO_ABOVE_G": -9999, "SOURCE_OF_": 1, "ACCURACY_O": 0, "DATE_CAPTU": null, "CAPTURED_B": null, "DATE_LAST_": null, "UPDATED_BY": null, "MI_PRINX": 0.0, "LGA_CODE": "348", "LGA_NAME": "MONASH", "height": 0 }, "geometry": { "type": "MultiPolygon", "coordinates": [ [ [ [ 145.147530957040289, -37.894195513618556 ], [ 145.147393147562639, -37.894141716438199 ], [ 145.147445817803828, -37.894026946562022 ], [ 145.147528222515774, -37.894050228387698 ], [ 145.147510583944779, -37.894106714097276 ], [ 145.147577511075127, -37.894122724383848 ], [ 145.147530957040289, -37.894195513618556 ] ] ] ] } },
{ "type": "Feature", "properties": { "Join_Count": 1, "TARGET_FID": 753264, "BF_FID": 1757232, "PARCEL_VIE": "1477475", "LAND_USE_T": "Residential - R1Z", "FLOOR_LEVE": -9.99, "FLOOD_RISK": -9999, "GROUND_ELE": 120.02, "HEIGHT_AVE": 3.86, "NO_OF_GROU": 0, "NO_ABOVE_G": -9999, "SOURCE_OF_": 1, "ACCURACY_O": 0, "DATE_CAPTU": null, "CAPTURED_B": null, "DATE_LAST_": null, "UPDATED_BY": null, "MI_PRINX": 0.0, "LGA_CODE": "348", "LGA_NAME": "MONASH", "height": 0 }, "geometry": { "type": "MultiPolygon", "coordinates": [ [ [ [ 145.147673376835712, -37.891914245290849 ], [ 145.147666525169313, -37.891985587247994 ], [ 145.147564404090843, -37.891982087608348 ], [ 145.147582164103056, -37.891842170584674 ], [ 145.147723529514082, -37.89184745924485 ], [ 145.147721930256125, -37.89191500955404 ], [ 145.147673376835712, -37.891914245290849 ] ] ] ] } },
{ "type": "Feature", "properties": { "Join_Count": 1, "TARGET_FID": 753274, "BF_FID": 1757242, "PARCEL_VIE": "1477199", "LAND_USE_T": "Residential - R1Z", "FLOOR_LEVE": -9.99, "FLOOD_RISK": -9999, "GROUND_ELE": 116.32, "HEIGHT_AVE": 4.03, "NO_OF_GROU": 0, "NO_ABOVE_G": -9999, "SOURCE_OF_": 1, "ACCURACY_O": 0, "DATE_CAPTU": null, "CAPTURED_B": null, "DATE_LAST_": null, "UPDATED_BY": null, "MI_PRINX": 0.0, "LGA_CODE": "348", "LGA_NAME": "MONASH", "height": 0 }, "geometry": { "type": "MultiPolygon", "coordinates": [ [ [ [ 145.147775298890537, -37.890515144840563 ], [ 145.147697868140568, -37.89065646531435 ], [ 145.147624084654041, -37.890629805416395 ], [ 145.147688538977206, -37.890493686776146 ], [ 145.147775298890537, -37.890515144840563 ] ] ] ] } },
{ "type": "Feature", "properties": { "Join_Count": 1, "TARGET_FID": 753275, "BF_FID": 1757243, "PARCEL_VIE": "1477200", "LAND_USE_T": "Residential - R1Z", "FLOOR_LEVE": -9.99, "FLOOD_RISK": -9999, "GROUND_ELE": 116.89, "HEIGHT_AVE": 3.95, "NO_OF_GROU": 0, "NO_ABOVE_G": -9999, "SOURCE_OF_": 1, "ACCURACY_O": 0, "DATE_CAPTU": null, "CAPTURED_B": null, "DATE_LAST_": null, "UPDATED_BY": null, "MI_PRINX": 0.0, "LGA_CODE": "348", "LGA_NAME": "MONASH", "height": 0 }, "geometry": { "type": "MultiPolygon", "coordinates": [ [ [ [ 145.1479779723212, -37.890547166920769 ], [ 145.147889473703657, -37.890684889510702 ], [ 145.147801040770844, -37.89064412365461 ], [ 145.147867797254804, -37.890565795673368 ], [ 145.147851254180864, -37.89055616483126 ], [ 145.147888863070563, -37.89050720139312 ], [ 145.1479779723212, -37.890547166920769 ] ] ] ] } },
{ "type": "Feature", "properties": { "Join_Count": 1, "TARGET_FID": 753290, "BF_FID": 1757258, "PARCEL_VIE": "1477431", "LAND_USE_T": "Residential - R1Z", "FLOOR_LEVE": -9.99, "FLOOD_RISK": -9999, "GROUND_ELE": 118.4, "HEIGHT_AVE": 3.75, "NO_OF_GROU": 0, "NO_ABOVE_G": -9999, "SOURCE_OF_": 1, "ACCURACY_O": 0, "DATE_CAPTU": null, "CAPTURED_B": null, "DATE_LAST_": null, "UPDATED_BY": null, "MI_PRINX": 0.0, "LGA_CODE": "348", "LGA_NAME": "MONASH", "height": 0 }, "geometry": { "type": "MultiPolygon", "coordinates": [ [ [ [ 145.147874868426214, -37.891005778388433 ], [ 145.147861371795074, -37.891114047153536 ], [ 145.147801961847478, -37.891112481371032 ], [ 145.147803729915296, -37.891086830513224 ], [ 145.147759846621511, -37.891083076375068 ], [ 145.147727731454069, -37.891062478431316 ], [ 145.147731838828861, -37.890995868597962 ], [ 145.147874868426214, -37.891005778388433 ] ] ] ] } },
{ "type": "Feature", "properties": { "Join_Count": 1, "TARGET_FID": 753291, "BF_FID": 1757259, "PARCEL_VIE": "1477432", "LAND_USE_T": "Residential - R1Z", "FLOOR_LEVE": -9.99, "FLOOD_RISK": -9999, "GROUND_ELE": 118.79, "HEIGHT_AVE": 3.49, "NO_OF_GROU": 0, "NO_ABOVE_G": -9999, "SOURCE_OF_": 1, "ACCURACY_O": 0, "DATE_CAPTU": null, "CAPTURED_B": null, "DATE_LAST_": null, "UPDATED_BY": null, "MI_PRINX": 0.0, "LGA_CODE": "348", "LGA_NAME": "MONASH", "height": 0 }, "geometry": { "type": "MultiPolygon", "coordinates": [ [ [ [ 145.148037241922623, -37.891025813406273 ], [ 145.148031417540437, -37.891112308476366 ], [ 145.148003127910073, -37.891129883390121 ], [ 145.147946326626538, -37.89112898944002 ], [ 145.147947003722209, -37.891101969899552 ], [ 145.147901656819442, -37.891096751168753 ], [ 145.147915029642974, -37.891015871049383 ], [ 145.148037241922623, -37.891025813406273 ] ] ] ] } },
{ "type": "Feature", "properties": { "Join_Count": 1, "TARGET_FID": 753298, "BF_FID": 1757266, "PARCEL_VIE": "1477476", "LAND_USE_T": "Residential - R1Z", "FLOOR_LEVE": -9.99, "FLOOD_RISK": -9999, "GROUND_ELE": 120.37, "HEIGHT_AVE": 3.66, "NO_OF_GROU": 0, "NO_ABOVE_G": -9999, "SOURCE_OF_": 1, "ACCURACY_O": 0, "DATE_CAPTU": null, "CAPTURED_B": null, "DATE_LAST_": null, "UPDATED_BY": null, "MI_PRINX": 0.0, "LGA_CODE": "348", "LGA_NAME": "MONASH", "height": 0 }, "geometry": { "type": "MultiPolygon", "coordinates": [ [ [ [ 145.14791451928383, -37.891941737305878 ], [ 145.147923997760699, -37.892020003744058 ], [ 145.147783337783522, -37.892012744210902 ], [ 145.147776992471478, -37.891880556793545 ], [ 145.147873786478272, -37.891883341699184 ], [ 145.147872393823008, -37.891938911877567 ], [ 145.14791451928383, -37.891941737305878 ] ] ] ] } },
{ "type": "Feature", "properties": { "Join_Count": 1, "TARGET_FID": 753299, "BF_FID": 1757267, "PARCEL_VIE": "1477477", "LAND_USE_T": "Residential - R1Z", "FLOOR_LEVE": -9.99, "FLOOD_RISK": -9999, "GROUND_ELE": 120.41, "HEIGHT_AVE": 4.04, "NO_OF_GROU": 0, "NO_ABOVE_G": -9999, "SOURCE_OF_": 1, "ACCURACY_O": 0, "DATE_CAPTU": null, "CAPTURED_B": null, "DATE_LAST_": null, "UPDATED_BY": null, "MI_PRINX": 0.0, "LGA_CODE": "348", "LGA_NAME": "MONASH", "height": 0 }, "geometry": { "type": "MultiPolygon", "coordinates": [ [ [ [ 145.148074972566519, -37.89189254477143 ], [ 145.148132079674468, -37.892023458711833 ], [ 145.148047970187577, -37.892038353167933 ], [ 145.148013332991525, -37.891905089802222 ], [ 145.148074972566519, -37.89189254477143 ] ] ] ] } },
{ "type": "Feature", "properties": { "Join_Count": 1, "TARGET_FID": 753461, "BF_FID": 1757429, "PARCEL_VIE": "1477482", "LAND_USE_T": "Residential - R1Z", "FLOOR_LEVE": -9.99, "FLOOD_RISK": -9999, "GROUND_ELE": 120.7, "HEIGHT_AVE": 4.93, "NO_OF_GROU": 0, "NO_ABOVE_G": -9999, "SOURCE_OF_": 1, "ACCURACY_O": 0, "DATE_CAPTU": null, "CAPTURED_B": null, "DATE_LAST_": null, "UPDATED_BY": null, "MI_PRINX": 0.0, "LGA_CODE": "348", "LGA_NAME": "MONASH", "height": 0 }, "geometry": { "type": "MultiPolygon", "coordinates": [ [ [ [ 145.149165229489626, -37.892042325759121 ], [ 145.149157149696322, -37.892188972649791 ], [ 145.1489890500618, -37.892172813511138 ], [ 145.148996403215165, -37.892107606198749 ], [ 145.149058848545991, -37.892111561746965 ], [ 145.149072105297847, -37.892035274805167 ], [ 145.149165229489626, -37.892042325759121 ] ] ] ] } },
{ "type": "Feature", "properties": { "Join_Count": 1, "TARGET_FID": 753462, "BF_FID": 1757430, "PARCEL_VIE": "1477483", "LAND_USE_T": "Residential - R1Z", "FLOOR_LEVE": -9.99, "FLOOD_RISK": -9999, "GROUND_ELE": 120.71, "HEIGHT_AVE": 5.34, "NO_OF_GROU": 0, "NO_ABOVE_G": -9999, "SOURCE_OF_": 1, "ACCURACY_O": 0, "DATE_CAPTU": null, "CAPTURED_B": null, "DATE_LAST_": null, "UPDATED_BY": null, "MI_PRINX": 0.0, "LGA_CODE": "348", "LGA_NAME": "MONASH", "height": 0 }, "geometry": { "type": "MultiPolygon", "coordinates": [ [ [ [ 145.149358760600876, -37.892173762937837 ], [ 145.149288796063672, -37.892196719490215 ], [ 145.149247165245498, -37.892102990767498 ], [ 145.149307171210467, -37.892073300272529 ], [ 145.149358760600876, -37.892173762937837 ] ] ] ] } },
{ "type": "Feature", "properties": { "Join_Count": 1, "TARGET_FID": 754258, "BF_FID": 1758235, "PARCEL_VIE": "1477454", "LAND_USE_T": "Residential - R1Z", "FLOOR_LEVE": -9.99, "FLOOD_RISK": -9999, "GROUND_ELE": 120.1, "HEIGHT_AVE": 3.61, "NO_OF_GROU": 0, "NO_ABOVE_G": -9999, "SOURCE_OF_": 1, "ACCURACY_O": 0, "DATE_CAPTU": null, "CAPTURED_B": null, "DATE_LAST_": null, "UPDATED_BY": null, "MI_PRINX": 0.0, "LGA_CODE": "348", "LGA_NAME": "MONASH", "height": 0 }, "geometry": { "type": "MultiPolygon", "coordinates": [ [ [ [ 145.148029180033205, -37.891452313135311 ], [ 145.148019748958802, -37.891619121217879 ], [ 145.147882050785427, -37.89161344013371 ], [ 145.147890707805288, -37.891533657110763 ], [ 145.147919221453918, -37.891529600850326 ], [ 145.147926086747333, -37.891480153543242 ], [ 145.147978397133841, -37.891484400651983 ], [ 145.147985054877211, -37.891450717688343 ], [ 145.148029180033205, -37.891452313135311 ] ] ] ] } },
{ "type": "Feature", "properties": { "Join_Count": 1, "TARGET_FID": 754259, "BF_FID": 1758236, "PARCEL_VIE": "1477453", "LAND_USE_T": "Residential - R1Z", "FLOOR_LEVE": -9.99, "FLOOD_RISK": -9999, "GROUND_ELE": 119.72, "HEIGHT_AVE": 3.56, "NO_OF_GROU": 0, "NO_ABOVE_G": -9999, "SOURCE_OF_": 1, "ACCURACY_O": 0, "DATE_CAPTU": null, "CAPTURED_B": null, "DATE_LAST_": null, "UPDATED_BY": null, "MI_PRINX": 0.0, "LGA_CODE": "348", "LGA_NAME": "MONASH", "height": 0 }, "geometry": { "type": "MultiPolygon", "coordinates": [ [ [ [ 145.147825420554199, -37.891456043986246 ], [ 145.147808392923338, -37.891596693393254 ], [ 145.147684756779995, -37.89158366495527 ], [ 145.14768989466026, -37.891472201227629 ], [ 145.147744265941242, -37.891472786753624 ], [ 145.147743314411656, -37.891428442256959 ], [ 145.147828516673229, -37.891429783327723 ], [ 145.147825420554199, -37.891456043986246 ] ] ] ] } },
{ "type": "Feature", "properties": { "Join_Count": 1, "TARGET_FID": 755406, "BF_FID": 1759393, "PARCEL_VIE": "2613563", "LAND_USE_T": "Residential - R1Z", "FLOOR_LEVE": -9.99, "FLOOD_RISK": -9999, "GROUND_ELE": 112.74, "HEIGHT_AVE": 4.67, "NO_OF_GROU": 0, "NO_ABOVE_G": -9999, "SOURCE_OF_": 1, "ACCURACY_O": 0, "DATE_CAPTU": null, "CAPTURED_B": null, "DATE_LAST_": null, "UPDATED_BY": null, "MI_PRINX": 0.0, "LGA_CODE": "348", "LGA_NAME": "MONASH", "height": 0 }, "geometry": { "type": "MultiPolygon", "coordinates": [ [ [ [ 145.139938366164046, -37.892710449738715 ], [ 145.139960219306261, -37.892836935909905 ], [ 145.13986333403713, -37.892848919523637 ], [ 145.139836652736363, -37.892776417333629 ], [ 145.139846520161484, -37.892745758932101 ], [ 145.139828883133049, -37.892641774420106 ], [ 145.139915399254335, -37.892624491197083 ], [ 145.139938366164046, -37.892710449738715 ] ] ] ] } },
{ "type": "Feature", "properties": { "Join_Count": 1, "TARGET_FID": 755513, "BF_FID": 1759500, "PARCEL_VIE": "2614066", "LAND_USE_T": "Business - B1Z", "FLOOR_LEVE": -9.99, "FLOOD_RISK": -9999, "GROUND_ELE": 118.17, "HEIGHT_AVE": 7.01, "NO_OF_GROU": 0, "NO_ABOVE_G": -9999, "SOURCE_OF_": 1, "ACCURACY_O": 0, "DATE_CAPTU": null, "CAPTURED_B": null, "DATE_LAST_": null, "UPDATED_BY": null, "MI_PRINX": 0.0, "LGA_CODE": "348", "LGA_NAME": "MONASH", "height": 0 }, "geometry": { "type": "MultiPolygon", "coordinates": [ [ [ [ 145.14283557640573, -37.89177438358896 ], [ 145.142812825678902, -37.891922239991494 ], [ 145.142723991500844, -37.891916152728363 ], [ 145.142713211233087, -37.891893637639612 ], [ 145.142596815316466, -37.891887295470433 ], [ 145.142631852271734, -37.891612501115723 ], [ 145.142857195073333, -37.891634257962139 ], [ 145.14283557640573, -37.89177438358896 ] ] ] ] } },
{ "type": "Feature", "properties": { "Join_Count": 1, "TARGET_FID": 756914, "BF_FID": 1760901, "PARCEL_VIE": "1477521", "LAND_USE_T": "Residential - R1Z", "FLOOR_LEVE": -9.99, "FLOOD_RISK": -9999, "GROUND_ELE": 119.13, "HEIGHT_AVE": 3.73, "NO_OF_GROU": 0, "NO_ABOVE_G": -9999, "SOURCE_OF_": 1, "ACCURACY_O": 0, "DATE_CAPTU": null, "CAPTURED_B": null, "DATE_LAST_": null, "UPDATED_BY": null, "MI_PRINX": 0.0, "LGA_CODE": "348", "LGA_NAME": "MONASH", "height": 0 }, "geometry": { "type": "MultiPolygon", "coordinates": [ [ [ [ 145.145677226466603, -37.891827755725956 ], [ 145.145733802240073, -37.891837657285976 ], [ 145.145733237304739, -37.891860173538667 ], [ 145.145755788281946, -37.891869538942331 ], [ 145.145764757199004, -37.891964285915464 ], [ 145.145515357099043, -37.891933325641816 ], [ 145.145522111044102, -37.891888381771174 ], [ 145.145550605670621, -37.891888830819205 ], [ 145.14555713359357, -37.891852893445709 ], [ 145.145631126782263, -37.891852527760321 ], [ 145.145631766324016, -37.891827039363704 ], [ 145.145677226466603, -37.891827755725956 ] ] ] ] } },
{ "type": "Feature", "properties": { "Join_Count": 1, "TARGET_FID": 756915, "BF_FID": 1760902, "PARCEL_VIE": "1477071", "LAND_USE_T": "Residential - R1Z", "FLOOR_LEVE": -9.99, "FLOOD_RISK": -9999, "GROUND_ELE": 118.9, "HEIGHT_AVE": 5.33, "NO_OF_GROU": 0, "NO_ABOVE_G": -9999, "SOURCE_OF_": 1, "ACCURACY_O": 0, "DATE_CAPTU": null, "CAPTURED_B": null, "DATE_LAST_": null, "UPDATED_BY": null, "MI_PRINX": 0.0, "LGA_CODE": "348", "LGA_NAME": "MONASH", "height": 0 }, "geometry": { "type": "MultiPolygon", "coordinates": [ [ [ [ 145.145100629973285, -37.891917779070752 ], [ 145.145133505281194, -37.891967852606697 ], [ 145.145127335506658, -37.89198577547738 ], [ 145.144973232111681, -37.892006051669313 ], [ 145.144957387148082, -37.891942461164049 ], [ 145.145100629973285, -37.891917779070752 ] ] ] ] } },
{ "type": "Feature", "properties": { "Join_Count": 1, "TARGET_FID": 756916, "BF_FID": 1760903, "PARCEL_VIE": "1477522", "LAND_USE_T": "Residential - R1Z", "FLOOR_LEVE": -9.99, "FLOOD_RISK": -9999, "GROUND_ELE": 119.25, "HEIGHT_AVE": 3.56, "NO_OF_GROU": 0, "NO_ABOVE_G": -9999, "SOURCE_OF_": 1, "ACCURACY_O": 0, "DATE_CAPTU": null, "CAPTURED_B": null, "DATE_LAST_": null, "UPDATED_BY": null, "MI_PRINX": 0.0, "LGA_CODE": "348", "LGA_NAME": "MONASH", "height": 0 }, "geometry": { "type": "MultiPolygon", "coordinates": [ [ [ [ 145.145610639246485, -37.891988887545395 ], [ 145.145633209507082, -37.891993748245731 ], [ 145.145635738787803, -37.892020007381653 ], [ 145.145694825140652, -37.89203075942936 ], [ 145.145696229061258, -37.892101870937083 ], [ 145.145454759516099, -37.892079955458698 ], [ 145.145451533160355, -37.892006742915001 ], [ 145.145554609501147, -37.892009538638284 ], [ 145.145556086958749, -37.891988027874632 ], [ 145.145610639246485, -37.891988887545395 ] ] ] ] } },
{ "type": "Feature", "properties": { "Join_Count": 1, "TARGET_FID": 758358, "BF_FID": 1762377, "PARCEL_VIE": "4359064", "LAND_USE_T": "Business - B1Z", "FLOOR_LEVE": -9.99, "FLOOD_RISK": -9999, "GROUND_ELE": 118.6, "HEIGHT_AVE": 3.92, "NO_OF_GROU": 0, "NO_ABOVE_G": -9999, "SOURCE_OF_": 1, "ACCURACY_O": 0, "DATE_CAPTU": null, "CAPTURED_B": null, "DATE_LAST_": null, "UPDATED_BY": null, "MI_PRINX": 0.0, "LGA_CODE": "348", "LGA_NAME": "MONASH", "height": 0 }, "geometry": { "type": "MultiPolygon", "coordinates": [ [ [ [ 145.144289932595683, -37.891371241483 ], [ 145.144372293048946, -37.891381189901487 ], [ 145.144361385658755, -37.891438411990457 ], [ 145.144231815033862, -37.891422763532105 ], [ 145.144244533830459, -37.891368092838832 ], [ 145.144289932595683, -37.891371241483 ] ] ] ] } },
{ "type": "Feature", "properties": { "Join_Count": 1, "TARGET_FID": 758359, "BF_FID": 1762378, "PARCEL_VIE": "4359065", "LAND_USE_T": "Business - B1Z", "FLOOR_LEVE": -9.99, "FLOOD_RISK": -9999, "GROUND_ELE": 118.65, "HEIGHT_AVE": 4.24, "NO_OF_GROU": 0, "NO_ABOVE_G": -9999, "SOURCE_OF_": 1, "ACCURACY_O": 0, "DATE_CAPTU": null, "CAPTURED_B": null, "DATE_LAST_": null, "UPDATED_BY": null, "MI_PRINX": 0.0, "LGA_CODE": "348", "LGA_NAME": "MONASH", "height": 0 }, "geometry": { "type": "MultiPolygon", "coordinates": [ [ [ [ 145.144352327227494, -37.891485481865629 ], [ 145.144329456211523, -37.891500077909583 ], [ 145.144218588620106, -37.891493914628711 ], [ 145.144231815033862, -37.891422763532105 ], [ 145.144361385658755, -37.891438411990457 ], [ 145.144352327227494, -37.891485481865629 ] ] ] ] } },
{ "type": "Feature", "properties": { "Join_Count": 1, "TARGET_FID": 759881, "BF_FID": 1763907, "PARCEL_VIE": "4402947", "LAND_USE_T": "Business - B3Z", "FLOOR_LEVE": -9.99, "FLOOD_RISK": -9999, "GROUND_ELE": 107.45, "HEIGHT_AVE": 8.42, "NO_OF_GROU": 0, "NO_ABOVE_G": -9999, "SOURCE_OF_": 1, "ACCURACY_O": 0, "DATE_CAPTU": null, "CAPTURED_B": null, "DATE_LAST_": null, "UPDATED_BY": null, "MI_PRINX": 0.0, "LGA_CODE": "348", "LGA_NAME": "MONASH", "height": 0 }, "geometry": { "type": "MultiPolygon", "coordinates": [ [ [ [ 145.13965800658417, -37.898744011956225 ], [ 145.14002079404122, -37.898790292261104 ], [ 145.139969434691466, -37.899023741584315 ], [ 145.139960426542928, -37.899154334936007 ], [ 145.139942912158858, -37.899172078165705 ], [ 145.139940758131388, -37.899257639537488 ], [ 145.139916485516466, -37.899320326152051 ], [ 145.139912857604571, -37.899464429508463 ], [ 145.139889624891907, -37.89948208233352 ], [ 145.139881277130428, -37.899590160997981 ], [ 145.139858044369646, -37.899607813815216 ], [ 145.139857364109758, -37.899634833192607 ], [ 145.139687187866315, -37.899618627789344 ], [ 145.139679882189824, -37.899681582591811 ], [ 145.139656629705598, -37.89970374007806 ], [ 145.139441215347915, -37.899677809045897 ], [ 145.139449221295195, -37.899583330181542 ], [ 145.139466962696901, -37.899556580574981 ], [ 145.139456756223808, -37.899511278875487 ], [ 145.139474044006448, -37.899502542181686 ], [ 145.139481482889835, -37.899430579454616 ], [ 145.139329172520831, -37.899423666067825 ], [ 145.139431240187037, -37.898871072208749 ], [ 145.139551993547457, -37.898891001578335 ], [ 145.13956662454072, -37.898760587261847 ], [ 145.139606257218389, -37.89876571890008 ], [ 145.13965800658417, -37.898744011956225 ] ] ] ] } },
{ "type": "Feature", "properties": { "Join_Count": 1, "TARGET_FID": 760275, "BF_FID": 1764301, "PARCEL_VIE": "4419970", "LAND_USE_T": "Residential - R1Z", "FLOOR_LEVE": -9.99, "FLOOD_RISK": -9999, "GROUND_ELE": 116.64, "HEIGHT_AVE": 5.86, "NO_OF_GROU": 0, "NO_ABOVE_G": -9999, "SOURCE_OF_": 1, "ACCURACY_O": 0, "DATE_CAPTU": null, "CAPTURED_B": null, "DATE_LAST_": null, "UPDATED_BY": null, "MI_PRINX": 0.0, "LGA_CODE": "348", "LGA_NAME": "MONASH", "height": 0 }, "geometry": { "type": "MultiPolygon", "coordinates": [ [ [ [ 145.148675319123697, -37.896525054127679 ], [ 145.148777165620118, -37.896625857184532 ], [ 145.148708451908476, -37.896669826446107 ], [ 145.148605961781158, -37.896572256825358 ], [ 145.148629404696607, -37.89654235186579 ], [ 145.148675319123697, -37.896525054127679 ] ] ] ] } },
{ "type": "Feature", "properties": { "Join_Count": 1, "TARGET_FID": 760276, "BF_FID": 1764302, "PARCEL_VIE": "4419971", "LAND_USE_T": "Residential - R1Z", "FLOOR_LEVE": -9.99, "FLOOD_RISK": -9999, "GROUND_ELE": 116.05, "HEIGHT_AVE": 5.77, "NO_OF_GROU": 0, "NO_ABOVE_G": -9999, "SOURCE_OF_": 1, "ACCURACY_O": 0, "DATE_CAPTU": null, "CAPTURED_B": null, "DATE_LAST_": null, "UPDATED_BY": null, "MI_PRINX": 0.0, "LGA_CODE": "348", "LGA_NAME": "MONASH", "height": 0 }, "geometry": { "type": "MultiPolygon", "coordinates": [ [ [ [ 145.148780915160216, -37.896625916172738 ], [ 145.148808302554215, -37.896666892296814 ], [ 145.148842310572007, -37.896671932331309 ], [ 145.148841859302763, -37.896689945350353 ], [ 145.148880701944165, -37.896726596637009 ], [ 145.148814125104593, -37.896775104604529 ], [ 145.148708451908476, -37.896669826446107 ], [ 145.148780915160216, -37.896625916172738 ] ] ] ] } },
{ "type": "Feature", "properties": { "Join_Count": 1, "TARGET_FID": 760277, "BF_FID": 1764303, "PARCEL_VIE": "4419974", "LAND_USE_T": "Residential - R1Z", "FLOOR_LEVE": -9.99, "FLOOD_RISK": -9999, "GROUND_ELE": 114.32, "HEIGHT_AVE": 6.36, "NO_OF_GROU": 0, "NO_ABOVE_G": -9999, "SOURCE_OF_": 1, "ACCURACY_O": 0, "DATE_CAPTU": null, "CAPTURED_B": null, "DATE_LAST_": null, "UPDATED_BY": null, "MI_PRINX": 0.0, "LGA_CODE": "348", "LGA_NAME": "MONASH", "height": 0 }, "geometry": { "type": "MultiPolygon", "coordinates": [ [ [ [ 145.149199151187702, -37.896727100786151 ], [ 145.149227441206051, -37.896732050773736 ], [ 145.149228227687956, -37.896745578233045 ], [ 145.149154956844882, -37.896855429714442 ], [ 145.149094324980865, -37.896823841821835 ], [ 145.149118355821429, -37.89678169233175 ], [ 145.149103508780939, -37.896775422058219 ], [ 145.149124602574489, -37.896749444475297 ], [ 145.149161263886782, -37.896764617418775 ], [ 145.149182653184766, -37.896726841295191 ], [ 145.149199151187702, -37.896727100786151 ] ] ] ] } },
{ "type": "Feature", "properties": { "Join_Count": 1, "TARGET_FID": 760278, "BF_FID": 1764304, "PARCEL_VIE": "4419975", "LAND_USE_T": "Residential - R1Z", "FLOOR_LEVE": -9.99, "FLOOD_RISK": -9999, "GROUND_ELE": 114.07, "HEIGHT_AVE": 6.18, "NO_OF_GROU": 0, "NO_ABOVE_G": -9999, "SOURCE_OF_": 1, "ACCURACY_O": 0, "DATE_CAPTU": null, "CAPTURED_B": null, "DATE_LAST_": null, "UPDATED_BY": null, "MI_PRINX": 0.0, "LGA_CODE": "348", "LGA_NAME": "MONASH", "height": 0 }, "geometry": { "type": "MultiPolygon", "coordinates": [ [ [ [ 145.149238445203963, -37.896745738936907 ], [ 145.149271533433108, -37.896768784500274 ], [ 145.149239617587881, -37.896818738858116 ], [ 145.149271577234884, -37.896830684297861 ], [ 145.149208925761883, -37.896898445654095 ], [ 145.149144335491513, -37.896871390657253 ], [ 145.149238445203963, -37.896745738936907 ] ] ] ] } },
{ "type": "Feature", "properties": { "Join_Count": 1, "TARGET_FID": 760279, "BF_FID": 1764305, "PARCEL_VIE": "4419976", "LAND_USE_T": "Residential - R1Z", "FLOOR_LEVE": -9.99, "FLOOD_RISK": -9999, "GROUND_ELE": 112.75, "HEIGHT_AVE": 6.0, "NO_OF_GROU": 0, "NO_ABOVE_G": -9999, "SOURCE_OF_": 1, "ACCURACY_O": 0, "DATE_CAPTU": null, "CAPTURED_B": null, "DATE_LAST_": null, "UPDATED_BY": null, "MI_PRINX": 0.0, "LGA_CODE": "348", "LGA_NAME": "MONASH", "height": 0 }, "geometry": { "type": "MultiPolygon", "coordinates": [ [ [ [ 145.14952589934731, -37.896826845238138 ], [ 145.149517409258976, -37.896843830837973 ], [ 145.149542638083233, -37.896862427901127 ], [ 145.149501653251718, -37.896907554483683 ], [ 145.14940594906804, -37.896868477451449 ], [ 145.149418136341438, -37.896838665619427 ], [ 145.149395556311816, -37.896830381655192 ], [ 145.149431713856046, -37.89677580873056 ], [ 145.149532808412602, -37.896813078396391 ], [ 145.14952589934731, -37.896826845238138 ] ] ] ] } },
{ "type": "Feature", "properties": { "Join_Count": 1, "TARGET_FID": 760280, "BF_FID": 1764306, "PARCEL_VIE": "4419981", "LAND_USE_T": "Residential - R1Z", "FLOOR_LEVE": -9.99, "FLOOD_RISK": -9999, "GROUND_ELE": 112.97, "HEIGHT_AVE": 7.07, "NO_OF_GROU": 0, "NO_ABOVE_G": -9999, "SOURCE_OF_": 1, "ACCURACY_O": 0, "DATE_CAPTU": null, "CAPTURED_B": null, "DATE_LAST_": null, "UPDATED_BY": null, "MI_PRINX": 0.0, "LGA_CODE": "348", "LGA_NAME": "MONASH", "height": 0 }, "geometry": { "type": "MultiPolygon", "coordinates": [ [ [ [ 145.149299256352521, -37.897043486729011 ], [ 145.149319552380518, -37.897004431979255 ], [ 145.14927742924101, -37.896990164287544 ], [ 145.149305631921862, -37.896946188261595 ], [ 145.149425625084916, -37.896996459434035 ], [ 145.149361417135651, -37.897092668178765 ], [ 145.149298696909199, -37.897065822876961 ], [ 145.149299256352521, -37.897043486729011 ] ] ] ] } },
{ "type": "Feature", "properties": { "Join_Count": 1, "TARGET_FID": 760281, "BF_FID": 1764307, "PARCEL_VIE": "4419982", "LAND_USE_T": "Residential - R1Z", "FLOOR_LEVE": -9.99, "FLOOD_RISK": -9999, "GROUND_ELE": 111.32, "HEIGHT_AVE": 5.85, "NO_OF_GROU": 0, "NO_ABOVE_G": -9999, "SOURCE_OF_": 1, "ACCURACY_O": 0, "DATE_CAPTU": null, "CAPTURED_B": null, "DATE_LAST_": null, "UPDATED_BY": null, "MI_PRINX": 0.0, "LGA_CODE": "348", "LGA_NAME": "MONASH", "height": 0 }, "geometry": { "type": "MultiPolygon", "coordinates": [ [ [ [ 145.149472415794747, -37.896940431911887 ], [ 145.149511529550722, -37.896966275185441 ], [ 145.149522289043176, -37.896993474566699 ], [ 145.149441001655987, -37.897093919795807 ], [ 145.149407769866315, -37.897072854234494 ], [ 145.149422636263665, -37.897048400472357 ], [ 145.149397076821714, -37.897039258746325 ], [ 145.149472415794747, -37.896940431911887 ] ] ] ] } },
{ "type": "Feature", "properties": { "Join_Count": 1, "TARGET_FID": 760282, "BF_FID": 1764308, "PARCEL_VIE": "4419983", "LAND_USE_T": "Residential - R1Z", "FLOOR_LEVE": -9.99, "FLOOD_RISK": -9999, "GROUND_ELE": 112.74, "HEIGHT_AVE": 6.96, "NO_OF_GROU": 0, "NO_ABOVE_G": -9999, "SOURCE_OF_": 1, "ACCURACY_O": 0, "DATE_CAPTU": null, "CAPTURED_B": null, "DATE_LAST_": null, "UPDATED_BY": null, "MI_PRINX": 0.0, "LGA_CODE": "348", "LGA_NAME": "MONASH", "height": 0 }, "geometry": { "type": "MultiPolygon", "coordinates": [ [ [ [ 145.149488080151457, -37.896902836002376 ], [ 145.149425625084916, -37.896996459434035 ], [ 145.149306375065947, -37.896946470251308 ], [ 145.149341566271886, -37.89690053181544 ], [ 145.149383997405209, -37.896906244771294 ], [ 145.149415694653186, -37.896872505043731 ], [ 145.149488080151457, -37.896902836002376 ] ] ] ] } },
{ "type": "Feature", "properties": { "Join_Count": 1, "TARGET_FID": 760283, "BF_FID": 1764309, "PARCEL_VIE": "4419984", "LAND_USE_T": "Residential - R1Z", "FLOOR_LEVE": -9.99, "FLOOD_RISK": -9999, "GROUND_ELE": 110.99, "HEIGHT_AVE": 5.66, "NO_OF_GROU": 0, "NO_ABOVE_G": -9999, "SOURCE_OF_": 1, "ACCURACY_O": 0, "DATE_CAPTU": null, "CAPTURED_B": null, "DATE_LAST_": null, "UPDATED_BY": null, "MI_PRINX": 0.0, "LGA_CODE": "348", "LGA_NAME": "MONASH", "height": 0 }, "geometry": { "type": "MultiPolygon", "coordinates": [ [ [ [ 145.149536665650743, -37.897074701085018 ], [ 145.149453846304709, -37.897195124561215 ], [ 145.149397156592812, -37.897159634392203 ], [ 145.149477152537457, -37.897039617057359 ], [ 145.149536665650743, -37.897074701085018 ] ], [ [ 145.149410464793448, -37.897144977091017 ], [ 145.149409900870296, -37.897167493370219 ], [ 145.149426867669831, -37.897167760202898 ], [ 145.149433149678799, -37.897145333849913 ], [ 145.149410464793448, -37.897144977091017 ] ] ] ] } },
{ "type": "Feature", "properties": { "Join_Count": 1, "TARGET_FID": 762816, "BF_FID": 1766875, "PARCEL_VIE": "1477458", "LAND_USE_T": "Residential - R1Z", "FLOOR_LEVE": -9.99, "FLOOD_RISK": -9999, "GROUND_ELE": 121.28, "HEIGHT_AVE": 3.45, "NO_OF_GROU": 0, "NO_ABOVE_G": -9999, "SOURCE_OF_": 1, "ACCURACY_O": 0, "DATE_CAPTU": null, "CAPTURED_B": null, "DATE_LAST_": null, "UPDATED_BY": null, "MI_PRINX": 0.0, "LGA_CODE": "348", "LGA_NAME": "MONASH", "height": 0 }, "geometry": { "type": "MultiPolygon", "coordinates": [ [ [ [ 145.149259592327553, -37.891625472501083 ], [ 145.14925271316946, -37.891705463801358 ], [ 145.149092024210574, -37.891696719524099 ], [ 145.149110681461224, -37.891629437480823 ], [ 145.149259592327553, -37.891625472501083 ] ] ] ] } },
{ "type": "Feature", "properties": { "Join_Count": 1, "TARGET_FID": 762817, "BF_FID": 1766876, "PARCEL_VIE": "1477459", "LAND_USE_T": "Residential - R1Z", "FLOOR_LEVE": -9.99, "FLOOD_RISK": -9999, "GROUND_ELE": 121.01, "HEIGHT_AVE": 3.61, "NO_OF_GROU": 0, "NO_ABOVE_G": -9999, "SOURCE_OF_": 1, "ACCURACY_O": 0, "DATE_CAPTU": null, "CAPTURED_B": null, "DATE_LAST_": null, "UPDATED_BY": null, "MI_PRINX": 0.0, "LGA_CODE": "348", "LGA_NAME": "MONASH", "height": 0 }, "geometry": { "type": "MultiPolygon", "coordinates": [ [ [ [ 145.149407469084082, -37.891812594583605 ], [ 145.149429076171572, -37.891814736390415 ], [ 145.149426272363655, -37.891851813771922 ], [ 145.149405421891117, -37.891849413561133 ], [ 145.149390575038495, -37.891914322856628 ], [ 145.149240612447016, -37.891892863068492 ], [ 145.149259250580513, -37.891830085735229 ], [ 145.149320911468578, -37.891820423604678 ], [ 145.149330913234593, -37.891806705398231 ], [ 145.149407469084082, -37.891812594583605 ] ] ] ] } },
{ "type": "Feature", "properties": { "Join_Count": 1, "TARGET_FID": 762818, "BF_FID": 1766877, "PARCEL_VIE": "1477459", "LAND_USE_T": "Residential - R1Z", "FLOOR_LEVE": -9.99, "FLOOD_RISK": -9999, "GROUND_ELE": 121.28, "HEIGHT_AVE": 3.28, "NO_OF_GROU": 0, "NO_ABOVE_G": -9999, "SOURCE_OF_": 1, "ACCURACY_O": 0, "DATE_CAPTU": null, "CAPTURED_B": null, "DATE_LAST_": null, "UPDATED_BY": null, "MI_PRINX": 0.0, "LGA_CODE": "348", "LGA_NAME": "MONASH", "height": 0 }, "geometry": { "type": "MultiPolygon", "coordinates": [ [ [ [ 145.14931952282987, -37.891643714361436 ], [ 145.14945143464891, -37.891648311661875 ], [ 145.149444716097008, -37.891729386708896 ], [ 145.149301927400728, -37.891713535957535 ], [ 145.14931952282987, -37.891643714361436 ] ] ] ] } },
{ "type": "Feature", "properties": { "Join_Count": 1, "TARGET_FID": 764177, "BF_FID": 1768236, "PARCEL_VIE": "4525532", "LAND_USE_T": "Residential - R1Z", "FLOOR_LEVE": -9.99, "FLOOD_RISK": -9999, "GROUND_ELE": 112.74, "HEIGHT_AVE": 5.81, "NO_OF_GROU": 0, "NO_ABOVE_G": -9999, "SOURCE_OF_": 1, "ACCURACY_O": 0, "DATE_CAPTU": null, "CAPTURED_B": null, "DATE_LAST_": null, "UPDATED_BY": null, "MI_PRINX": 0.0, "LGA_CODE": "348", "LGA_NAME": "MONASH", "height": 0 }, "geometry": { "type": "MultiPolygon", "coordinates": [ [ [ [ 145.149223231066173, -37.897128517262622 ], [ 145.149278223294999, -37.897201823064314 ], [ 145.149203475929596, -37.89723957087174 ], [ 145.149112170466111, -37.897125959498354 ], [ 145.149190714697852, -37.897086379354974 ], [ 145.149223231066173, -37.897128517262622 ] ] ] ] } },
{ "type": "Feature", "properties": { "Join_Count": 1, "TARGET_FID": 764178, "BF_FID": 1768237, "PARCEL_VIE": "4525533", "LAND_USE_T": "Residential - R1Z", "FLOOR_LEVE": -9.99, "FLOOD_RISK": -9999, "GROUND_ELE": 113.86, "HEIGHT_AVE": 6.13, "NO_OF_GROU": 0, "NO_ABOVE_G": -9999, "SOURCE_OF_": 1, "ACCURACY_O": 0, "DATE_CAPTU": null, "CAPTURED_B": null, "DATE_LAST_": null, "UPDATED_BY": null, "MI_PRINX": 0.0, "LGA_CODE": "348", "LGA_NAME": "MONASH", "height": 0 }, "geometry": { "type": "MultiPolygon", "coordinates": [ [ [ [ 145.149149388920961, -37.89703653442583 ], [ 145.149190714697852, -37.897086379354974 ], [ 145.149112170466111, -37.897125959498354 ], [ 145.149042604362023, -37.897035485464549 ], [ 145.149157430583045, -37.896977554925641 ], [ 145.149178474630332, -37.897020954006948 ], [ 145.149149388920961, -37.89703653442583 ] ] ] ] } },
{ "type": "Feature", "properties": { "Join_Count": 1, "TARGET_FID": 764179, "BF_FID": 1768238, "PARCEL_VIE": "4525534", "LAND_USE_T": "Residential - R1Z", "FLOOR_LEVE": -9.99, "FLOOD_RISK": -9999, "GROUND_ELE": 114.28, "HEIGHT_AVE": 5.53, "NO_OF_GROU": 0, "NO_ABOVE_G": -9999, "SOURCE_OF_": 1, "ACCURACY_O": 0, "DATE_CAPTU": null, "CAPTURED_B": null, "DATE_LAST_": null, "UPDATED_BY": null, "MI_PRINX": 0.0, "LGA_CODE": "348", "LGA_NAME": "MONASH", "height": 0 }, "geometry": { "type": "MultiPolygon", "coordinates": [ [ [ [ 145.149052418395343, -37.896909499012608 ], [ 145.149057478702275, -37.896932103757898 ], [ 145.149121689854582, -37.896933113768412 ], [ 145.149157430583045, -37.896977554925641 ], [ 145.149039417234803, -37.897035435331212 ], [ 145.148971900021195, -37.89694553408858 ], [ 145.149052418395343, -37.896909499012608 ] ] ] ] } },
{ "type": "Feature", "properties": { "Join_Count": 1, "TARGET_FID": 764180, "BF_FID": 1768239, "PARCEL_VIE": "4525535", "LAND_USE_T": "Residential - R1Z", "FLOOR_LEVE": -9.99, "FLOOD_RISK": -9999, "GROUND_ELE": 114.72, "HEIGHT_AVE": 5.75, "NO_OF_GROU": 0, "NO_ABOVE_G": -9999, "SOURCE_OF_": 1, "ACCURACY_O": 0, "DATE_CAPTU": null, "CAPTURED_B": null, "DATE_LAST_": null, "UPDATED_BY": null, "MI_PRINX": 0.0, "LGA_CODE": "348", "LGA_NAME": "MONASH", "height": 0 }, "geometry": { "type": "MultiPolygon", "coordinates": [ [ [ [ 145.149015286754292, -37.89680079422326 ], [ 145.149048390151506, -37.896841950306282 ], [ 145.149031106334803, -37.89685059839158 ], [ 145.14904360694095, -37.89690936040958 ], [ 145.148971900021195, -37.89694553408858 ], [ 145.148896088828678, -37.896857304345843 ], [ 145.149009104293128, -37.896793038421862 ], [ 145.149015286754292, -37.89680079422326 ] ] ] ] } },
{ "type": "Feature", "properties": { "Join_Count": 1, "TARGET_FID": 764181, "BF_FID": 1768240, "PARCEL_VIE": "4525536", "LAND_USE_T": "Residential - R1Z", "FLOOR_LEVE": -9.99, "FLOOD_RISK": -9999, "GROUND_ELE": 114.97, "HEIGHT_AVE": 5.43, "NO_OF_GROU": 0, "NO_ABOVE_G": -9999, "SOURCE_OF_": 1, "ACCURACY_O": 0, "DATE_CAPTU": null, "CAPTURED_B": null, "DATE_LAST_": null, "UPDATED_BY": null, "MI_PRINX": 0.0, "LGA_CODE": "348", "LGA_NAME": "MONASH", "height": 0 }, "geometry": { "type": "MultiPolygon", "coordinates": [ [ [ [ 145.148880562053364, -37.896732180672984 ], [ 145.148937169123769, -37.896741000012462 ], [ 145.14893683068837, -37.896754509777296 ], [ 145.148971064376099, -37.896750543265789 ], [ 145.149009104293128, -37.896793038421862 ], [ 145.148896088828678, -37.896857304345843 ], [ 145.148814125104593, -37.896775104604529 ], [ 145.148880562053364, -37.896732180672984 ] ] ] ] } },
{ "type": "Feature", "properties": { "Join_Count": 1, "TARGET_FID": 764357, "BF_FID": 1768416, "PARCEL_VIE": "1477710", "LAND_USE_T": "Residential - R1Z", "FLOOR_LEVE": -9.99, "FLOOD_RISK": -9999, "GROUND_ELE": 106.46, "HEIGHT_AVE": 3.66, "NO_OF_GROU": 0, "NO_ABOVE_G": -9999, "SOURCE_OF_": 1, "ACCURACY_O": 0, "DATE_CAPTU": null, "CAPTURED_B": null, "DATE_LAST_": null, "UPDATED_BY": null, "MI_PRINX": 0.0, "LGA_CODE": "348", "LGA_NAME": "MONASH", "height": 0 }, "geometry": { "type": "MultiPolygon", "coordinates": [ [ [ [ 145.145819182047433, -37.89885783712208 ], [ 145.145870326308398, -37.898860174730437 ], [ 145.145875368739041, -37.898887194241276 ], [ 145.145854128782645, -37.89905345542396 ], [ 145.145791600992396, -37.899052560237131 ], [ 145.145730770711481, -37.8989840262767 ], [ 145.145707991568031, -37.89898366731245 ], [ 145.145715292028342, -37.898920711992609 ], [ 145.145742168766759, -37.898914738389273 ], [ 145.145747691436043, -37.898855359072392 ], [ 145.145819182047433, -37.89885783712208 ] ] ] ] } },
{ "type": "Feature", "properties": { "Join_Count": 1, "TARGET_FID": 764358, "BF_FID": 1768417, "PARCEL_VIE": "4531769", "LAND_USE_T": "Residential - R1Z", "FLOOR_LEVE": -9.99, "FLOOD_RISK": -9999, "GROUND_ELE": 107.43, "HEIGHT_AVE": 3.55, "NO_OF_GROU": 0, "NO_ABOVE_G": -9999, "SOURCE_OF_": 1, "ACCURACY_O": 0, "DATE_CAPTU": null, "CAPTURED_B": null, "DATE_LAST_": null, "UPDATED_BY": null, "MI_PRINX": 0.0, "LGA_CODE": "348", "LGA_NAME": "MONASH", "height": 0 }, "geometry": { "type": "MultiPolygon", "coordinates": [ [ [ [ 145.146081364443916, -37.899086678902883 ], [ 145.14614318410645, -37.899089635091507 ], [ 145.146165398337189, -37.899112510202798 ], [ 145.14623915366974, -37.899118177198019 ], [ 145.146248914600932, -37.899181401339071 ], [ 145.146231550824183, -37.899193201259287 ], [ 145.1460733805107, -37.899188096401382 ], [ 145.146081364443916, -37.899086678902883 ] ] ] ] } },
{ "type": "Feature", "properties": { "Join_Count": 1, "TARGET_FID": 764359, "BF_FID": 1768418, "PARCEL_VIE": "4531770", "LAND_USE_T": "Residential - R1Z", "FLOOR_LEVE": -9.99, "FLOOD_RISK": -9999, "GROUND_ELE": 108.65, "HEIGHT_AVE": 4.0, "NO_OF_GROU": 0, "NO_ABOVE_G": -9999, "SOURCE_OF_": 1, "ACCURACY_O": 0, "DATE_CAPTU": null, "CAPTURED_B": null, "DATE_LAST_": null, "UPDATED_BY": null, "MI_PRINX": 0.0, "LGA_CODE": "348", "LGA_NAME": "MONASH", "height": 0 }, "geometry": { "type": "MultiPolygon", "coordinates": [ [ [ [ 145.146258857223188, -37.898785115656125 ], [ 145.146269276794499, -37.898825825042259 ], [ 145.146312940936809, -37.898831017935201 ], [ 145.146309292320552, -37.898901689372458 ], [ 145.14618215775198, -37.89889680328092 ], [ 145.146184480942452, -37.898789259851306 ], [ 145.146258857223188, -37.898785115656125 ] ] ] ] } },
{ "type": "Feature", "properties": { "Join_Count": 1, "TARGET_FID": 764360, "BF_FID": 1768419, "PARCEL_VIE": "4531771", "LAND_USE_T": "Residential - R1Z", "FLOOR_LEVE": -9.99, "FLOOD_RISK": -9999, "GROUND_ELE": 107.55, "HEIGHT_AVE": 3.47, "NO_OF_GROU": 0, "NO_ABOVE_G": -9999, "SOURCE_OF_": 1, "ACCURACY_O": 0, "DATE_CAPTU": null, "CAPTURED_B": null, "DATE_LAST_": null, "UPDATED_BY": null, "MI_PRINX": 0.0, "LGA_CODE": "348", "LGA_NAME": "MONASH", "height": 0 }, "geometry": { "type": "MultiPolygon", "coordinates": [ [ [ [ 145.146003671016075, -37.898983821396463 ], [ 145.145997029534925, -37.899024261988302 ], [ 145.145918781514524, -37.899018253750505 ], [ 145.145930149253303, -37.898924007520762 ], [ 145.145971131187395, -37.898920238326376 ], [ 145.145977527409855, -37.898893308949745 ], [ 145.146059832212444, -37.898894605736295 ], [ 145.146046830547277, -37.898975491359572 ], [ 145.146003671016075, -37.898983821396463 ] ] ] ] } },
{ "type": "Feature", "properties": { "Join_Count": 1, "TARGET_FID": 764361, "BF_FID": 1768420, "PARCEL_VIE": "4531773", "LAND_USE_T": "Residential - R1Z", "FLOOR_LEVE": -9.99, "FLOOD_RISK": -9999, "GROUND_ELE": 108.2, "HEIGHT_AVE": 3.95, "NO_OF_GROU": 0, "NO_ABOVE_G": -9999, "SOURCE_OF_": 1, "ACCURACY_O": 0, "DATE_CAPTU": null, "CAPTURED_B": null, "DATE_LAST_": null, "UPDATED_BY": null, "MI_PRINX": 0.0, "LGA_CODE": "348", "LGA_NAME": "MONASH", "height": 0 }, "geometry": { "type": "MultiPolygon", "coordinates": [ [ [ [ 145.146289343240113, -37.8989305676754 ], [ 145.14629061330885, -37.89898834212179 ], [ 145.146270720897178, -37.89899253376926 ], [ 145.14626419254455, -37.899028471133541 ], [ 145.14615252291668, -37.899016440395847 ], [ 145.146159190824761, -37.898926354820752 ], [ 145.146289343240113, -37.8989305676754 ] ] ] ] } },
{ "type": "Feature", "properties": { "Join_Count": 1, "TARGET_FID": 766494, "BF_FID": 1770556, "PARCEL_VIE": "4572987", "LAND_USE_T": "Business - B3Z", "FLOOR_LEVE": -9.99, "FLOOD_RISK": -9999, "GROUND_ELE": 115.41, "HEIGHT_AVE": 7.27, "NO_OF_GROU": 0, "NO_ABOVE_G": -9999, "SOURCE_OF_": 1, "ACCURACY_O": 0, "DATE_CAPTU": null, "CAPTURED_B": null, "DATE_LAST_": null, "UPDATED_BY": null, "MI_PRINX": 0.0, "LGA_CODE": "348", "LGA_NAME": "MONASH", "height": 0 }, "geometry": { "type": "MultiPolygon", "coordinates": [ [ [ [ 145.143161800912566, -37.89508460050375 ], [ 145.143172871423985, -37.895095587257288 ], [ 145.143211041501957, -37.895091684531906 ], [ 145.143133790346326, -37.895568629094349 ], [ 145.142967811250514, -37.895553666057403 ], [ 145.143052566878822, -37.895076659838146 ], [ 145.143161800912566, -37.89508460050375 ] ] ] ] } },
{ "type": "Feature", "properties": { "Join_Count": 1, "TARGET_FID": 766495, "BF_FID": 1770557, "PARCEL_VIE": "4572988", "LAND_USE_T": "Business - B3Z", "FLOOR_LEVE": -9.99, "FLOOD_RISK": -9999, "GROUND_ELE": 115.41, "HEIGHT_AVE": 7.44, "NO_OF_GROU": 0, "NO_ABOVE_G": -9999, "SOURCE_OF_": 1, "ACCURACY_O": 0, "DATE_CAPTU": null, "CAPTURED_B": null, "DATE_LAST_": null, "UPDATED_BY": null, "MI_PRINX": 0.0, "LGA_CODE": "348", "LGA_NAME": "MONASH", "height": 0 }, "geometry": { "type": "MultiPolygon", "coordinates": [ [ [ [ 145.143658399632812, -37.895283448780241 ], [ 145.143641107869911, -37.895393188757353 ], [ 145.143405772015342, -37.895373077649381 ], [ 145.143437967723287, -37.895200142073634 ], [ 145.143583288900402, -37.895219914271649 ], [ 145.143582551280844, -37.895249275412446 ], [ 145.14366219077391, -37.895259451741687 ], [ 145.143658399632812, -37.895283448780241 ] ] ] ] } },
{ "type": "Feature", "properties": { "Join_Count": 1, "TARGET_FID": 766496, "BF_FID": 1770558, "PARCEL_VIE": "4572990", "LAND_USE_T": "Business - B3Z", "FLOOR_LEVE": -9.99, "FLOOD_RISK": -9999, "GROUND_ELE": 115.34, "HEIGHT_AVE": 7.35, "NO_OF_GROU": 0, "NO_ABOVE_G": -9999, "SOURCE_OF_": 1, "ACCURACY_O": 0, "DATE_CAPTU": null, "CAPTURED_B": null, "DATE_LAST_": null, "UPDATED_BY": null, "MI_PRINX": 0.0, "LGA_CODE": "348", "LGA_NAME": "MONASH", "height": 0 }, "geometry": { "type": "MultiPolygon", "coordinates": [ [ [ [ 145.143749753671699, -37.895301378298484 ], [ 145.14373490660256, -37.895395929862786 ], [ 145.14364166479379, -37.895389683621985 ], [ 145.143658399632812, -37.895283448780241 ], [ 145.143749753671699, -37.895301378298484 ] ] ] ] } },
{ "type": "Feature", "properties": { "Join_Count": 1, "TARGET_FID": 770663, "BF_FID": 1774727, "PARCEL_VIE": "4096848", "LAND_USE_T": "Residential - R1Z", "FLOOR_LEVE": -9.99, "FLOOD_RISK": -9999, "GROUND_ELE": 118.67, "HEIGHT_AVE": 5.96, "NO_OF_GROU": 0, "NO_ABOVE_G": -9999, "SOURCE_OF_": 1, "ACCURACY_O": 0, "DATE_CAPTU": null, "CAPTURED_B": null, "DATE_LAST_": null, "UPDATED_BY": null, "MI_PRINX": 0.0, "LGA_CODE": "348", "LGA_NAME": "MONASH", "height": 0 }, "geometry": { "type": "MultiPolygon", "coordinates": [ [ [ [ 145.146604088345356, -37.894316069725633 ], [ 145.146649437102297, -37.894321289003059 ], [ 145.146648763971598, -37.894348128378816 ], [ 145.14664129217428, -37.894384321238235 ], [ 145.14661382765928, -37.894383888669203 ], [ 145.146594558585576, -37.894471703556121 ], [ 145.146481028927838, -37.894463067718981 ], [ 145.146495504258411, -37.894323369503375 ], [ 145.146604088345356, -37.894316069725633 ] ] ] ] } },
{ "type": "Feature", "properties": { "Join_Count": 1, "TARGET_FID": 770664, "BF_FID": 1774728, "PARCEL_VIE": "4658109", "LAND_USE_T": "Residential - R1Z", "FLOOR_LEVE": -9.99, "FLOOD_RISK": -9999, "GROUND_ELE": 118.52, "HEIGHT_AVE": 5.89, "NO_OF_GROU": 0, "NO_ABOVE_G": -9999, "SOURCE_OF_": 1, "ACCURACY_O": 0, "DATE_CAPTU": null, "CAPTURED_B": null, "DATE_LAST_": null, "UPDATED_BY": null, "MI_PRINX": 0.0, "LGA_CODE": "348", "LGA_NAME": "MONASH", "height": 0 }, "geometry": { "type": "MultiPolygon", "coordinates": [ [ [ [ 145.14587162492731, -37.894589158675203 ], [ 145.14583445654884, -37.894624162753225 ], [ 145.145690057379369, -37.894526560969673 ], [ 145.145770765015072, -37.894438092560549 ], [ 145.145819616777885, -37.894460666668408 ], [ 145.145772145279864, -37.894506410551664 ], [ 145.14587162492731, -37.894589158675203 ] ] ] ] } },
{ "type": "Feature", "properties": { "Join_Count": 1, "TARGET_FID": 770665, "BF_FID": 1774729, "PARCEL_VIE": "4658110", "LAND_USE_T": "Residential - R1Z", "FLOOR_LEVE": -9.99, "FLOOD_RISK": -9999, "GROUND_ELE": 118.99, "HEIGHT_AVE": 5.82, "NO_OF_GROU": 0, "NO_ABOVE_G": -9999, "SOURCE_OF_": 1, "ACCURACY_O": 0, "DATE_CAPTU": null, "CAPTURED_B": null, "DATE_LAST_": null, "UPDATED_BY": null, "MI_PRINX": 0.0, "LGA_CODE": "348", "LGA_NAME": "MONASH", "height": 0 }, "geometry": { "type": "MultiPolygon", "coordinates": [ [ [ [ 145.145855127769408, -37.894379595079691 ], [ 145.145952374930516, -37.894435457984649 ], [ 145.145888106594526, -37.894496614767704 ], [ 145.145856716636501, -37.894480712970669 ], [ 145.1458765369768, -37.89445318419115 ], [ 145.145846185003649, -37.894429550096156 ], [ 145.14581724518797, -37.894458016382337 ], [ 145.145775875373943, -37.894432496749644 ], [ 145.145833058262269, -37.894369696673586 ], [ 145.145855127769408, -37.894379595079691 ] ] ] ] } },
{ "type": "Feature", "properties": { "Join_Count": 1, "TARGET_FID": 770666, "BF_FID": 1774730, "PARCEL_VIE": "4658111", "LAND_USE_T": "Residential - R1Z", "FLOOR_LEVE": -9.99, "FLOOD_RISK": -9999, "GROUND_ELE": 119.07, "HEIGHT_AVE": 5.56, "NO_OF_GROU": 0, "NO_ABOVE_G": -9999, "SOURCE_OF_": 1, "ACCURACY_O": 0, "DATE_CAPTU": null, "CAPTURED_B": null, "DATE_LAST_": null, "UPDATED_BY": null, "MI_PRINX": 0.0, "LGA_CODE": "348", "LGA_NAME": "MONASH", "height": 0 }, "geometry": { "type": "MultiPolygon", "coordinates": [ [ [ [ 145.145894674907282, -37.894302100996235 ], [ 145.145939876547459, -37.894328131464356 ], [ 145.145901707796867, -37.894358164272674 ], [ 145.145923999679013, -37.894377887133601 ], [ 145.145976759528878, -37.894349345619311 ], [ 145.146016500880449, -37.894372496909703 ], [ 145.145958534362336, -37.894436636238623 ], [ 145.14583802290025, -37.894366170877177 ], [ 145.145894674907282, -37.894302100996235 ] ] ] ] } },
{ "type": "Feature", "properties": { "Join_Count": 1, "TARGET_FID": 770667, "BF_FID": 1774731, "PARCEL_VIE": "4658112", "LAND_USE_T": "Residential - R1Z", "FLOOR_LEVE": -9.99, "FLOOD_RISK": -9999, "GROUND_ELE": 118.86, "HEIGHT_AVE": 5.84, "NO_OF_GROU": 0, "NO_ABOVE_G": -9999, "SOURCE_OF_": 1, "ACCURACY_O": 0, "DATE_CAPTU": null, "CAPTURED_B": null, "DATE_LAST_": null, "UPDATED_BY": null, "MI_PRINX": 0.0, "LGA_CODE": "348", "LGA_NAME": "MONASH", "height": 0 }, "geometry": { "type": "MultiPolygon", "coordinates": [ [ [ [ 145.146039497600242, -37.894610814875016 ], [ 145.145947679530366, -37.894701090625766 ], [ 145.145834415871661, -37.894625783922748 ], [ 145.14587162492731, -37.894589158675203 ], [ 145.145932281668081, -37.894630839864774 ], [ 145.145979797336992, -37.894572122129375 ], [ 145.146039497600242, -37.894610814875016 ] ] ] ] } },
{ "type": "Feature", "properties": { "Join_Count": 1, "TARGET_FID": 770668, "BF_FID": 1774732, "PARCEL_VIE": "4658113", "LAND_USE_T": "Residential - R1Z", "FLOOR_LEVE": -9.99, "FLOOD_RISK": -9999, "GROUND_ELE": 119.02, "HEIGHT_AVE": 5.69, "NO_OF_GROU": 0, "NO_ABOVE_G": -9999, "SOURCE_OF_": 1, "ACCURACY_O": 0, "DATE_CAPTU": null, "CAPTURED_B": null, "DATE_LAST_": null, "UPDATED_BY": null, "MI_PRINX": 0.0, "LGA_CODE": "348", "LGA_NAME": "MONASH", "height": 0 }, "geometry": { "type": "MultiPolygon", "coordinates": [ [ [ [ 145.146047282117195, -37.894618235668233 ], [ 145.146116935300938, -37.894667626952035 ], [ 145.146025989157152, -37.894753051068747 ], [ 145.145947679530366, -37.894701090625766 ], [ 145.146047282117195, -37.894618235668233 ] ], [ [ 145.145998009174576, -37.894679718862101 ], [ 145.146023688212296, -37.894687781994953 ], [ 145.146042337435489, -37.894658342624723 ], [ 145.146016059990814, -37.894636754980368 ], [ 145.145977259729676, -37.894673265102767 ], [ 145.145998009174576, -37.894679718862101 ] ] ] ] } },
{ "type": "Feature", "properties": { "Join_Count": 1, "TARGET_FID": 770669, "BF_FID": 1774733, "PARCEL_VIE": "4658114", "LAND_USE_T": "Residential - R1Z", "FLOOR_LEVE": -9.99, "FLOOD_RISK": -9999, "GROUND_ELE": 119.1, "HEIGHT_AVE": 4.61, "NO_OF_GROU": 0, "NO_ABOVE_G": -9999, "SOURCE_OF_": 1, "ACCURACY_O": 0, "DATE_CAPTU": null, "CAPTURED_B": null, "DATE_LAST_": null, "UPDATED_BY": null, "MI_PRINX": 0.0, "LGA_CODE": "348", "LGA_NAME": "MONASH", "height": 0 }, "geometry": { "type": "MultiPolygon", "coordinates": [ [ [ [ 145.145967457320126, -37.894226752357952 ], [ 145.146019577281095, -37.894253612603009 ], [ 145.145984753621406, -37.894292347798547 ], [ 145.146046497770726, -37.894331793547252 ], [ 145.146092174389338, -37.894294040223834 ], [ 145.146148751852422, -37.894333855022914 ], [ 145.146098618727478, -37.894384782944186 ], [ 145.14606292721021, -37.894357190456688 ], [ 145.146017063293442, -37.89437250577069 ], [ 145.145894674907282, -37.894302100996235 ], [ 145.145967457320126, -37.894226752357952 ] ] ] ] } },
{ "type": "Feature", "properties": { "Join_Count": 1, "TARGET_FID": 770670, "BF_FID": 1774734, "PARCEL_VIE": "4658115", "LAND_USE_T": "Residential - R1Z", "FLOOR_LEVE": -9.99, "FLOOD_RISK": -9999, "GROUND_ELE": 119.14, "HEIGHT_AVE": 5.41, "NO_OF_GROU": 0, "NO_ABOVE_G": -9999, "SOURCE_OF_": 1, "ACCURACY_O": 0, "DATE_CAPTU": null, "CAPTURED_B": null, "DATE_LAST_": null, "UPDATED_BY": null, "MI_PRINX": 0.0, "LGA_CODE": "348", "LGA_NAME": "MONASH", "height": 0 }, "geometry": { "type": "MultiPolygon", "coordinates": [ [ [ [ 145.146194472535228, -37.894720476121094 ], [ 145.146164599890625, -37.89474874759491 ], [ 145.146132693701787, -37.894727251501514 ], [ 145.146104963401939, -37.894756097314641 ], [ 145.14613770986216, -37.894774002630101 ], [ 145.146105919521943, -37.894803955787388 ], [ 145.146026270365098, -37.894753055499244 ], [ 145.146120297398653, -37.894664436299067 ], [ 145.146194472535228, -37.894720476121094 ] ] ] ] } },
{ "type": "Feature", "properties": { "Join_Count": 1, "TARGET_FID": 770671, "BF_FID": 1774735, "PARCEL_VIE": "4658116", "LAND_USE_T": "Residential - R1Z", "FLOOR_LEVE": -9.99, "FLOOD_RISK": -9999, "GROUND_ELE": 118.94, "HEIGHT_AVE": 5.12, "NO_OF_GROU": 0, "NO_ABOVE_G": -9999, "SOURCE_OF_": 1, "ACCURACY_O": 0, "DATE_CAPTU": null, "CAPTURED_B": null, "DATE_LAST_": null, "UPDATED_BY": null, "MI_PRINX": 0.0, "LGA_CODE": "348", "LGA_NAME": "MONASH", "height": 0 }, "geometry": { "type": "MultiPolygon", "coordinates": [ [ [ [ 145.146125335804868, -37.894362678710984 ], [ 145.146124996884538, -37.894376188459809 ], [ 145.146159229581798, -37.894372222740259 ], [ 145.14619852156099, -37.894390861860835 ], [ 145.146222092327946, -37.894359607879558 ], [ 145.146278632658948, -37.894397169517262 ], [ 145.146175957569767, -37.894494122067599 ], [ 145.146162481314803, -37.894466879586155 ], [ 145.146095239321141, -37.894429779996813 ], [ 145.146113090016769, -37.894398526020964 ], [ 145.146098618727478, -37.894384782944186 ], [ 145.146125335804868, -37.894362678710984 ] ] ] ] } },
{ "type": "Feature", "properties": { "Join_Count": 1, "TARGET_FID": 770672, "BF_FID": 1774736, "PARCEL_VIE": "4658117", "LAND_USE_T": "Residential - R1Z", "FLOOR_LEVE": -9.99, "FLOOD_RISK": -9999, "GROUND_ELE": 118.94, "HEIGHT_AVE": 5.25, "NO_OF_GROU": 0, "NO_ABOVE_G": -9999, "SOURCE_OF_": 1, "ACCURACY_O": 0, "DATE_CAPTU": null, "CAPTURED_B": null, "DATE_LAST_": null, "UPDATED_BY": null, "MI_PRINX": 0.0, "LGA_CODE": "348", "LGA_NAME": "MONASH", "height": 0 }, "geometry": { "type": "MultiPolygon", "coordinates": [ [ [ [ 145.146201770441536, -37.894713653345853 ], [ 145.146306633516105, -37.894768734935482 ], [ 145.14620097980449, -37.894868523793896 ], [ 145.146105919521943, -37.894803955787388 ], [ 145.14613770986216, -37.894774002630101 ], [ 145.146177235866389, -37.894787059209534 ], [ 145.146155190077366, -37.894757519309252 ], [ 145.146201770441536, -37.894713653345853 ] ] ] ] } },
{ "type": "Feature", "properties": { "Join_Count": 1, "TARGET_FID": 770673, "BF_FID": 1774737, "PARCEL_VIE": "4658118", "LAND_USE_T": "Residential - R1Z", "FLOOR_LEVE": -9.99, "FLOOD_RISK": -9999, "GROUND_ELE": 119.0, "HEIGHT_AVE": 5.28, "NO_OF_GROU": 0, "NO_ABOVE_G": -9999, "SOURCE_OF_": 1, "ACCURACY_O": 0, "DATE_CAPTU": null, "CAPTURED_B": null, "DATE_LAST_": null, "UPDATED_BY": null, "MI_PRINX": 0.0, "LGA_CODE": "348", "LGA_NAME": "MONASH", "height": 0 }, "geometry": { "type": "MultiPolygon", "coordinates": [ [ [ [ 145.146293581411015, -37.894455429785069 ], [ 145.146321493003882, -37.8944828996488 ], [ 145.146265114590108, -37.89453607187486 ], [ 145.146175957569767, -37.894494122067599 ], [ 145.146278632658948, -37.894397169517262 ], [ 145.14631718604889, -37.894422824809546 ], [ 145.146293581411015, -37.894455429785069 ] ] ] ] } },
{ "type": "Feature", "properties": { "Join_Count": 1, "TARGET_FID": 770674, "BF_FID": 1774738, "PARCEL_VIE": "4658119", "LAND_USE_T": "Residential - R1Z", "FLOOR_LEVE": -9.99, "FLOOD_RISK": -9999, "GROUND_ELE": 118.93, "HEIGHT_AVE": 5.06, "NO_OF_GROU": 0, "NO_ABOVE_G": -9999, "SOURCE_OF_": 1, "ACCURACY_O": 0, "DATE_CAPTU": null, "CAPTURED_B": null, "DATE_LAST_": null, "UPDATED_BY": null, "MI_PRINX": 0.0, "LGA_CODE": "348", "LGA_NAME": "MONASH", "height": 0 }, "geometry": { "type": "MultiPolygon", "coordinates": [ [ [ [ 145.146401027173056, -37.894478566264972 ], [ 145.146434600248995, -37.894500899447777 ], [ 145.14642815945669, -37.894529630182738 ], [ 145.146324199359441, -37.894595568017245 ], [ 145.146265114590108, -37.89453607187486 ], [ 145.146321493003882, -37.8944828996488 ], [ 145.146366428448431, -37.894497122584291 ], [ 145.146378428993415, -37.894474786472799 ], [ 145.146401027173056, -37.894478566264972 ] ] ] ] } },
{ "type": "Feature", "properties": { "Join_Count": 1, "TARGET_FID": 771321, "BF_FID": 1775385, "PARCEL_VIE": "1477520", "LAND_USE_T": "Residential - R1Z", "FLOOR_LEVE": -9.99, "FLOOD_RISK": -9999, "GROUND_ELE": 118.94, "HEIGHT_AVE": 3.8, "NO_OF_GROU": 0, "NO_ABOVE_G": -9999, "SOURCE_OF_": 1, "ACCURACY_O": 0, "DATE_CAPTU": null, "CAPTURED_B": null, "DATE_LAST_": null, "UPDATED_BY": null, "MI_PRINX": 0.0, "LGA_CODE": "348", "LGA_NAME": "MONASH", "height": 0 }, "geometry": { "type": "MultiPolygon", "coordinates": [ [ [ [ 145.145709355952732, -37.891679595990816 ], [ 145.145760081723864, -37.891698415417551 ], [ 145.145770745402075, -37.891725613632076 ], [ 145.14582743409315, -37.891731011894706 ], [ 145.14582551341482, -37.891807567158942 ], [ 145.145567088290932, -37.891785024354405 ], [ 145.145576871431928, -37.89170904350221 ], [ 145.145656576435044, -37.891712732237032 ], [ 145.145660521546091, -37.891678826470446 ], [ 145.145709355952732, -37.891679595990816 ] ] ] ] } },
{ "type": "Feature", "properties": { "Join_Count": 1, "TARGET_FID": 771322, "BF_FID": 1775386, "PARCEL_VIE": "1477518", "LAND_USE_T": "Residential - R1Z", "FLOOR_LEVE": -9.99, "FLOOD_RISK": -9999, "GROUND_ELE": 118.58, "HEIGHT_AVE": 3.45, "NO_OF_GROU": 0, "NO_ABOVE_G": -9999, "SOURCE_OF_": 1, "ACCURACY_O": 0, "DATE_CAPTU": null, "CAPTURED_B": null, "DATE_LAST_": null, "UPDATED_BY": null, "MI_PRINX": 0.0, "LGA_CODE": "348", "LGA_NAME": "MONASH", "height": 0 }, "geometry": { "type": "MultiPolygon", "coordinates": [ [ [ [ 145.145813339753118, -37.891388317346475 ], [ 145.145842545551574, -37.891397787590058 ], [ 145.145841393493697, -37.891413807349196 ], [ 145.145875418115168, -37.891414343449242 ], [ 145.145871824049379, -37.891475375044926 ], [ 145.145902088129418, -37.891476302389044 ], [ 145.145895401156537, -37.891514850197971 ], [ 145.145709690137636, -37.891509311082046 ], [ 145.145712329932508, -37.891460157738422 ], [ 145.145752980154185, -37.891461969584846 ], [ 145.145755087717617, -37.891437765726117 ], [ 145.145696944648421, -37.891438020852519 ], [ 145.145702248432713, -37.891391071901708 ], [ 145.145813339753118, -37.891388317346475 ] ] ] ] } },
{ "type": "Feature", "properties": { "Join_Count": 1, "TARGET_FID": 772378, "BF_FID": 1776447, "PARCEL_VIE": "4419980", "LAND_USE_T": "Residential - R1Z", "FLOOR_LEVE": -9.99, "FLOOD_RISK": -9999, "GROUND_ELE": 112.06, "HEIGHT_AVE": 5.78, "NO_OF_GROU": 0, "NO_ABOVE_G": -9999, "SOURCE_OF_": 1, "ACCURACY_O": 0, "DATE_CAPTU": null, "CAPTURED_B": null, "DATE_LAST_": null, "UPDATED_BY": null, "MI_PRINX": 0.0, "LGA_CODE": "348", "LGA_NAME": "MONASH", "height": 0 }, "geometry": { "type": "MultiPolygon", "coordinates": [ [ [ [ 145.149278223294999, -37.897201823064314 ], [ 145.149299902095152, -37.897242348888284 ], [ 145.149355899552376, -37.897279269826072 ], [ 145.149366452500431, -37.897310971001225 ], [ 145.149388293781527, -37.897311314501735 ], [ 145.149292310606114, -37.897354494823816 ], [ 145.149203475929596, -37.89723957087174 ], [ 145.149278223294999, -37.897201823064314 ] ] ] ] } },
{ "type": "Feature", "properties": { "Join_Count": 1, "TARGET_FID": 772379, "BF_FID": 1776448, "PARCEL_VIE": "4708972", "LAND_USE_T": "Residential - R1Z", "FLOOR_LEVE": -9.99, "FLOOD_RISK": -9999, "GROUND_ELE": 110.59, "HEIGHT_AVE": 6.2, "NO_OF_GROU": 0, "NO_ABOVE_G": -9999, "SOURCE_OF_": 1, "ACCURACY_O": 0, "DATE_CAPTU": null, "CAPTURED_B": null, "DATE_LAST_": null, "UPDATED_BY": null, "MI_PRINX": 0.0, "LGA_CODE": "348", "LGA_NAME": "MONASH", "height": 0 }, "geometry": { "type": "MultiPolygon", "coordinates": [ [ [ [ 145.149417747000285, -37.89730727268023 ], [ 145.149450853097363, -37.897348338593275 ], [ 145.149450514748452, -37.897361848360639 ], [ 145.149427736056964, -37.897361490129171 ], [ 145.149432698511021, -37.897391751869407 ], [ 145.149340720993052, -37.897428507982973 ], [ 145.149292310606114, -37.897354494823816 ], [ 145.149391312489456, -37.897306856947537 ], [ 145.149417747000285, -37.89730727268023 ] ] ] ] } },
{ "type": "Feature", "properties": { "Join_Count": 1, "TARGET_FID": 772380, "BF_FID": 1776449, "PARCEL_VIE": "4708973", "LAND_USE_T": "Residential - R1Z", "FLOOR_LEVE": -9.99, "FLOOD_RISK": -9999, "GROUND_ELE": 109.84, "HEIGHT_AVE": 6.09, "NO_OF_GROU": 0, "NO_ABOVE_G": -9999, "SOURCE_OF_": 1, "ACCURACY_O": 0, "DATE_CAPTU": null, "CAPTURED_B": null, "DATE_LAST_": null, "UPDATED_BY": null, "MI_PRINX": 0.0, "LGA_CODE": "348", "LGA_NAME": "MONASH", "height": 0 }, "geometry": { "type": "MultiPolygon", "coordinates": [ [ [ [ 145.149432698511021, -37.897391751869407 ], [ 145.149449274133872, -37.897411384174077 ], [ 145.14949485058952, -37.897407595895075 ], [ 145.149504979560902, -37.897456229301156 ], [ 145.149390080149999, -37.897502085540793 ], [ 145.149340720993052, -37.897428507982973 ], [ 145.149432698511021, -37.897391751869407 ] ] ] ] } },
{ "type": "Feature", "properties": { "Join_Count": 1, "TARGET_FID": 772381, "BF_FID": 1776450, "PARCEL_VIE": "4708974", "LAND_USE_T": "Residential - R1Z", "FLOOR_LEVE": -9.99, "FLOOD_RISK": -9999, "GROUND_ELE": 108.7, "HEIGHT_AVE": 5.89, "NO_OF_GROU": 0, "NO_ABOVE_G": -9999, "SOURCE_OF_": 1, "ACCURACY_O": 0, "DATE_CAPTU": null, "CAPTURED_B": null, "DATE_LAST_": null, "UPDATED_BY": null, "MI_PRINX": 0.0, "LGA_CODE": "348", "LGA_NAME": "MONASH", "height": 0 }, "geometry": { "type": "MultiPolygon", "coordinates": [ [ [ [ 145.149481948209115, -37.897465958372429 ], [ 145.149486874600655, -37.897497661152464 ], [ 145.149549286168593, -37.897503147663251 ], [ 145.149570937142329, -37.897548538432005 ], [ 145.149445960099314, -37.897596128360462 ], [ 145.149390080149999, -37.897502085540793 ], [ 145.149481948209115, -37.897465958372429 ] ] ] ] } },
{ "type": "Feature", "properties": { "Join_Count": 1, "TARGET_FID": 772382, "BF_FID": 1776451, "PARCEL_VIE": "4708975", "LAND_USE_T": "Residential - R1Z", "FLOOR_LEVE": -9.99, "FLOOD_RISK": -9999, "GROUND_ELE": 107.95, "HEIGHT_AVE": 5.91, "NO_OF_GROU": 0, "NO_ABOVE_G": -9999, "SOURCE_OF_": 1, "ACCURACY_O": 0, "DATE_CAPTU": null, "CAPTURED_B": null, "DATE_LAST_": null, "UPDATED_BY": null, "MI_PRINX": 0.0, "LGA_CODE": "348", "LGA_NAME": "MONASH", "height": 0 }, "geometry": { "type": "MultiPolygon", "coordinates": [ [ [ [ 145.149576561525265, -37.897548626878155 ], [ 145.14959843807793, -37.897585011130388 ], [ 145.149574418775131, -37.897634188740795 ], [ 145.149602321221607, -37.897654629847587 ], [ 145.149506678571498, -37.897691688854145 ], [ 145.149450258594612, -37.89759673656453 ], [ 145.149576561525265, -37.897548626878155 ] ] ] ] } },
{ "type": "Feature", "properties": { "Join_Count": 1, "TARGET_FID": 772383, "BF_FID": 1776452, "PARCEL_VIE": "4708976", "LAND_USE_T": "Residential - R1Z", "FLOOR_LEVE": -9.99, "FLOOD_RISK": -9999, "GROUND_ELE": 110.52, "HEIGHT_AVE": 5.99, "NO_OF_GROU": 0, "NO_ABOVE_G": -9999, "SOURCE_OF_": 1, "ACCURACY_O": 0, "DATE_CAPTU": null, "CAPTURED_B": null, "DATE_LAST_": null, "UPDATED_BY": null, "MI_PRINX": 0.0, "LGA_CODE": "348", "LGA_NAME": "MONASH", "height": 0 }, "geometry": { "type": "MultiPolygon", "coordinates": [ [ [ [ 145.149539332808615, -37.897219084178722 ], [ 145.149489177891411, -37.897285870888709 ], [ 145.149413206372202, -37.897260168762699 ], [ 145.149495449627267, -37.897132798512445 ], [ 145.149540862062622, -37.897158020025358 ], [ 145.149512240359599, -37.89720000730437 ], [ 145.149539332808615, -37.897219084178722 ] ] ] ] } },
{ "type": "Feature", "properties": { "Join_Count": 1, "TARGET_FID": 772384, "BF_FID": 1776453, "PARCEL_VIE": "4708977", "LAND_USE_T": "Residential - R1Z", "FLOOR_LEVE": -9.99, "FLOOD_RISK": -9999, "GROUND_ELE": 108.05, "HEIGHT_AVE": 4.82, "NO_OF_GROU": 0, "NO_ABOVE_G": -9999, "SOURCE_OF_": 1, "ACCURACY_O": 0, "DATE_CAPTU": null, "CAPTURED_B": null, "DATE_LAST_": null, "UPDATED_BY": null, "MI_PRINX": 0.0, "LGA_CODE": "348", "LGA_NAME": "MONASH", "height": 0 }, "geometry": { "type": "MultiPolygon", "coordinates": [ [ [ [ 145.149615647069538, -37.89735093011079 ], [ 145.14967659252568, -37.897414958882877 ], [ 145.149675690369321, -37.897450984933315 ], [ 145.149720477472869, -37.897478719361722 ], [ 145.149720067000715, -37.897495111214944 ], [ 145.149661622928306, -37.897518429270868 ], [ 145.149645780922214, -37.897518180158464 ], [ 145.149569003794085, -37.897397319240198 ], [ 145.149569732326057, -37.89736822820597 ], [ 145.149549426946322, -37.897366467282616 ], [ 145.149547948138689, -37.897354370548221 ], [ 145.149615647069538, -37.89735093011079 ] ] ] ] } },
{ "type": "Feature", "properties": { "Join_Count": 1, "TARGET_FID": 772385, "BF_FID": 1776454, "PARCEL_VIE": "4708978", "LAND_USE_T": "Residential - R1Z", "FLOOR_LEVE": -9.99, "FLOOD_RISK": -9999, "GROUND_ELE": 106.62, "HEIGHT_AVE": 6.1, "NO_OF_GROU": 0, "NO_ABOVE_G": -9999, "SOURCE_OF_": 1, "ACCURACY_O": 0, "DATE_CAPTU": null, "CAPTURED_B": null, "DATE_LAST_": null, "UPDATED_BY": null, "MI_PRINX": 0.0, "LGA_CODE": "348", "LGA_NAME": "MONASH", "height": 0 }, "geometry": { "type": "MultiPolygon", "coordinates": [ [ [ [ 145.149602321221607, -37.897654629847587 ], [ 145.149613356007052, -37.897670841276444 ], [ 145.149678973919436, -37.897671873110681 ], [ 145.14968037944837, -37.897716855405328 ], [ 145.149554493110458, -37.897767044064395 ], [ 145.149509397028396, -37.89769173160478 ], [ 145.149602321221607, -37.897654629847587 ] ] ] ] } },
{ "type": "Feature", "properties": { "Join_Count": 1, "TARGET_FID": 772386, "BF_FID": 1776455, "PARCEL_VIE": "4708979", "LAND_USE_T": "Residential - R1Z", "FLOOR_LEVE": -9.99, "FLOOD_RISK": -9999, "GROUND_ELE": 105.34, "HEIGHT_AVE": 6.46, "NO_OF_GROU": 0, "NO_ABOVE_G": -9999, "SOURCE_OF_": 1, "ACCURACY_O": 0, "DATE_CAPTU": null, "CAPTURED_B": null, "DATE_LAST_": null, "UPDATED_BY": null, "MI_PRINX": 0.0, "LGA_CODE": "348", "LGA_NAME": "MONASH", "height": 0 }, "geometry": { "type": "MultiPolygon", "coordinates": [ [ [ [ 145.14968037944837, -37.897716855405328 ], [ 145.149713596381872, -37.897753508059296 ], [ 145.149713032538756, -37.897776024340018 ], [ 145.149690347456243, -37.89777566763005 ], [ 145.149698576139542, -37.8978028271979 ], [ 145.149603377229312, -37.897840884364818 ], [ 145.149554493110458, -37.897767044064395 ], [ 145.14968037944837, -37.897716855405328 ] ] ] ] } },
{ "type": "Feature", "properties": { "Join_Count": 1, "TARGET_FID": 772387, "BF_FID": 1776456, "PARCEL_VIE": "4708980", "LAND_USE_T": "Residential - R1Z", "FLOOR_LEVE": -9.99, "FLOOD_RISK": -9999, "GROUND_ELE": 104.31, "HEIGHT_AVE": 6.43, "NO_OF_GROU": 0, "NO_ABOVE_G": -9999, "SOURCE_OF_": 1, "ACCURACY_O": 0, "DATE_CAPTU": null, "CAPTURED_B": null, "DATE_LAST_": null, "UPDATED_BY": null, "MI_PRINX": 0.0, "LGA_CODE": "348", "LGA_NAME": "MONASH", "height": 0 }, "geometry": { "type": "MultiPolygon", "coordinates": [ [ [ [ 145.149701013380707, -37.897802865522181 ], [ 145.149706280446509, -37.897820968460977 ], [ 145.149746026235846, -37.897821593432795 ], [ 145.149767902948611, -37.897857977656187 ], [ 145.149790560993921, -37.897859415133354 ], [ 145.14965273691098, -37.897914461821507 ], [ 145.149603377229312, -37.897840884364818 ], [ 145.149701013380707, -37.897802865522181 ] ] ] ] } },
{ "type": "Feature", "properties": { "Join_Count": 1, "TARGET_FID": 772967, "BF_FID": 1777036, "PARCEL_VIE": "1477423", "LAND_USE_T": "Residential - R1Z", "FLOOR_LEVE": -9.99, "FLOOD_RISK": -9999, "GROUND_ELE": 116.13, "HEIGHT_AVE": 4.15, "NO_OF_GROU": 0, "NO_ABOVE_G": -9999, "SOURCE_OF_": 1, "ACCURACY_O": 0, "DATE_CAPTU": null, "CAPTURED_B": null, "DATE_LAST_": null, "UPDATED_BY": null, "MI_PRINX": 0.0, "LGA_CODE": "348", "LGA_NAME": "MONASH", "height": 0 }, "geometry": { "type": "MultiPolygon", "coordinates": [ [ [ [ 145.146336808500195, -37.890918940810309 ], [ 145.146250388394606, -37.890917579480231 ], [ 145.146249618964077, -37.890768811205064 ], [ 145.146345963054301, -37.8907782577134 ], [ 145.146336808500195, -37.890918940810309 ] ] ] ] } },
{ "type": "Feature", "properties": { "Join_Count": 1, "TARGET_FID": 772968, "BF_FID": 1777037, "PARCEL_VIE": "1477425", "LAND_USE_T": "Residential - R1Z", "FLOOR_LEVE": -9.99, "FLOOD_RISK": -9999, "GROUND_ELE": 116.09, "HEIGHT_AVE": 4.28, "NO_OF_GROU": 0, "NO_ABOVE_G": -9999, "SOURCE_OF_": 1, "ACCURACY_O": 0, "DATE_CAPTU": null, "CAPTURED_B": null, "DATE_LAST_": null, "UPDATED_BY": null, "MI_PRINX": 0.0, "LGA_CODE": "348", "LGA_NAME": "MONASH", "height": 0 }, "geometry": { "type": "MultiPolygon", "coordinates": [ [ [ [ 145.146648221701525, -37.890742833617175 ], [ 145.146669367629272, -37.890748392489009 ], [ 145.146667275081654, -37.890783228482547 ], [ 145.146716296386529, -37.89078400052226 ], [ 145.14669797381606, -37.890920124336631 ], [ 145.146677915348448, -37.890919808433488 ], [ 145.146665444612722, -37.89096466234998 ], [ 145.146597208291752, -37.890963587654959 ], [ 145.146575145329905, -37.890949725067394 ], [ 145.146612581362632, -37.890743173303214 ], [ 145.146648221701525, -37.890742833617175 ] ] ] ] } },
{ "type": "Feature", "properties": { "Join_Count": 1, "TARGET_FID": 773176, "BF_FID": 1777248, "PARCEL_VIE": "4096859", "LAND_USE_T": "Residential - R1Z", "FLOOR_LEVE": -9.99, "FLOOD_RISK": -9999, "GROUND_ELE": 117.84, "HEIGHT_AVE": 3.17, "NO_OF_GROU": 0, "NO_ABOVE_G": -9999, "SOURCE_OF_": 1, "ACCURACY_O": 0, "DATE_CAPTU": null, "CAPTURED_B": null, "DATE_LAST_": null, "UPDATED_BY": null, "MI_PRINX": 0.0, "LGA_CODE": "348", "LGA_NAME": "MONASH", "height": 0 }, "geometry": { "type": "MultiPolygon", "coordinates": [ [ [ [ 145.147924383070574, -37.895263542075057 ], [ 145.147955204979155, -37.895302139736593 ], [ 145.147983029952115, -37.895291945798213 ], [ 145.148013891466121, -37.895332706482357 ], [ 145.14790256546766, -37.895370778795474 ], [ 145.14786987914357, -37.895342963846929 ], [ 145.147814488835621, -37.895360472530214 ], [ 145.147835524786387, -37.895396663674617 ], [ 145.147770313549614, -37.895416900973913 ], [ 145.147727387698609, -37.895326214795986 ], [ 145.147754506886116, -37.895317992015578 ], [ 145.147752507696737, -37.895300481031342 ], [ 145.147846349070164, -37.895271594218123 ], [ 145.147854082025674, -37.895288564745357 ], [ 145.147924383070574, -37.895263542075057 ] ] ] ] } },
{ "type": "Feature", "properties": { "Join_Count": 1, "TARGET_FID": 773177, "BF_FID": 1777249, "PARCEL_VIE": "4096860", "LAND_USE_T": "Residential - R1Z", "FLOOR_LEVE": -9.99, "FLOOD_RISK": -9999, "GROUND_ELE": 117.61, "HEIGHT_AVE": 6.21, "NO_OF_GROU": 0, "NO_ABOVE_G": -9999, "SOURCE_OF_": 1, "ACCURACY_O": 0, "DATE_CAPTU": null, "CAPTURED_B": null, "DATE_LAST_": null, "UPDATED_BY": null, "MI_PRINX": 0.0, "LGA_CODE": "348", "LGA_NAME": "MONASH", "height": 0 }, "geometry": { "type": "MultiPolygon", "coordinates": [ [ [ [ 145.147981703382584, -37.8953897741699 ], [ 145.147996171654768, -37.895392434597355 ], [ 145.148036232657603, -37.895481453781542 ], [ 145.147888418114519, -37.895534899610837 ], [ 145.14784426982601, -37.895425633511699 ], [ 145.147981703382584, -37.8953897741699 ] ] ] ] } },
{ "type": "Feature", "properties": { "Join_Count": 1, "TARGET_FID": 773178, "BF_FID": 1777250, "PARCEL_VIE": "4096861", "LAND_USE_T": "Residential - R1Z", "FLOOR_LEVE": -9.99, "FLOOD_RISK": -9999, "GROUND_ELE": 117.68, "HEIGHT_AVE": 3.76, "NO_OF_GROU": 0, "NO_ABOVE_G": -9999, "SOURCE_OF_": 1, "ACCURACY_O": 0, "DATE_CAPTU": null, "CAPTURED_B": null, "DATE_LAST_": null, "UPDATED_BY": null, "MI_PRINX": 0.0, "LGA_CODE": "348", "LGA_NAME": "MONASH", "height": 0 }, "geometry": { "type": "MultiPolygon", "coordinates": [ [ [ [ 145.14818674373322, -37.895601043348925 ], [ 145.148133795245627, -37.895633367105546 ], [ 145.148114204168849, -37.895633058789954 ], [ 145.148096506569573, -37.895605840191983 ], [ 145.148030028158132, -37.895631734028505 ], [ 145.148021641347867, -37.895622141471144 ], [ 145.147990719599335, -37.89563616100336 ], [ 145.148010471544836, -37.895667466475963 ], [ 145.147931314870419, -37.89569784594854 ], [ 145.14786450934406, -37.895602098740873 ], [ 145.148109228163207, -37.895502334613397 ], [ 145.14818674373322, -37.895601043348925 ] ] ] ] } },
{ "type": "Feature", "properties": { "Join_Count": 1, "TARGET_FID": 773179, "BF_FID": 1777251, "PARCEL_VIE": "4096862", "LAND_USE_T": "Residential - R1Z", "FLOOR_LEVE": -9.99, "FLOOD_RISK": -9999, "GROUND_ELE": 117.8, "HEIGHT_AVE": 3.81, "NO_OF_GROU": 0, "NO_ABOVE_G": -9999, "SOURCE_OF_": 1, "ACCURACY_O": 0, "DATE_CAPTU": null, "CAPTURED_B": null, "DATE_LAST_": null, "UPDATED_BY": null, "MI_PRINX": 0.0, "LGA_CODE": "348", "LGA_NAME": "MONASH", "height": 0 }, "geometry": { "type": "MultiPolygon", "coordinates": [ [ [ [ 145.148158801977587, -37.895653312475041 ], [ 145.148247594245447, -37.895739854852678 ], [ 145.147988745626975, -37.895860840814969 ], [ 145.147949787452973, -37.895817610076456 ], [ 145.147987866002268, -37.895798657562288 ], [ 145.147947599938078, -37.895747747688084 ], [ 145.148003259128927, -37.895719521206956 ], [ 145.148024842716467, -37.895737610717219 ], [ 145.14806998881113, -37.895721021922135 ], [ 145.148085005776466, -37.895709274879408 ], [ 145.148073252118166, -37.895688096462393 ], [ 145.148158801977587, -37.895653312475041 ] ] ] ] } },
{ "type": "Feature", "properties": { "Join_Count": 1, "TARGET_FID": 773918, "BF_FID": 1777999, "PARCEL_VIE": "1467894", "LAND_USE_T": "Business - B3Z", "FLOOR_LEVE": -9.99, "FLOOD_RISK": -9999, "GROUND_ELE": 112.32, "HEIGHT_AVE": 6.03, "NO_OF_GROU": 0, "NO_ABOVE_G": -9999, "SOURCE_OF_": 1, "ACCURACY_O": 0, "DATE_CAPTU": null, "CAPTURED_B": null, "DATE_LAST_": null, "UPDATED_BY": null, "MI_PRINX": 0.0, "LGA_CODE": "348", "LGA_NAME": "MONASH", "height": 0 }, "geometry": { "type": "MultiPolygon", "coordinates": [ [ [ [ 145.139792879721853, -37.895871308576808 ], [ 145.139996714288259, -37.895906065877107 ], [ 145.140172713407878, -37.895917857760864 ], [ 145.140153044075248, -37.896021252546753 ], [ 145.140198279973305, -37.896030977558247 ], [ 145.140177592819413, -37.896174811379417 ], [ 145.140120787911457, -37.896173913552538 ], [ 145.140081906807382, -37.896362510024751 ], [ 145.139996832206748, -37.896352155252714 ], [ 145.140010195221862, -37.896275781065974 ], [ 145.139999326007342, -37.896253084138372 ], [ 145.139942521045015, -37.896252186223897 ], [ 145.139924440579136, -37.896292445638636 ], [ 145.139878977839317, -37.89629172698335 ], [ 145.139839459823207, -37.896282092237115 ], [ 145.139825860799505, -37.896237457723466 ], [ 145.139675897350884, -37.89622697793174 ], [ 145.139696057182846, -37.896104129286421 ], [ 145.139668725147317, -37.896094687134863 ], [ 145.139675631324025, -37.896058756124482 ], [ 145.139702908878604, -37.896059187364649 ], [ 145.139735508215381, -37.895892926730966 ], [ 145.139747303876334, -37.895875093109623 ], [ 145.139792879721853, -37.895871308576808 ] ] ] ] } },
{ "type": "Feature", "properties": { "Join_Count": 1, "TARGET_FID": 773919, "BF_FID": 1778000, "PARCEL_VIE": "1467894", "LAND_USE_T": "Business - B3Z", "FLOOR_LEVE": -9.99, "FLOOD_RISK": -9999, "GROUND_ELE": 113.15, "HEIGHT_AVE": 3.97, "NO_OF_GROU": 0, "NO_ABOVE_G": -9999, "SOURCE_OF_": 1, "ACCURACY_O": 0, "DATE_CAPTU": null, "CAPTURED_B": null, "DATE_LAST_": null, "UPDATED_BY": null, "MI_PRINX": 0.0, "LGA_CODE": "348", "LGA_NAME": "MONASH", "height": 0 }, "geometry": { "type": "MultiPolygon", "coordinates": [ [ [ [ 145.139851088570254, -37.895592917231909 ], [ 145.140049431159696, -37.895618577568349 ], [ 145.140045577290778, -37.895771687492463 ], [ 145.140022779596791, -37.89577583216834 ], [ 145.140003357209906, -37.895869409879488 ], [ 145.139753813144011, -37.895843750943072 ], [ 145.139794284120029, -37.895592019259091 ], [ 145.139851088570254, -37.895592917231909 ] ] ] ] } },
{ "type": "Feature", "properties": { "Join_Count": 1, "TARGET_FID": 773920, "BF_FID": 1778001, "PARCEL_VIE": "1467895", "LAND_USE_T": "Business - B3Z", "FLOOR_LEVE": -9.99, "FLOOD_RISK": -9999, "GROUND_ELE": 113.01, "HEIGHT_AVE": 3.21, "NO_OF_GROU": 0, "NO_ABOVE_G": -9999, "SOURCE_OF_": 1, "ACCURACY_O": 0, "DATE_CAPTU": null, "CAPTURED_B": null, "DATE_LAST_": null, "UPDATED_BY": null, "MI_PRINX": 0.0, "LGA_CODE": "348", "LGA_NAME": "MONASH", "height": 0 }, "geometry": { "type": "MultiPolygon", "coordinates": [ [ [ [ 145.140425984503025, -37.896246312366927 ], [ 145.140522287982122, -37.89626134929496 ], [ 145.14053125046911, -37.896356096438367 ], [ 145.140488899199909, -37.896459042749548 ], [ 145.140369590515917, -37.896452652277773 ], [ 145.140397582017243, -37.896245863516128 ], [ 145.140425984503025, -37.896246312366927 ] ] ] ] } },
{ "type": "Feature", "properties": { "Join_Count": 1, "TARGET_FID": 773921, "BF_FID": 1778002, "PARCEL_VIE": "1467895", "LAND_USE_T": "Business - B3Z", "FLOOR_LEVE": -9.99, "FLOOD_RISK": -9999, "GROUND_ELE": 113.44, "HEIGHT_AVE": 4.72, "NO_OF_GROU": 0, "NO_ABOVE_G": -9999, "SOURCE_OF_": 1, "ACCURACY_O": 0, "DATE_CAPTU": null, "CAPTURED_B": null, "DATE_LAST_": null, "UPDATED_BY": null, "MI_PRINX": 0.0, "LGA_CODE": "348", "LGA_NAME": "MONASH", "height": 0 }, "geometry": { "type": "MultiPolygon", "coordinates": [ [ [ [ 145.140356376785149, -37.895848680059721 ], [ 145.140390270421335, -37.895858225747205 ], [ 145.140356199257184, -37.896083028638778 ], [ 145.140263971423792, -37.896073732321405 ], [ 145.140308102195036, -37.895847917135647 ], [ 145.140356376785149, -37.895848680059721 ] ] ] ] } },
{ "type": "Feature", "properties": { "Join_Count": 1, "TARGET_FID": 773922, "BF_FID": 1778003, "PARCEL_VIE": "1467895", "LAND_USE_T": "Business - B3Z", "FLOOR_LEVE": -9.99, "FLOOD_RISK": -9999, "GROUND_ELE": 114.37, "HEIGHT_AVE": 4.11, "NO_OF_GROU": 0, "NO_ABOVE_G": -9999, "SOURCE_OF_": 1, "ACCURACY_O": 0, "DATE_CAPTU": null, "CAPTURED_B": null, "DATE_LAST_": null, "UPDATED_BY": null, "MI_PRINX": 0.0, "LGA_CODE": "348", "LGA_NAME": "MONASH", "height": 0 }, "geometry": { "type": "MultiPolygon", "coordinates": [ [ [ [ 145.140615358093697, -37.895726631922194 ], [ 145.140614224946233, -37.895771664266924 ], [ 145.14048368850311, -37.895760591481512 ], [ 145.140496020713869, -37.895646899330089 ], [ 145.140569269334918, -37.895653913345555 ], [ 145.140568845528634, -37.895670755442296 ], [ 145.140650806357542, -37.895674393156 ], [ 145.140627946713835, -37.895677275564076 ], [ 145.140615358093697, -37.895726631922194 ] ] ] ] } },
{ "type": "Feature", "properties": { "Join_Count": 1, "TARGET_FID": 773924, "BF_FID": 1778005, "PARCEL_VIE": "4758450", "LAND_USE_T": "Business - B3Z", "FLOOR_LEVE": -9.99, "FLOOD_RISK": -9999, "GROUND_ELE": 108.28, "HEIGHT_AVE": 7.05, "NO_OF_GROU": 0, "NO_ABOVE_G": -9999, "SOURCE_OF_": 1, "ACCURACY_O": 0, "DATE_CAPTU": null, "CAPTURED_B": null, "DATE_LAST_": null, "UPDATED_BY": null, "MI_PRINX": 0.0, "LGA_CODE": "348", "LGA_NAME": "MONASH", "height": 0 }, "geometry": { "type": "MultiPolygon", "coordinates": [ [ [ [ 145.138765738823281, -37.897369114815334 ], [ 145.139593455400927, -37.897467799647899 ], [ 145.139560403624245, -37.897651983030109 ], [ 145.139719232858653, -37.897668009186717 ], [ 145.139717418821391, -37.897740060877602 ], [ 145.139729417469084, -37.897740250567601 ], [ 145.139675358765743, -37.898054837634803 ], [ 145.139590035875273, -37.898057993694387 ], [ 145.139549902674844, -37.898296215464981 ], [ 145.139277365402847, -37.898278391040201 ], [ 145.139084961011775, -37.898243813207124 ], [ 145.13890301160788, -37.898240935576311 ], [ 145.138886291213765, -37.898227156053252 ], [ 145.138727554749721, -37.898211130229456 ], [ 145.138728010777328, -37.898193027253853 ], [ 145.138687715259209, -37.898210500048968 ], [ 145.138682566601886, -37.898187803395622 ], [ 145.138665599671583, -37.898187535008176 ], [ 145.138691234223586, -37.89807080992535 ], [ 145.138748040543163, -37.898071708480025 ], [ 145.138760043985144, -37.898049373234095 ], [ 145.138760838044362, -37.898017850638276 ], [ 145.138630298009446, -37.898006775703543 ], [ 145.138633474455332, -37.897880685327536 ], [ 145.138647085805559, -37.897790800192254 ], [ 145.138664259825958, -37.897786566834881 ], [ 145.13866033935912, -37.897718839383302 ], [ 145.138690670861195, -37.897642733790917 ], [ 145.138720275451135, -37.897368395695317 ], [ 145.138765738823281, -37.897369114815334 ] ] ] ] } },
{ "type": "Feature", "properties": { "Join_Count": 1, "TARGET_FID": 773925, "BF_FID": 1778006, "PARCEL_VIE": "4758451", "LAND_USE_T": "Business - B3Z", "FLOOR_LEVE": -9.99, "FLOOD_RISK": -9999, "GROUND_ELE": 108.6, "HEIGHT_AVE": 7.95, "NO_OF_GROU": 0, "NO_ABOVE_G": -9999, "SOURCE_OF_": 1, "ACCURACY_O": 0, "DATE_CAPTU": null, "CAPTURED_B": null, "DATE_LAST_": null, "UPDATED_BY": null, "MI_PRINX": 0.0, "LGA_CODE": "348", "LGA_NAME": "MONASH", "height": 0 }, "geometry": { "type": "MultiPolygon", "coordinates": [ [ [ [ 145.140325649218028, -37.897975016291184 ], [ 145.140524111696863, -37.897996172756741 ], [ 145.140446981741377, -37.898486091512908 ], [ 145.140408805543274, -37.898512518337334 ], [ 145.14022168431444, -37.898491540915437 ], [ 145.140204850260915, -37.898482264803782 ], [ 145.140211494838638, -37.898441824617088 ], [ 145.140195840200136, -37.898441577190901 ], [ 145.140267042261115, -37.897978595064167 ], [ 145.140325649218028, -37.897975016291184 ] ] ] ] } },
{ "type": "Feature", "properties": { "Join_Count": 1, "TARGET_FID": 773926, "BF_FID": 1778007, "PARCEL_VIE": "4758453", "LAND_USE_T": "Business - B3Z", "FLOOR_LEVE": -9.99, "FLOOD_RISK": -9999, "GROUND_ELE": 108.49, "HEIGHT_AVE": 7.69, "NO_OF_GROU": 0, "NO_ABOVE_G": -9999, "SOURCE_OF_": 1, "ACCURACY_O": 0, "DATE_CAPTU": null, "CAPTURED_B": null, "DATE_LAST_": null, "UPDATED_BY": null, "MI_PRINX": 0.0, "LGA_CODE": "348", "LGA_NAME": "MONASH", "height": 0 }, "geometry": { "type": "MultiPolygon", "coordinates": [ [ [ [ 145.140229127115589, -37.898080349947911 ], [ 145.140148065459726, -37.898476772166504 ], [ 145.139870127374849, -37.898449943799037 ], [ 145.139914624289105, -37.898038347512376 ], [ 145.140229127115589, -37.898080349947911 ] ] ] ] } },
{ "type": "Feature", "properties": { "Join_Count": 1, "TARGET_FID": 773927, "BF_FID": 1778008, "PARCEL_VIE": "4758454", "LAND_USE_T": "Business - B3Z", "FLOOR_LEVE": -9.99, "FLOOD_RISK": -9999, "GROUND_ELE": 110.07, "HEIGHT_AVE": 7.11, "NO_OF_GROU": 0, "NO_ABOVE_G": -9999, "SOURCE_OF_": 1, "ACCURACY_O": 0, "DATE_CAPTU": null, "CAPTURED_B": null, "DATE_LAST_": null, "UPDATED_BY": null, "MI_PRINX": 0.0, "LGA_CODE": "348", "LGA_NAME": "MONASH", "height": 0 }, "geometry": { "type": "MultiPolygon", "coordinates": [ [ [ [ 145.14004511220935, -37.89737348650381 ], [ 145.140358773852967, -37.897407816731715 ], [ 145.140324529262557, -37.897564951358021 ], [ 145.140267609938235, -37.897568556806469 ], [ 145.14024526507481, -37.897554688581444 ], [ 145.140160690306658, -37.897546774527846 ], [ 145.140145493973421, -37.897625192050093 ], [ 145.139902365823161, -37.897597742671799 ], [ 145.139917991777907, -37.897517169563358 ], [ 145.139805150181388, -37.897503402392807 ], [ 145.139820988636842, -37.897421841551179 ], [ 145.13985668798594, -37.897404385802126 ], [ 145.139896433329369, -37.89740501409387 ], [ 145.139912927009533, -37.897427799938029 ], [ 145.139981169038919, -37.897428878662836 ], [ 145.139998569624197, -37.897415638643011 ], [ 145.139993871776682, -37.897375019173161 ], [ 145.14004511220935, -37.89737348650381 ] ] ] ] } },
{ "type": "Feature", "properties": { "Join_Count": 1, "TARGET_FID": 773928, "BF_FID": 1778009, "PARCEL_VIE": "4758455", "LAND_USE_T": "Business - B3Z", "FLOOR_LEVE": -9.99, "FLOOD_RISK": -9999, "GROUND_ELE": 108.65, "HEIGHT_AVE": 7.4, "NO_OF_GROU": 0, "NO_ABOVE_G": -9999, "SOURCE_OF_": 1, "ACCURACY_O": 0, "DATE_CAPTU": null, "CAPTURED_B": null, "DATE_LAST_": null, "UPDATED_BY": null, "MI_PRINX": 0.0, "LGA_CODE": "348", "LGA_NAME": "MONASH", "height": 0 }, "geometry": { "type": "MultiPolygon", "coordinates": [ [ [ [ 145.139993649227534, -37.89783461813655 ], [ 145.140265731730182, -37.897870453792585 ], [ 145.140229127115589, -37.898080349947911 ], [ 145.139914624289105, -37.898038347512376 ], [ 145.139947165261646, -37.897874428563703 ], [ 145.139964225872063, -37.897874698246312 ], [ 145.139971432949835, -37.897834266961802 ], [ 145.139993649227534, -37.89783461813655 ] ] ] ] } },
{ "type": "Feature", "properties": { "Join_Count": 1, "TARGET_FID": 774308, "BF_FID": 1778389, "PARCEL_VIE": "1477554", "LAND_USE_T": "Residential - R1Z", "FLOOR_LEVE": -9.99, "FLOOD_RISK": -9999, "GROUND_ELE": 119.21, "HEIGHT_AVE": 3.43, "NO_OF_GROU": 0, "NO_ABOVE_G": -9999, "SOURCE_OF_": 1, "ACCURACY_O": 0, "DATE_CAPTU": null, "CAPTURED_B": null, "DATE_LAST_": null, "UPDATED_BY": null, "MI_PRINX": 0.0, "LGA_CODE": "348", "LGA_NAME": "MONASH", "height": 0 }, "geometry": { "type": "MultiPolygon", "coordinates": [ [ [ [ 145.147663198111786, -37.893805567568243 ], [ 145.147662200274027, -37.893845376333104 ], [ 145.147497719171895, -37.893838101850783 ], [ 145.147502970904895, -37.893759526690872 ], [ 145.147584707653635, -37.893760813409422 ], [ 145.147596539470214, -37.89374144783028 ], [ 145.147681744390468, -37.89374278907632 ], [ 145.147663198111786, -37.893805567568243 ] ] ] ] } },
{ "type": "Feature", "properties": { "Join_Count": 1, "TARGET_FID": 774309, "BF_FID": 1778390, "PARCEL_VIE": "1477543", "LAND_USE_T": "Residential - R1Z", "FLOOR_LEVE": -9.99, "FLOOD_RISK": -9999, "GROUND_ELE": 119.3, "HEIGHT_AVE": 4.99, "NO_OF_GROU": 0, "NO_ABOVE_G": -9999, "SOURCE_OF_": 1, "ACCURACY_O": 0, "DATE_CAPTU": null, "CAPTURED_B": null, "DATE_LAST_": null, "UPDATED_BY": null, "MI_PRINX": 0.0, "LGA_CODE": "348", "LGA_NAME": "MONASH", "height": 0 }, "geometry": { "type": "MultiPolygon", "coordinates": [ [ [ [ 145.147953735454593, -37.894010073892822 ], [ 145.147947553933705, -37.894039709806471 ], [ 145.147860783320937, -37.89403347867303 ], [ 145.147888065068003, -37.89390650580134 ], [ 145.147974845630387, -37.893908592441406 ], [ 145.147953735454593, -37.894010073892822 ] ] ] ] } },
{ "type": "Feature", "properties": { "Join_Count": 1, "TARGET_FID": 774310, "BF_FID": 1778391, "PARCEL_VIE": "1477545", "LAND_USE_T": "Residential - R1Z", "FLOOR_LEVE": -9.99, "FLOOD_RISK": -9999, "GROUND_ELE": 119.62, "HEIGHT_AVE": 3.34, "NO_OF_GROU": 0, "NO_ABOVE_G": -9999, "SOURCE_OF_": 1, "ACCURACY_O": 0, "DATE_CAPTU": null, "CAPTURED_B": null, "DATE_LAST_": null, "UPDATED_BY": null, "MI_PRINX": 0.0, "LGA_CODE": "348", "LGA_NAME": "MONASH", "height": 0 }, "geometry": { "type": "MultiPolygon", "coordinates": [ [ [ [ 145.148125616931623, -37.893501277738856 ], [ 145.148168341811896, -37.893502670908013 ], [ 145.14817024609664, -37.893572618961159 ], [ 145.148214884078271, -37.893572510509422 ], [ 145.148214019700816, -37.893607005446775 ], [ 145.148207855027238, -37.893624748359983 ], [ 145.148078693720123, -37.893652448939719 ], [ 145.148083755054188, -37.893510349808295 ], [ 145.148125616931623, -37.893501277738856 ] ] ] ] } },
{ "type": "Feature", "properties": { "Join_Count": 1, "TARGET_FID": 775136, "BF_FID": 1779222, "PARCEL_VIE": "4795713", "LAND_USE_T": "Residential - R1Z", "FLOOR_LEVE": -9.99, "FLOOD_RISK": -9999, "GROUND_ELE": 108.77, "HEIGHT_AVE": 3.56, "NO_OF_GROU": 0, "NO_ABOVE_G": -9999, "SOURCE_OF_": 1, "ACCURACY_O": 0, "DATE_CAPTU": null, "CAPTURED_B": null, "DATE_LAST_": null, "UPDATED_BY": null, "MI_PRINX": 0.0, "LGA_CODE": "348", "LGA_NAME": "MONASH", "height": 0 }, "geometry": { "type": "MultiPolygon", "coordinates": [ [ [ [ 145.144931165805872, -37.896632863929639 ], [ 145.145067215909421, -37.896648523740893 ], [ 145.145078219108484, -37.896662212272972 ], [ 145.145071257551649, -37.896711657832533 ], [ 145.144986049335216, -37.896710314608235 ], [ 145.144979313816975, -37.896750753670517 ], [ 145.145024550870403, -37.89676047685321 ], [ 145.145024098669325, -37.896778489833032 ], [ 145.145017569953495, -37.896814427130252 ], [ 145.144972106761173, -37.896813710433705 ], [ 145.144965592809712, -37.896845323134379 ], [ 145.14486904557009, -37.896839926745088 ], [ 145.144858495656706, -37.896811919354505 ], [ 145.144885382872786, -37.896641152214222 ], [ 145.144931165805872, -37.896632863929639 ] ] ] ] } },
{ "type": "Feature", "properties": { "Join_Count": 1, "TARGET_FID": 775137, "BF_FID": 1779223, "PARCEL_VIE": "4795714", "LAND_USE_T": "Residential - R1Z", "FLOOR_LEVE": -9.99, "FLOOD_RISK": -9999, "GROUND_ELE": 108.06, "HEIGHT_AVE": 4.24, "NO_OF_GROU": 0, "NO_ABOVE_G": -9999, "SOURCE_OF_": 1, "ACCURACY_O": 0, "DATE_CAPTU": null, "CAPTURED_B": null, "DATE_LAST_": null, "UPDATED_BY": null, "MI_PRINX": 0.0, "LGA_CODE": "348", "LGA_NAME": "MONASH", "height": 0 }, "geometry": { "type": "MultiPolygon", "coordinates": [ [ [ [ 145.144642424833279, -37.896663000326924 ], [ 145.144627888379603, -37.896745213117363 ], [ 145.144530532833983, -37.896734667976112 ], [ 145.144531324394791, -37.89670314526996 ], [ 145.144514340905658, -37.896699814050571 ], [ 145.144543953579472, -37.896652077203896 ], [ 145.144642424833279, -37.896663000326924 ] ] ] ] } },
{ "type": "Feature", "properties": { "Join_Count": 1, "TARGET_FID": 775138, "BF_FID": 1779224, "PARCEL_VIE": "4795715", "LAND_USE_T": "Residential - R1Z", "FLOOR_LEVE": -9.99, "FLOOD_RISK": -9999, "GROUND_ELE": 108.34, "HEIGHT_AVE": 4.14, "NO_OF_GROU": 0, "NO_ABOVE_G": -9999, "SOURCE_OF_": 1, "ACCURACY_O": 0, "DATE_CAPTU": null, "CAPTURED_B": null, "DATE_LAST_": null, "UPDATED_BY": null, "MI_PRINX": 0.0, "LGA_CODE": "348", "LGA_NAME": "MONASH", "height": 0 }, "geometry": { "type": "MultiPolygon", "coordinates": [ [ [ [ 145.144591348000546, -37.896575878656229 ], [ 145.14464774279665, -37.896596860280603 ], [ 145.144642424833279, -37.896663000326924 ], [ 145.144543953579472, -37.896652077203896 ], [ 145.144557155934336, -37.896581916859517 ], [ 145.144591348000546, -37.896575878656229 ] ] ] ] } },
{ "type": "Feature", "properties": { "Join_Count": 1, "TARGET_FID": 775139, "BF_FID": 1779225, "PARCEL_VIE": "4795716", "LAND_USE_T": "Common", "FLOOR_LEVE": -9.99, "FLOOD_RISK": -9999, "GROUND_ELE": 108.1, "HEIGHT_AVE": 3.14, "NO_OF_GROU": 0, "NO_ABOVE_G": -9999, "SOURCE_OF_": 1, "ACCURACY_O": 0, "DATE_CAPTU": null, "CAPTURED_B": null, "DATE_LAST_": null, "UPDATED_BY": null, "MI_PRINX": 0.0, "LGA_CODE": "348", "LGA_NAME": "MONASH", "height": 0 }, "geometry": { "type": "MultiPolygon", "coordinates": [ [ [ [ 145.144664577014737, -37.89660613576261 ], [ 145.144674562492497, -37.896660353527821 ], [ 145.144655579886319, -37.896736639684413 ], [ 145.144627888379603, -37.896745213117363 ], [ 145.1446524847793, -37.896605945102451 ], [ 145.144664577014737, -37.89660613576261 ] ] ] ] } },
{ "type": "Feature", "properties": { "Join_Count": 1, "TARGET_FID": 775140, "BF_FID": 1779226, "PARCEL_VIE": "4795717", "LAND_USE_T": "Residential - R1Z", "FLOOR_LEVE": -9.99, "FLOOD_RISK": -9999, "GROUND_ELE": 108.27, "HEIGHT_AVE": 4.37, "NO_OF_GROU": 0, "NO_ABOVE_G": -9999, "SOURCE_OF_": 1, "ACCURACY_O": 0, "DATE_CAPTU": null, "CAPTURED_B": null, "DATE_LAST_": null, "UPDATED_BY": null, "MI_PRINX": 0.0, "LGA_CODE": "348", "LGA_NAME": "MONASH", "height": 0 }, "geometry": { "type": "MultiPolygon", "coordinates": [ [ [ [ 145.144802953135923, -37.896756983363368 ], [ 145.144700590743582, -37.896755369478569 ], [ 145.144707510459426, -37.896677721815514 ], [ 145.144816652329922, -37.896681965392581 ], [ 145.144802953135923, -37.896756983363368 ] ] ] ] } },
{ "type": "Feature", "properties": { "Join_Count": 1, "TARGET_FID": 775141, "BF_FID": 1779227, "PARCEL_VIE": "4795718", "LAND_USE_T": "Residential - R1Z", "FLOOR_LEVE": -9.99, "FLOOD_RISK": -9999, "GROUND_ELE": 108.46, "HEIGHT_AVE": 4.08, "NO_OF_GROU": 0, "NO_ABOVE_G": -9999, "SOURCE_OF_": 1, "ACCURACY_O": 0, "DATE_CAPTU": null, "CAPTURED_B": null, "DATE_LAST_": null, "UPDATED_BY": null, "MI_PRINX": 0.0, "LGA_CODE": "348", "LGA_NAME": "MONASH", "height": 0 }, "geometry": { "type": "MultiPolygon", "coordinates": [ [ [ [ 145.144761014360114, -37.896612161287877 ], [ 145.144777622467103, -37.896630443243005 ], [ 145.144810993301064, -37.896630969367742 ], [ 145.144813193055484, -37.896681550452065 ], [ 145.144714065577489, -37.896670617125118 ], [ 145.144712645412483, -37.896611398679276 ], [ 145.144761014360114, -37.896612161287877 ] ] ] ] } },
{ "type": "Feature", "properties": { "Join_Count": 1, "TARGET_FID": 775285, "BF_FID": 1779371, "PARCEL_VIE": "4798979", "LAND_USE_T": "Residential - R1Z", "FLOOR_LEVE": -9.99, "FLOOD_RISK": -9999, "GROUND_ELE": 118.88, "HEIGHT_AVE": 5.88, "NO_OF_GROU": 0, "NO_ABOVE_G": -9999, "SOURCE_OF_": 1, "ACCURACY_O": 0, "DATE_CAPTU": null, "CAPTURED_B": null, "DATE_LAST_": null, "UPDATED_BY": null, "MI_PRINX": 0.0, "LGA_CODE": "348", "LGA_NAME": "MONASH", "height": 0 }, "geometry": { "type": "MultiPolygon", "coordinates": [ [ [ [ 145.146267636813121, -37.894805602461567 ], [ 145.146324920611221, -37.894843446091969 ], [ 145.146300133413376, -37.894874590827456 ], [ 145.146378811727033, -37.89491187045116 ], [ 145.146334330787539, -37.894958022069346 ], [ 145.14620097980449, -37.894868523793896 ], [ 145.146267636813121, -37.894805602461567 ] ] ] ] } },
{ "type": "Feature", "properties": { "Join_Count": 1, "TARGET_FID": 775286, "BF_FID": 1779372, "PARCEL_VIE": "4798980", "LAND_USE_T": "Residential - R1Z", "FLOOR_LEVE": -9.99, "FLOOD_RISK": -9999, "GROUND_ELE": 118.88, "HEIGHT_AVE": 5.78, "NO_OF_GROU": 0, "NO_ABOVE_G": -9999, "SOURCE_OF_": 1, "ACCURACY_O": 0, "DATE_CAPTU": null, "CAPTURED_B": null, "DATE_LAST_": null, "UPDATED_BY": null, "MI_PRINX": 0.0, "LGA_CODE": "348", "LGA_NAME": "MONASH", "height": 0 }, "geometry": { "type": "MultiPolygon", "coordinates": [ [ [ [ 145.14638354457594, -37.89475309767198 ], [ 145.146448754150128, -37.894796472126195 ], [ 145.146381266161967, -37.894847667397116 ], [ 145.146339827002748, -37.894828634109892 ], [ 145.146324268976969, -37.894843255625773 ], [ 145.146267636813121, -37.894805602461567 ], [ 145.146313645690725, -37.894762087853366 ], [ 145.146357362732857, -37.894776291600166 ], [ 145.14638354457594, -37.89475309767198 ] ] ] ] } },
{ "type": "Feature", "properties": { "Join_Count": 1, "TARGET_FID": 775287, "BF_FID": 1779373, "PARCEL_VIE": "4798981", "LAND_USE_T": "Residential - R1Z", "FLOOR_LEVE": -9.99, "FLOOD_RISK": -9999, "GROUND_ELE": 118.76, "HEIGHT_AVE": 5.33, "NO_OF_GROU": 0, "NO_ABOVE_G": -9999, "SOURCE_OF_": 1, "ACCURACY_O": 0, "DATE_CAPTU": null, "CAPTURED_B": null, "DATE_LAST_": null, "UPDATED_BY": null, "MI_PRINX": 0.0, "LGA_CODE": "348", "LGA_NAME": "MONASH", "height": 0 }, "geometry": { "type": "MultiPolygon", "coordinates": [ [ [ [ 145.146475340800777, -37.894917895995171 ], [ 145.146508727736972, -37.894943920349661 ], [ 145.146427856690195, -37.895020223109213 ], [ 145.146334330787539, -37.894958022069346 ], [ 145.146378703285222, -37.894916193570999 ], [ 145.146417878130251, -37.894939516005529 ], [ 145.146464188483236, -37.894910151880026 ], [ 145.146475340800777, -37.894917895995171 ] ] ] ] } },
{ "type": "Feature", "properties": { "Join_Count": 1, "TARGET_FID": 775288, "BF_FID": 1779374, "PARCEL_VIE": "4798982", "LAND_USE_T": "Residential - R1Z", "FLOOR_LEVE": -9.99, "FLOOD_RISK": -9999, "GROUND_ELE": 118.78, "HEIGHT_AVE": 5.92, "NO_OF_GROU": 0, "NO_ABOVE_G": -9999, "SOURCE_OF_": 1, "ACCURACY_O": 0, "DATE_CAPTU": null, "CAPTURED_B": null, "DATE_LAST_": null, "UPDATED_BY": null, "MI_PRINX": 0.0, "LGA_CODE": "348", "LGA_NAME": "MONASH", "height": 0 }, "geometry": { "type": "MultiPolygon", "coordinates": [ [ [ [ 145.146418581838788, -37.894687155348272 ], [ 145.146440814109326, -37.894705525664847 ], [ 145.146503110081767, -37.894715516977072 ], [ 145.146502348785873, -37.894745868884044 ], [ 145.146448754150128, -37.894796472126195 ], [ 145.146349232812952, -37.894730302335297 ], [ 145.146393460612643, -37.894686759637921 ], [ 145.146418581838788, -37.894687155348272 ] ] ] ] } },
{ "type": "Feature", "properties": { "Join_Count": 1, "TARGET_FID": 775289, "BF_FID": 1779375, "PARCEL_VIE": "4798983", "LAND_USE_T": "Residential - R1Z", "FLOOR_LEVE": -9.99, "FLOOD_RISK": -9999, "GROUND_ELE": 118.55, "HEIGHT_AVE": 5.48, "NO_OF_GROU": 0, "NO_ABOVE_G": -9999, "SOURCE_OF_": 1, "ACCURACY_O": 0, "DATE_CAPTU": null, "CAPTURED_B": null, "DATE_LAST_": null, "UPDATED_BY": null, "MI_PRINX": 0.0, "LGA_CODE": "348", "LGA_NAME": "MONASH", "height": 0 }, "geometry": { "type": "MultiPolygon", "coordinates": [ [ [ [ 145.146507496554193, -37.894993005775987 ], [ 145.146521125552397, -37.895002951311618 ], [ 145.146558622436572, -37.894973538427664 ], [ 145.146604018971743, -37.894999301412398 ], [ 145.14652232689258, -37.895082168647718 ], [ 145.146427856690195, -37.895020223109213 ], [ 145.146496817541077, -37.894955175523592 ], [ 145.146478855115419, -37.894972191903044 ], [ 145.146507496554193, -37.894993005775987 ] ] ] ] } },
{ "type": "Feature", "properties": { "Join_Count": 1, "TARGET_FID": 775290, "BF_FID": 1779376, "PARCEL_VIE": "4798984", "LAND_USE_T": "Residential - R1Z", "FLOOR_LEVE": -9.99, "FLOOD_RISK": -9999, "GROUND_ELE": 118.69, "HEIGHT_AVE": 5.97, "NO_OF_GROU": 0, "NO_ABOVE_G": -9999, "SOURCE_OF_": 1, "ACCURACY_O": 0, "DATE_CAPTU": null, "CAPTURED_B": null, "DATE_LAST_": null, "UPDATED_BY": null, "MI_PRINX": 0.0, "LGA_CODE": "348", "LGA_NAME": "MONASH", "height": 0 }, "geometry": { "type": "MultiPolygon", "coordinates": [ [ [ [ 145.146626258650656, -37.894793051046292 ], [ 145.146649962553681, -37.894808831585259 ], [ 145.146562559613841, -37.894891338605781 ], [ 145.146496645180889, -37.894846151099593 ], [ 145.146545637743202, -37.894788357403044 ], [ 145.146569201592939, -37.894802243639802 ], [ 145.146626258650656, -37.894793051046292 ] ] ] ] } },
{ "type": "Feature", "properties": { "Join_Count": 1, "TARGET_FID": 775291, "BF_FID": 1779377, "PARCEL_VIE": "4798985", "LAND_USE_T": "Residential - R1Z", "FLOOR_LEVE": -9.99, "FLOOD_RISK": -9999, "GROUND_ELE": 118.64, "HEIGHT_AVE": 5.54, "NO_OF_GROU": 0, "NO_ABOVE_G": -9999, "SOURCE_OF_": 1, "ACCURACY_O": 0, "DATE_CAPTU": null, "CAPTURED_B": null, "DATE_LAST_": null, "UPDATED_BY": null, "MI_PRINX": 0.0, "LGA_CODE": "348", "LGA_NAME": "MONASH", "height": 0 }, "geometry": { "type": "MultiPolygon", "coordinates": [ [ [ [ 145.146597080085428, -37.895051630662827 ], [ 145.146626859996132, -37.895064443486476 ], [ 145.146654709924434, -37.895038302452427 ], [ 145.146695391472463, -37.895068856573054 ], [ 145.146615002707165, -37.895144626452712 ], [ 145.146522306561224, -37.89508297923274 ], [ 145.146572943580168, -37.895034401689962 ], [ 145.146597080085428, -37.895051630662827 ] ] ] ] } },
{ "type": "Feature", "properties": { "Join_Count": 1, "TARGET_FID": 775292, "BF_FID": 1779378, "PARCEL_VIE": "4798986", "LAND_USE_T": "Residential - R1Z", "FLOOR_LEVE": -9.99, "FLOOD_RISK": -9999, "GROUND_ELE": 118.75, "HEIGHT_AVE": 6.03, "NO_OF_GROU": 0, "NO_ABOVE_G": -9999, "SOURCE_OF_": 1, "ACCURACY_O": 0, "DATE_CAPTU": null, "CAPTURED_B": null, "DATE_LAST_": null, "UPDATED_BY": null, "MI_PRINX": 0.0, "LGA_CODE": "348", "LGA_NAME": "MONASH", "height": 0 }, "geometry": { "type": "MultiPolygon", "coordinates": [ [ [ [ 145.146654206647838, -37.89481160144723 ], [ 145.146687779950497, -37.894833934562541 ], [ 145.146669773521154, -37.894871403112838 ], [ 145.146692110939995, -37.894889324535725 ], [ 145.146644758265069, -37.894934079536043 ], [ 145.146626385961298, -37.894933790170178 ], [ 145.146562559613841, -37.894891338605781 ], [ 145.146654206647838, -37.89481160144723 ] ] ] ] } },
{ "type": "Feature", "properties": { "Join_Count": 1, "TARGET_FID": 775293, "BF_FID": 1779379, "PARCEL_VIE": "4798987", "LAND_USE_T": "Residential - R1Z", "FLOOR_LEVE": -9.99, "FLOOD_RISK": -9999, "GROUND_ELE": 118.75, "HEIGHT_AVE": 5.63, "NO_OF_GROU": 0, "NO_ABOVE_G": -9999, "SOURCE_OF_": 1, "ACCURACY_O": 0, "DATE_CAPTU": null, "CAPTURED_B": null, "DATE_LAST_": null, "UPDATED_BY": null, "MI_PRINX": 0.0, "LGA_CODE": "348", "LGA_NAME": "MONASH", "height": 0 }, "geometry": { "type": "MultiPolygon", "coordinates": [ [ [ [ 145.146704818201158, -37.895063148501976 ], [ 145.146732705330948, -37.895084130641941 ], [ 145.146708685026908, -37.89513330765854 ], [ 145.146761177456852, -37.895156569423264 ], [ 145.146709408855656, -37.89520539952651 ], [ 145.146615002707165, -37.895144626452712 ], [ 145.146704818201158, -37.895063148501976 ] ] ] ] } },
{ "type": "Feature", "properties": { "Join_Count": 1, "TARGET_FID": 775294, "BF_FID": 1779380, "PARCEL_VIE": "4798988", "LAND_USE_T": "Residential - R1Z", "FLOOR_LEVE": -9.99, "FLOOD_RISK": -9999, "GROUND_ELE": 118.71, "HEIGHT_AVE": 5.66, "NO_OF_GROU": 0, "NO_ABOVE_G": -9999, "SOURCE_OF_": 1, "ACCURACY_O": 0, "DATE_CAPTU": null, "CAPTURED_B": null, "DATE_LAST_": null, "UPDATED_BY": null, "MI_PRINX": 0.0, "LGA_CODE": "348", "LGA_NAME": "MONASH", "height": 0 }, "geometry": { "type": "MultiPolygon", "coordinates": [ [ [ [ 145.1467999109733, -37.895126455133969 ], [ 145.146822231557962, -37.895141312847485 ], [ 145.146806928794973, -37.895198105521182 ], [ 145.146853881807658, -37.895221640408707 ], [ 145.14688730395801, -37.895190181037592 ], [ 145.146803070913904, -37.895269674729867 ], [ 145.146709408855656, -37.89520539952651 ], [ 145.1467999109733, -37.895126455133969 ] ] ] ] } },
{ "type": "Feature", "properties": { "Join_Count": 1, "TARGET_FID": 775295, "BF_FID": 1779381, "PARCEL_VIE": "4798990", "LAND_USE_T": "Residential - R1Z", "FLOOR_LEVE": -9.99, "FLOOD_RISK": -9999, "GROUND_ELE": 118.82, "HEIGHT_AVE": 5.65, "NO_OF_GROU": 0, "NO_ABOVE_G": -9999, "SOURCE_OF_": 1, "ACCURACY_O": 0, "DATE_CAPTU": null, "CAPTURED_B": null, "DATE_LAST_": null, "UPDATED_BY": null, "MI_PRINX": 0.0, "LGA_CODE": "348", "LGA_NAME": "MONASH", "height": 0 }, "geometry": { "type": "MultiPolygon", "coordinates": [ [ [ [ 145.146900540019232, -37.895193362797812 ], [ 145.146917326791055, -37.895204529323998 ], [ 145.146916658253417, -37.895231188569774 ], [ 145.146890150014968, -37.895256179486644 ], [ 145.146948243085632, -37.895284214598128 ], [ 145.146897434465387, -37.895332158895009 ], [ 145.146803070913904, -37.895269674729867 ], [ 145.14688730395801, -37.895190181037592 ], [ 145.146900540019232, -37.895193362797812 ] ] ] ] } },
{ "type": "Feature", "properties": { "Join_Count": 1, "TARGET_FID": 775296, "BF_FID": 1779382, "PARCEL_VIE": "4798991", "LAND_USE_T": "Residential - R1Z", "FLOOR_LEVE": -9.99, "FLOOD_RISK": -9999, "GROUND_ELE": 118.76, "HEIGHT_AVE": 5.95, "NO_OF_GROU": 0, "NO_ABOVE_G": -9999, "SOURCE_OF_": 1, "ACCURACY_O": 0, "DATE_CAPTU": null, "CAPTURED_B": null, "DATE_LAST_": null, "UPDATED_BY": null, "MI_PRINX": 0.0, "LGA_CODE": "348", "LGA_NAME": "MONASH", "height": 0 }, "geometry": { "type": "MultiPolygon", "coordinates": [ [ [ [ 145.14702895872864, -37.895060774771281 ], [ 145.1470392900859, -37.89506760490022 ], [ 145.146952172977365, -37.895149936508204 ], [ 145.146885670809354, -37.895105731068227 ], [ 145.146928205612994, -37.895051169237988 ], [ 145.146977753798012, -37.895060959553568 ], [ 145.146978092570833, -37.895047449799804 ], [ 145.14700968174003, -37.895047947237039 ], [ 145.14702895872864, -37.895060774771281 ] ] ] ] } },
{ "type": "Feature", "properties": { "Join_Count": 1, "TARGET_FID": 775297, "BF_FID": 1779383, "PARCEL_VIE": "4798992", "LAND_USE_T": "Residential - R1Z", "FLOOR_LEVE": -9.99, "FLOOD_RISK": -9999, "GROUND_ELE": 118.86, "HEIGHT_AVE": 5.89, "NO_OF_GROU": 0, "NO_ABOVE_G": -9999, "SOURCE_OF_": 1, "ACCURACY_O": 0, "DATE_CAPTU": null, "CAPTURED_B": null, "DATE_LAST_": null, "UPDATED_BY": null, "MI_PRINX": 0.0, "LGA_CODE": "348", "LGA_NAME": "MONASH", "height": 0 }, "geometry": { "type": "MultiPolygon", "coordinates": [ [ [ [ 145.146955158138098, -37.895281440273955 ], [ 145.14697771030626, -37.895290805469465 ], [ 145.146982411920703, -37.895331424770824 ], [ 145.147007158427243, -37.895331814456867 ], [ 145.147061436662568, -37.895369880706554 ], [ 145.147017253989787, -37.895411622349449 ], [ 145.146897434465387, -37.895332158895009 ], [ 145.146955158138098, -37.895281440273955 ] ] ] ] } },
{ "type": "Feature", "properties": { "Join_Count": 1, "TARGET_FID": 775298, "BF_FID": 1779384, "PARCEL_VIE": "4798993", "LAND_USE_T": "Residential - R1Z", "FLOOR_LEVE": -9.99, "FLOOD_RISK": -9999, "GROUND_ELE": 118.76, "HEIGHT_AVE": 6.17, "NO_OF_GROU": 0, "NO_ABOVE_G": -9999, "SOURCE_OF_": 1, "ACCURACY_O": 0, "DATE_CAPTU": null, "CAPTURED_B": null, "DATE_LAST_": null, "UPDATED_BY": null, "MI_PRINX": 0.0, "LGA_CODE": "348", "LGA_NAME": "MONASH", "height": 0 }, "geometry": { "type": "MultiPolygon", "coordinates": [ [ [ [ 145.147045747749758, -37.895071851214091 ], [ 145.147068066111387, -37.89508679894697 ], [ 145.147055755148529, -37.895125258245514 ], [ 145.147077900776708, -37.895150835126259 ], [ 145.147033720507551, -37.895192486715452 ], [ 145.147015816818453, -37.895192204788927 ], [ 145.146952172977365, -37.895149936508204 ], [ 145.147045747749758, -37.895071851214091 ] ] ] ] } },
{ "type": "Feature", "properties": { "Join_Count": 1, "TARGET_FID": 775299, "BF_FID": 1779385, "PARCEL_VIE": "4798994", "LAND_USE_T": "Residential - R1Z", "FLOOR_LEVE": -9.99, "FLOOD_RISK": -9999, "GROUND_ELE": 118.84, "HEIGHT_AVE": 5.34, "NO_OF_GROU": 0, "NO_ABOVE_G": -9999, "SOURCE_OF_": 1, "ACCURACY_O": 0, "DATE_CAPTU": null, "CAPTURED_B": null, "DATE_LAST_": null, "UPDATED_BY": null, "MI_PRINX": 0.0, "LGA_CODE": "348", "LGA_NAME": "MONASH", "height": 0 }, "geometry": { "type": "MultiPolygon", "coordinates": [ [ [ [ 145.147084045910049, -37.895231121414305 ], [ 145.147156910004327, -37.895279661644622 ], [ 145.147061436662568, -37.895369880706554 ], [ 145.147023897818912, -37.895344872334306 ], [ 145.14704041803023, -37.895329274771434 ], [ 145.147011624950579, -37.895299538680497 ], [ 145.147051687760126, -37.8952874653585 ], [ 145.147085469168474, -37.895301512384968 ], [ 145.147091864619057, -37.895274582913252 ], [ 145.147063707422376, -37.895260624450572 ], [ 145.147084045910049, -37.895231121414305 ] ] ] ] } },
{ "type": "Feature", "properties": { "Join_Count": 1, "TARGET_FID": 775300, "BF_FID": 1779386, "PARCEL_VIE": "4798995", "LAND_USE_T": "Residential - R1Z", "FLOOR_LEVE": -9.99, "FLOOD_RISK": -9999, "GROUND_ELE": 118.88, "HEIGHT_AVE": 6.37, "NO_OF_GROU": 0, "NO_ABOVE_G": -9999, "SOURCE_OF_": 1, "ACCURACY_O": 0, "DATE_CAPTU": null, "CAPTURED_B": null, "DATE_LAST_": null, "UPDATED_BY": null, "MI_PRINX": 0.0, "LGA_CODE": "348", "LGA_NAME": "MONASH", "height": 0 }, "geometry": { "type": "MultiPolygon", "coordinates": [ [ [ [ 145.147212765420107, -37.895213686477533 ], [ 145.147156910004327, -37.895279661644622 ], [ 145.147084045910049, -37.895231121414305 ], [ 145.147156462218021, -37.89516288422935 ], [ 145.147202221590703, -37.895185409077563 ], [ 145.147188501104409, -37.895197807125896 ], [ 145.147212765420107, -37.895213686477533 ] ] ] ] } },
{ "type": "Feature", "properties": { "Join_Count": 1, "TARGET_FID": 782736, "BF_FID": 1786846, "PARCEL_VIE": "1478869", "LAND_USE_T": "Residential - R1Z", "FLOOR_LEVE": -9.99, "FLOOD_RISK": -9999, "GROUND_ELE": 107.97, "HEIGHT_AVE": 3.7, "NO_OF_GROU": 0, "NO_ABOVE_G": -9999, "SOURCE_OF_": 1, "ACCURACY_O": 0, "DATE_CAPTU": null, "CAPTURED_B": null, "DATE_LAST_": null, "UPDATED_BY": null, "MI_PRINX": 0.0, "LGA_CODE": "348", "LGA_NAME": "MONASH", "height": 0 }, "geometry": { "type": "MultiPolygon", "coordinates": [ [ [ [ 145.144680998301112, -37.896982924822211 ], [ 145.144686166518937, -37.896862992396315 ], [ 145.144788885923475, -37.896865332728176 ], [ 145.144789367130585, -37.896902191434648 ], [ 145.144834260950716, -37.896910647872083 ], [ 145.144834294038901, -37.896980296108815 ], [ 145.144680998301112, -37.896982924822211 ] ] ] ] } },
{ "type": "Feature", "properties": { "Join_Count": 1, "TARGET_FID": 782804, "BF_FID": 1786915, "PARCEL_VIE": "1468097", "LAND_USE_T": "Business - B3Z", "FLOOR_LEVE": -9.99, "FLOOD_RISK": -9999, "GROUND_ELE": 107.24, "HEIGHT_AVE": 15.35, "NO_OF_GROU": 0, "NO_ABOVE_G": -9999, "SOURCE_OF_": 1, "ACCURACY_O": 0, "DATE_CAPTU": null, "CAPTURED_B": null, "DATE_LAST_": null, "UPDATED_BY": null, "MI_PRINX": 0.0, "LGA_CODE": "348", "LGA_NAME": "MONASH", "height": 0 }, "geometry": { "type": "MultiPolygon", "coordinates": [ [ [ [ 145.142804475674751, -37.899119699023203 ], [ 145.142808874044874, -37.899172297024315 ], [ 145.142764033775478, -37.89937431536854 ], [ 145.14254841209268, -37.899352891778982 ], [ 145.142531897708039, -37.899334610995346 ], [ 145.142469145625228, -37.899342630445659 ], [ 145.142265073843475, -37.89931688364242 ], [ 145.142308382633615, -37.899063934553574 ], [ 145.142804475674751, -37.899119699023203 ] ] ] ] } },
{ "type": "Feature", "properties": { "Join_Count": 1, "TARGET_FID": 782830, "BF_FID": 1786941, "PARCEL_VIE": "1478890", "LAND_USE_T": "Residential - R1Z", "FLOOR_LEVE": -9.99, "FLOOD_RISK": -9999, "GROUND_ELE": 109.6, "HEIGHT_AVE": 3.91, "NO_OF_GROU": 0, "NO_ABOVE_G": -9999, "SOURCE_OF_": 1, "ACCURACY_O": 0, "DATE_CAPTU": null, "CAPTURED_B": null, "DATE_LAST_": null, "UPDATED_BY": null, "MI_PRINX": 0.0, "LGA_CODE": "348", "LGA_NAME": "MONASH", "height": 0 }, "geometry": { "type": "MultiPolygon", "coordinates": [ [ [ [ 145.145391861684033, -37.896854204723958 ], [ 145.145429897576122, -37.896881834363427 ], [ 145.145449773776562, -37.896870794954523 ], [ 145.145491240802812, -37.896896226136967 ], [ 145.14539938204868, -37.896976769891829 ], [ 145.145338433334672, -37.896942922570787 ], [ 145.145294134310035, -37.896895822567153 ], [ 145.145342072917828, -37.896853960598229 ], [ 145.145376572344304, -37.896843151682972 ], [ 145.145391861684033, -37.896854204723958 ] ] ] ] } },
{ "type": "Feature", "properties": { "Join_Count": 1, "TARGET_FID": 785505, "BF_FID": 1789617, "PARCEL_VIE": "4464675", "LAND_USE_T": "Common", "FLOOR_LEVE": -9.99, "FLOOD_RISK": -9999, "GROUND_ELE": 117.87, "HEIGHT_AVE": 6.8, "NO_OF_GROU": 0, "NO_ABOVE_G": -9999, "SOURCE_OF_": 1, "ACCURACY_O": 0, "DATE_CAPTU": null, "CAPTURED_B": null, "DATE_LAST_": null, "UPDATED_BY": null, "MI_PRINX": 0.0, "LGA_CODE": "348", "LGA_NAME": "MONASH", "height": 0 }, "geometry": { "type": "MultiPolygon", "coordinates": [ [ [ [ 145.142980174561075, -37.890908366156083 ], [ 145.142957856333794, -37.891046498572912 ], [ 145.142723829042239, -37.891019649337593 ], [ 145.14274138099907, -37.890880901141131 ], [ 145.142980174561075, -37.890908366156083 ] ] ] ] } },
{ "type": "Feature", "properties": { "Join_Count": 1, "TARGET_FID": 785546, "BF_FID": 1789658, "PARCEL_VIE": "4298650", "LAND_USE_T": "Business - B1Z", "FLOOR_LEVE": -9.99, "FLOOD_RISK": -9999, "GROUND_ELE": 118.7, "HEIGHT_AVE": 7.32, "NO_OF_GROU": 0, "NO_ABOVE_G": -9999, "SOURCE_OF_": 1, "ACCURACY_O": 0, "DATE_CAPTU": null, "CAPTURED_B": null, "DATE_LAST_": null, "UPDATED_BY": null, "MI_PRINX": 0.0, "LGA_CODE": "348", "LGA_NAME": "MONASH", "height": 0 }, "geometry": { "type": "MultiPolygon", "coordinates": [ [ [ [ 145.144225369184966, -37.891451674275238 ], [ 145.144218477803747, -37.891498327810709 ], [ 145.144378169135649, -37.891516883973758 ], [ 145.144347727843837, -37.891694803142279 ], [ 145.144306510633953, -37.891693162069139 ], [ 145.144303722359268, -37.891729518742778 ], [ 145.144006333003432, -37.891697798505035 ], [ 145.144054272276207, -37.891364551664935 ], [ 145.144237993494926, -37.891385829617825 ], [ 145.144225369184966, -37.891451674275238 ] ] ] ] } },
{ "type": "Feature", "properties": { "Join_Count": 1, "TARGET_FID": 785894, "BF_FID": 1790006, "PARCEL_VIE": "150066328", "LAND_USE_T": "Residential - R1Z", "FLOOR_LEVE": -9.99, "FLOOD_RISK": -9999, "GROUND_ELE": 116.37, "HEIGHT_AVE": 3.51, "NO_OF_GROU": 0, "NO_ABOVE_G": -9999, "SOURCE_OF_": 1, "ACCURACY_O": 0, "DATE_CAPTU": null, "CAPTURED_B": null, "DATE_LAST_": null, "UPDATED_BY": null, "MI_PRINX": 0.0, "LGA_CODE": "348", "LGA_NAME": "MONASH", "height": 0 }, "geometry": { "type": "MultiPolygon", "coordinates": [ [ [ [ 145.146470161024041, -37.890817425580046 ], [ 145.146560854247383, -37.890827864114165 ], [ 145.146540745984026, -37.890949183269925 ], [ 145.146444222074649, -37.890943157910847 ], [ 145.14645129495139, -37.890889208932755 ], [ 145.146417176829431, -37.890888671529012 ], [ 145.146417712171939, -37.890867326109657 ], [ 145.146430325343033, -37.890816798123311 ], [ 145.146470161024041, -37.890817425580046 ] ] ] ] } },
{ "type": "Feature", "properties": { "Join_Count": 1, "TARGET_FID": 785895, "BF_FID": 1790007, "PARCEL_VIE": "150066337", "LAND_USE_T": "Residential - R1Z", "FLOOR_LEVE": -9.99, "FLOOD_RISK": -9999, "GROUND_ELE": 114.86, "HEIGHT_AVE": 3.66, "NO_OF_GROU": 0, "NO_ABOVE_G": -9999, "SOURCE_OF_": 1, "ACCURACY_O": 0, "DATE_CAPTU": null, "CAPTURED_B": null, "DATE_LAST_": null, "UPDATED_BY": null, "MI_PRINX": 0.0, "LGA_CODE": "348", "LGA_NAME": "MONASH", "height": 0 }, "geometry": { "type": "MultiPolygon", "coordinates": [ [ [ [ 145.146591906359049, -37.890722575030594 ], [ 145.146585252580479, -37.890756077774348 ], [ 145.146488879116788, -37.890747802307779 ], [ 145.146483650540176, -37.890731952340943 ], [ 145.146438303990237, -37.890726733054372 ], [ 145.146457258119113, -37.890651437163527 ], [ 145.1465990626684, -37.890665293630626 ], [ 145.146591906359049, -37.890722575030594 ] ] ] ] } },
{ "type": "Feature", "properties": { "Join_Count": 1, "TARGET_FID": 786019, "BF_FID": 1790131, "PARCEL_VIE": "150240951", "LAND_USE_T": "Residential - R1Z", "FLOOR_LEVE": -9.99, "FLOOD_RISK": -9999, "GROUND_ELE": 118.16, "HEIGHT_AVE": 6.13, "NO_OF_GROU": 0, "NO_ABOVE_G": -9999, "SOURCE_OF_": 1, "ACCURACY_O": 0, "DATE_CAPTU": null, "CAPTURED_B": null, "DATE_LAST_": null, "UPDATED_BY": null, "MI_PRINX": 0.0, "LGA_CODE": "348", "LGA_NAME": "MONASH", "height": 0 }, "geometry": { "type": "MultiPolygon", "coordinates": [ [ [ [ 145.147593820708806, -37.89532753608043 ], [ 145.147565399384632, -37.895339072046923 ], [ 145.147577182272897, -37.895366558015446 ], [ 145.147504824417808, -37.895387583669553 ], [ 145.147463211226778, -37.895296918063188 ], [ 145.147566889448541, -37.895272150762594 ], [ 145.147593820708806, -37.89532753608043 ] ] ] ] } },
{ "type": "Feature", "properties": { "Join_Count": 1, "TARGET_FID": 786020, "BF_FID": 1790132, "PARCEL_VIE": "150240960", "LAND_USE_T": "Residential - R1Z", "FLOOR_LEVE": -9.99, "FLOOD_RISK": -9999, "GROUND_ELE": 118.19, "HEIGHT_AVE": 6.01, "NO_OF_GROU": 0, "NO_ABOVE_G": -9999, "SOURCE_OF_": 1, "ACCURACY_O": 0, "DATE_CAPTU": null, "CAPTURED_B": null, "DATE_LAST_": null, "UPDATED_BY": null, "MI_PRINX": 0.0, "LGA_CODE": "348", "LGA_NAME": "MONASH", "height": 0 }, "geometry": { "type": "MultiPolygon", "coordinates": [ [ [ [ 145.147616649360884, -37.895206169543286 ], [ 145.147632919234439, -37.895237960867959 ], [ 145.147668914120914, -37.895238527482213 ], [ 145.147683241559974, -37.895272991241342 ], [ 145.147638209634266, -37.895281292433424 ], [ 145.147651958841806, -37.895316377797926 ], [ 145.147593820708806, -37.89532753608043 ], [ 145.147548026428098, -37.895224100499796 ], [ 145.147616649360884, -37.895206169543286 ] ] ] ] } },
{ "type": "Feature", "properties": { "Join_Count": 1, "TARGET_FID": 786021, "BF_FID": 1790133, "PARCEL_VIE": "150240965", "LAND_USE_T": "Residential - R1Z", "FLOOR_LEVE": -9.99, "FLOOD_RISK": -9999, "GROUND_ELE": 118.2, "HEIGHT_AVE": 6.63, "NO_OF_GROU": 0, "NO_ABOVE_G": -9999, "SOURCE_OF_": 1, "ACCURACY_O": 0, "DATE_CAPTU": null, "CAPTURED_B": null, "DATE_LAST_": null, "UPDATED_BY": null, "MI_PRINX": 0.0, "LGA_CODE": "348", "LGA_NAME": "MONASH", "height": 0 }, "geometry": { "type": "MultiPolygon", "coordinates": [ [ [ [ 145.147691336316001, -37.895421424241917 ], [ 145.147740325449774, -37.895490942132824 ], [ 145.14762079537357, -37.89552708302341 ], [ 145.147594577560085, -37.895450715505618 ], [ 145.147691336316001, -37.895421424241917 ] ] ] ] } },
{ "type": "Feature", "properties": { "Join_Count": 1, "TARGET_FID": 786022, "BF_FID": 1790134, "PARCEL_VIE": "150240969", "LAND_USE_T": "Residential - R1Z", "FLOOR_LEVE": -9.99, "FLOOD_RISK": -9999, "GROUND_ELE": 118.21, "HEIGHT_AVE": 6.49, "NO_OF_GROU": 0, "NO_ABOVE_G": -9999, "SOURCE_OF_": 1, "ACCURACY_O": 0, "DATE_CAPTU": null, "CAPTURED_B": null, "DATE_LAST_": null, "UPDATED_BY": null, "MI_PRINX": 0.0, "LGA_CODE": "348", "LGA_NAME": "MONASH", "height": 0 }, "geometry": { "type": "MultiPolygon", "coordinates": [ [ [ [ 145.147670045875373, -37.895346756112673 ], [ 145.147697478883742, -37.895419538720077 ], [ 145.147594483823127, -37.895450714030012 ], [ 145.147576392281906, -37.895420515834402 ], [ 145.147556735791198, -37.895422819313922 ], [ 145.147541197671671, -37.895384281954719 ], [ 145.147670045875373, -37.895346756112673 ] ] ] ] } },
{ "type": "Feature", "properties": { "Join_Count": 1, "TARGET_FID": 786023, "BF_FID": 1790135, "PARCEL_VIE": "150240973", "LAND_USE_T": "Residential - R1Z", "FLOOR_LEVE": -9.99, "FLOOD_RISK": -9999, "GROUND_ELE": 118.27, "HEIGHT_AVE": 5.9, "NO_OF_GROU": 0, "NO_ABOVE_G": -9999, "SOURCE_OF_": 1, "ACCURACY_O": 0, "DATE_CAPTU": null, "CAPTURED_B": null, "DATE_LAST_": null, "UPDATED_BY": null, "MI_PRINX": 0.0, "LGA_CODE": "348", "LGA_NAME": "MONASH", "height": 0 }, "geometry": { "type": "MultiPolygon", "coordinates": [ [ [ [ 145.147810372764184, -37.895644404815819 ], [ 145.147822546540084, -37.895671266208431 ], [ 145.147857727248265, -37.895663170294874 ], [ 145.147881460396945, -37.89571147736325 ], [ 145.147783442103872, -37.895742370763955 ], [ 145.147784478118552, -37.895772120266152 ], [ 145.14774973786453, -37.895785088521961 ], [ 145.147718743931335, -37.895723422349569 ], [ 145.147740482944641, -37.895712862370154 ], [ 145.147735896034732, -37.895667649772335 ], [ 145.147810372764184, -37.895644404815819 ] ] ] ] } },
{ "type": "Feature", "properties": { "Join_Count": 1, "TARGET_FID": 786024, "BF_FID": 1790136, "PARCEL_VIE": "150240981", "LAND_USE_T": "Residential - R1Z", "FLOOR_LEVE": -9.99, "FLOOD_RISK": -9999, "GROUND_ELE": 118.16, "HEIGHT_AVE": 6.05, "NO_OF_GROU": 0, "NO_ABOVE_G": -9999, "SOURCE_OF_": 1, "ACCURACY_O": 0, "DATE_CAPTU": null, "CAPTURED_B": null, "DATE_LAST_": null, "UPDATED_BY": null, "MI_PRINX": 0.0, "LGA_CODE": "348", "LGA_NAME": "MONASH", "height": 0 }, "geometry": { "type": "MultiPolygon", "coordinates": [ [ [ [ 145.147769970774903, -37.895546550333343 ], [ 145.147783954776656, -37.895564790567043 ], [ 145.147828854850559, -37.895565497305121 ], [ 145.147840270771383, -37.895588922944924 ], [ 145.147771596684578, -37.895605141311364 ], [ 145.147758241652411, -37.895580513834588 ], [ 145.147691303409943, -37.89559856148918 ], [ 145.147634781342958, -37.895522798157558 ], [ 145.1477381536954, -37.895491538651818 ], [ 145.147769970774903, -37.895546550333343 ] ] ] ] } },
{ "type": "Feature", "properties": { "Join_Count": 1, "TARGET_FID": 786025, "BF_FID": 1790137, "PARCEL_VIE": "150240985", "LAND_USE_T": "Residential - R1Z", "FLOOR_LEVE": -9.99, "FLOOD_RISK": -9999, "GROUND_ELE": 118.59, "HEIGHT_AVE": 5.56, "NO_OF_GROU": 0, "NO_ABOVE_G": -9999, "SOURCE_OF_": 1, "ACCURACY_O": 0, "DATE_CAPTU": null, "CAPTURED_B": null, "DATE_LAST_": null, "UPDATED_BY": null, "MI_PRINX": 0.0, "LGA_CODE": "348", "LGA_NAME": "MONASH", "height": 0 }, "geometry": { "type": "MultiPolygon", "coordinates": [ [ [ [ 145.147536985642688, -37.895664518584105 ], [ 145.147536534071662, -37.895682531592925 ], [ 145.147582723095042, -37.895710378994302 ], [ 145.147536131585838, -37.895754695827655 ], [ 145.147439908008778, -37.895691552180878 ], [ 145.147525404626634, -37.89561027591553 ], [ 145.147555012168141, -37.895626239314026 ], [ 145.147536985642688, -37.895664518584105 ] ] ] ] } },
{ "type": "Feature", "properties": { "Join_Count": 1, "TARGET_FID": 786026, "BF_FID": 1790138, "PARCEL_VIE": "150240993", "LAND_USE_T": "Residential - R1Z", "FLOOR_LEVE": -9.99, "FLOOD_RISK": -9999, "GROUND_ELE": 118.48, "HEIGHT_AVE": 5.27, "NO_OF_GROU": 0, "NO_ABOVE_G": -9999, "SOURCE_OF_": 1, "ACCURACY_O": 0, "DATE_CAPTU": null, "CAPTURED_B": null, "DATE_LAST_": null, "UPDATED_BY": null, "MI_PRINX": 0.0, "LGA_CODE": "348", "LGA_NAME": "MONASH", "height": 0 }, "geometry": { "type": "MultiPolygon", "coordinates": [ [ [ [ 145.147615301939936, -37.895716297886679 ], [ 145.147609417129189, -37.895745307738622 ], [ 145.147655187202503, -37.895771166303902 ], [ 145.147719666856631, -37.895742718403596 ], [ 145.147744206276684, -37.895788785675229 ], [ 145.147639705310894, -37.895823901739597 ], [ 145.147536131585838, -37.895754695827655 ], [ 145.147593352622039, -37.89570532049143 ], [ 145.147615301939936, -37.895716297886679 ] ] ] ] } },
{ "type": "Feature", "properties": { "Join_Count": 1, "TARGET_FID": 786027, "BF_FID": 1790139, "PARCEL_VIE": "150240998", "LAND_USE_T": "Residential - R1Z", "FLOOR_LEVE": -9.99, "FLOOD_RISK": -9999, "GROUND_ELE": 118.75, "HEIGHT_AVE": 5.49, "NO_OF_GROU": 0, "NO_ABOVE_G": -9999, "SOURCE_OF_": 1, "ACCURACY_O": 0, "DATE_CAPTU": null, "CAPTURED_B": null, "DATE_LAST_": null, "UPDATED_BY": null, "MI_PRINX": 0.0, "LGA_CODE": "348", "LGA_NAME": "MONASH", "height": 0 }, "geometry": { "type": "MultiPolygon", "coordinates": [ [ [ [ 145.147336871239816, -37.895481257029061 ], [ 145.147364821933678, -37.895499717205517 ], [ 145.147340691252367, -37.895553307542095 ], [ 145.147391194284722, -37.895581132837641 ], [ 145.147344544038305, -37.895627791286117 ], [ 145.147247858881514, -37.895564369915348 ], [ 145.147336871239816, -37.895481257029061 ] ] ] ] } },
{ "type": "Feature", "properties": { "Join_Count": 1, "TARGET_FID": 786028, "BF_FID": 1790140, "PARCEL_VIE": "150241002", "LAND_USE_T": "Residential - R1Z", "FLOOR_LEVE": -9.99, "FLOOD_RISK": -9999, "GROUND_ELE": 118.63, "HEIGHT_AVE": 5.35, "NO_OF_GROU": 0, "NO_ABOVE_G": -9999, "SOURCE_OF_": 1, "ACCURACY_O": 0, "DATE_CAPTU": null, "CAPTURED_B": null, "DATE_LAST_": null, "UPDATED_BY": null, "MI_PRINX": 0.0, "LGA_CODE": "348", "LGA_NAME": "MONASH", "height": 0 }, "geometry": { "type": "MultiPolygon", "coordinates": [ [ [ [ 145.147391133318081, -37.895583564593657 ], [ 145.147435753592674, -37.895617874596283 ], [ 145.147476269260579, -37.895591482267172 ], [ 145.147504296660429, -37.89559192350071 ], [ 145.147525404626634, -37.89561027591553 ], [ 145.147439908008778, -37.895691552180878 ], [ 145.147344530489789, -37.895628331676328 ], [ 145.147391133318081, -37.895583564593657 ] ] ] ] } },
{ "type": "Feature", "properties": { "Join_Count": 1, "TARGET_FID": 786029, "BF_FID": 1790141, "PARCEL_VIE": "150241006", "LAND_USE_T": "Residential - R1Z", "FLOOR_LEVE": -9.99, "FLOOD_RISK": -9999, "GROUND_ELE": 118.8, "HEIGHT_AVE": 5.93, "NO_OF_GROU": 0, "NO_ABOVE_G": -9999, "SOURCE_OF_": 1, "ACCURACY_O": 0, "DATE_CAPTU": null, "CAPTURED_B": null, "DATE_LAST_": null, "UPDATED_BY": null, "MI_PRINX": 0.0, "LGA_CODE": "348", "LGA_NAME": "MONASH", "height": 0 }, "geometry": { "type": "MultiPolygon", "coordinates": [ [ [ [ 145.147122729379248, -37.895401209737429 ], [ 145.147127882744968, -37.895423816029137 ], [ 145.147198613608197, -37.895456464941212 ], [ 145.147151928304368, -37.895500780146477 ], [ 145.147017253989787, -37.895411622349449 ], [ 145.147084297070677, -37.895348256133687 ], [ 145.147138584392223, -37.895385962088923 ], [ 145.147122729379248, -37.895401209737429 ] ] ] ] } },
{ "type": "Feature", "properties": { "Join_Count": 1, "TARGET_FID": 786030, "BF_FID": 1790142, "PARCEL_VIE": "150241012", "LAND_USE_T": "Residential - R1Z", "FLOOR_LEVE": -9.99, "FLOOD_RISK": -9999, "GROUND_ELE": 118.79, "HEIGHT_AVE": 5.33, "NO_OF_GROU": 0, "NO_ABOVE_G": -9999, "SOURCE_OF_": 1, "ACCURACY_O": 0, "DATE_CAPTU": null, "CAPTURED_B": null, "DATE_LAST_": null, "UPDATED_BY": null, "MI_PRINX": 0.0, "LGA_CODE": "348", "LGA_NAME": "MONASH", "height": 0 }, "geometry": { "type": "MultiPolygon", "coordinates": [ [ [ [ 145.1472009570316, -37.895456501839327 ], [ 145.147240004860294, -37.895488651861271 ], [ 145.147285693110604, -37.895480361157361 ], [ 145.147286031832266, -37.895466851402205 ], [ 145.14733546744327, -37.895481144826761 ], [ 145.147247858881514, -37.895564369915348 ], [ 145.147151928304368, -37.895500780146477 ], [ 145.1472009570316, -37.895456501839327 ] ] ] ] } },
{ "type": "Feature", "properties": { "Join_Count": 1, "TARGET_FID": 786031, "BF_FID": 1790143, "PARCEL_VIE": "150241021", "LAND_USE_T": "Residential - R1Z", "FLOOR_LEVE": -9.99, "FLOOD_RISK": -9999, "GROUND_ELE": 118.77, "HEIGHT_AVE": 6.44, "NO_OF_GROU": 0, "NO_ABOVE_G": -9999, "SOURCE_OF_": 1, "ACCURACY_O": 0, "DATE_CAPTU": null, "CAPTURED_B": null, "DATE_LAST_": null, "UPDATED_BY": null, "MI_PRINX": 0.0, "LGA_CODE": "348", "LGA_NAME": "MONASH", "height": 0 }, "geometry": { "type": "MultiPolygon", "coordinates": [ [ [ [ 145.147236675167335, -37.895236227685253 ], [ 145.147270003760894, -37.895257115174225 ], [ 145.147283840563261, -37.895243817941918 ], [ 145.147319304847542, -37.895273028297169 ], [ 145.147263655016616, -37.895338285946984 ], [ 145.147164402129818, -37.89527257156621 ], [ 145.14721626874055, -37.895223562602503 ], [ 145.147236675167335, -37.895236227685253 ] ] ] ] } },
{ "type": "Feature", "properties": { "Join_Count": 1, "TARGET_FID": 786032, "BF_FID": 1790144, "PARCEL_VIE": "150241025", "LAND_USE_T": "Residential - R1Z", "FLOOR_LEVE": -9.99, "FLOOD_RISK": -9999, "GROUND_ELE": 118.78, "HEIGHT_AVE": 5.99, "NO_OF_GROU": 0, "NO_ABOVE_G": -9999, "SOURCE_OF_": 1, "ACCURACY_O": 0, "DATE_CAPTU": null, "CAPTURED_B": null, "DATE_LAST_": null, "UPDATED_BY": null, "MI_PRINX": 0.0, "LGA_CODE": "348", "LGA_NAME": "MONASH", "height": 0 }, "geometry": { "type": "MultiPolygon", "coordinates": [ [ [ [ 145.147260772909846, -37.895341033686947 ], [ 145.147224887652868, -37.895362273015934 ], [ 145.147203779831841, -37.89534392055026 ], [ 145.147169753376147, -37.89534338478731 ], [ 145.147185696745112, -37.895384451391081 ], [ 145.147151698551909, -37.895394007333536 ], [ 145.147084297070677, -37.895348256133687 ], [ 145.147164402129818, -37.89527257156621 ], [ 145.147260772909846, -37.895341033686947 ] ] ] ] } },
{ "type": "Feature", "properties": { "Join_Count": 1, "TARGET_FID": 786326, "BF_FID": 1790438, "PARCEL_VIE": "150358152", "LAND_USE_T": "Residential - R1Z", "FLOOR_LEVE": -9.99, "FLOOD_RISK": -9999, "GROUND_ELE": 118.74, "HEIGHT_AVE": 3.59, "NO_OF_GROU": 0, "NO_ABOVE_G": -9999, "SOURCE_OF_": 1, "ACCURACY_O": 0, "DATE_CAPTU": null, "CAPTURED_B": null, "DATE_LAST_": null, "UPDATED_BY": null, "MI_PRINX": 0.0, "LGA_CODE": "348", "LGA_NAME": "MONASH", "height": 0 }, "geometry": { "type": "MultiPolygon", "coordinates": [ [ [ [ 145.145777314295088, -37.891557228975444 ], [ 145.145823312899296, -37.89156263899649 ], [ 145.145824089619111, -37.89158400508262 ], [ 145.145881381270442, -37.891587791007609 ], [ 145.145868944590887, -37.891664901388424 ], [ 145.145738486659553, -37.891650952515 ], [ 145.145739045733023, -37.891553922954806 ], [ 145.145777314295088, -37.891557228975444 ] ] ] ] } },
{ "type": "Feature", "properties": { "Join_Count": 1, "TARGET_FID": 786327, "BF_FID": 1790439, "PARCEL_VIE": "150358156", "LAND_USE_T": "Residential - R1Z", "FLOOR_LEVE": -9.99, "FLOOD_RISK": -9999, "GROUND_ELE": 118.88, "HEIGHT_AVE": 3.27, "NO_OF_GROU": 0, "NO_ABOVE_G": -9999, "SOURCE_OF_": 1, "ACCURACY_O": 0, "DATE_CAPTU": null, "CAPTURED_B": null, "DATE_LAST_": null, "UPDATED_BY": null, "MI_PRINX": 0.0, "LGA_CODE": "348", "LGA_NAME": "MONASH", "height": 0 }, "geometry": { "type": "MultiPolygon", "coordinates": [ [ [ [ 145.145560325697176, -37.891501461236722 ], [ 145.145599390032459, -37.891529107023096 ], [ 145.145591073513089, -37.891632591680548 ], [ 145.145551105150105, -37.891640971892535 ], [ 145.14544918254083, -37.891625850569248 ], [ 145.145444594926715, -37.891580727960473 ], [ 145.145468634078213, -37.891527046438334 ], [ 145.145514187763979, -37.891527764335954 ], [ 145.145520263670818, -37.891509839963071 ], [ 145.145560325697176, -37.891501461236722 ] ] ] ] } },
{ "type": "Feature", "properties": { "Join_Count": 1, "TARGET_FID": 786516, "BF_FID": 1790630, "PARCEL_VIE": "150564500", "LAND_USE_T": "Residential - R1Z", "FLOOR_LEVE": -9.99, "FLOOD_RISK": -9999, "GROUND_ELE": 119.73, "HEIGHT_AVE": 4.59, "NO_OF_GROU": 0, "NO_ABOVE_G": -9999, "SOURCE_OF_": 1, "ACCURACY_O": 0, "DATE_CAPTU": null, "CAPTURED_B": null, "DATE_LAST_": null, "UPDATED_BY": null, "MI_PRINX": 0.0, "LGA_CODE": "348", "LGA_NAME": "MONASH", "height": 0 }, "geometry": { "type": "MultiPolygon", "coordinates": [ [ [ [ 145.148013800591826, -37.893428068208998 ], [ 145.14806477299345, -37.893433375442399 ], [ 145.148051760914001, -37.893499845123515 ], [ 145.147944333342281, -37.893502208921028 ], [ 145.147937887654962, -37.893534904100392 ], [ 145.147844774103959, -37.893523617595868 ], [ 145.147853400440539, -37.893482487285929 ], [ 145.147881686747922, -37.893480049276576 ], [ 145.147888533173983, -37.893435106722734 ], [ 145.148013800591826, -37.893428068208998 ] ] ] ] } },
{ "type": "Feature", "properties": { "Join_Count": 1, "TARGET_FID": 786517, "BF_FID": 1790631, "PARCEL_VIE": "150564515", "LAND_USE_T": "Residential - R1Z", "FLOOR_LEVE": -9.99, "FLOOD_RISK": -9999, "GROUND_ELE": 119.46, "HEIGHT_AVE": 5.04, "NO_OF_GROU": 0, "NO_ABOVE_G": -9999, "SOURCE_OF_": 1, "ACCURACY_O": 0, "DATE_CAPTU": null, "CAPTURED_B": null, "DATE_LAST_": null, "UPDATED_BY": null, "MI_PRINX": 0.0, "LGA_CODE": "348", "LGA_NAME": "MONASH", "height": 0 }, "geometry": { "type": "MultiPolygon", "coordinates": [ [ [ [ 145.147930542745542, -37.893551096712478 ], [ 145.147924757703635, -37.893583622087348 ], [ 145.147974779315092, -37.893589454999969 ], [ 145.147970453222484, -37.893679757837383 ], [ 145.147854075331736, -37.893676304344808 ], [ 145.14785181570619, -37.893538234628053 ], [ 145.147933053020722, -37.893536990423677 ], [ 145.147930542745542, -37.893551096712478 ] ] ] ] } },
{ "type": "Feature", "properties": { "Join_Count": 1, "TARGET_FID": 786518, "BF_FID": 1790632, "PARCEL_VIE": "150564581", "LAND_USE_T": "Residential - R1Z", "FLOOR_LEVE": -9.99, "FLOOD_RISK": -9999, "GROUND_ELE": 119.35, "HEIGHT_AVE": 4.98, "NO_OF_GROU": 0, "NO_ABOVE_G": -9999, "SOURCE_OF_": 1, "ACCURACY_O": 0, "DATE_CAPTU": null, "CAPTURED_B": null, "DATE_LAST_": null, "UPDATED_BY": null, "MI_PRINX": 0.0, "LGA_CODE": "348", "LGA_NAME": "MONASH", "height": 0 }, "geometry": { "type": "MultiPolygon", "coordinates": [ [ [ [ 145.147962106441639, -37.893687285023319 ], [ 145.147953846169827, -37.893736259855693 ], [ 145.148009014272759, -37.89374253415636 ], [ 145.148000329300402, -37.893786006169954 ], [ 145.148012108293159, -37.893787452959977 ], [ 145.147988799729546, -37.893841957399097 ], [ 145.147926122543907, -37.893832231180284 ], [ 145.14792827131555, -37.893810100247499 ], [ 145.147890523243774, -37.893808424918404 ], [ 145.147862893572949, -37.893777175632344 ], [ 145.147887812103278, -37.893688368221945 ], [ 145.147962106441639, -37.893687285023319 ] ] ] ] } },
{ "type": "Feature", "properties": { "Join_Count": 1, "TARGET_FID": 788430, "BF_FID": 1792547, "PARCEL_VIE": "1477085", "LAND_USE_T": "Residential - R1Z", "FLOOR_LEVE": -9.99, "FLOOD_RISK": -9999, "GROUND_ELE": 108.0, "HEIGHT_AVE": 4.09, "NO_OF_GROU": 0, "NO_ABOVE_G": -9999, "SOURCE_OF_": 1, "ACCURACY_O": 0, "DATE_CAPTU": null, "CAPTURED_B": null, "DATE_LAST_": null, "UPDATED_BY": null, "MI_PRINX": 0.0, "LGA_CODE": "348", "LGA_NAME": "MONASH", "height": 0 }, "geometry": { "type": "MultiPolygon", "coordinates": [ [ [ [ 145.144034621323073, -37.89723600534235 ], [ 145.14412316596858, -37.897246411936187 ], [ 145.144116549978179, -37.897367943295919 ], [ 145.143978387065033, -37.897346752917379 ], [ 145.143981353565749, -37.897299587035057 ], [ 145.143953866962164, -37.897288791925433 ], [ 145.143955771951994, -37.897239086485406 ], [ 145.144034621323073, -37.89723600534235 ] ] ] ] } },
{ "type": "Feature", "properties": { "Join_Count": 1, "TARGET_FID": 788431, "BF_FID": 1792548, "PARCEL_VIE": "1477083", "LAND_USE_T": "Residential - R1Z", "FLOOR_LEVE": -9.99, "FLOOD_RISK": -9999, "GROUND_ELE": 108.68, "HEIGHT_AVE": 3.95, "NO_OF_GROU": 0, "NO_ABOVE_G": -9999, "SOURCE_OF_": 1, "ACCURACY_O": 0, "DATE_CAPTU": null, "CAPTURED_B": null, "DATE_LAST_": null, "UPDATED_BY": null, "MI_PRINX": 0.0, "LGA_CODE": "348", "LGA_NAME": "MONASH", "height": 0 }, "geometry": { "type": "MultiPolygon", "coordinates": [ [ [ [ 145.144154414068652, -37.896995434202694 ], [ 145.144149879022223, -37.897041584248676 ], [ 145.14406806669902, -37.897035698786894 ], [ 145.144057337364984, -37.897011112318225 ], [ 145.144014217544878, -37.897010432210514 ], [ 145.144018179508066, -37.896949766946605 ], [ 145.144158335642061, -37.896955040914634 ], [ 145.144154414068652, -37.896995434202694 ] ] ] ] } },
{ "type": "Feature", "properties": { "Join_Count": 1, "TARGET_FID": 788432, "BF_FID": 1792549, "PARCEL_VIE": "1477666", "LAND_USE_T": "Residential - R1Z", "FLOOR_LEVE": -9.99, "FLOOD_RISK": -9999, "GROUND_ELE": 106.74, "HEIGHT_AVE": 3.67, "NO_OF_GROU": 0, "NO_ABOVE_G": -9999, "SOURCE_OF_": 1, "ACCURACY_O": 0, "DATE_CAPTU": null, "CAPTURED_B": null, "DATE_LAST_": null, "UPDATED_BY": null, "MI_PRINX": 0.0, "LGA_CODE": "348", "LGA_NAME": "MONASH", "height": 0 }, "geometry": { "type": "MultiPolygon", "coordinates": [ [ [ [ 145.144695677875973, -37.897178854632863 ], [ 145.144708811099747, -37.897230959608947 ], [ 145.144772027405537, -37.897230514703232 ], [ 145.144767101722806, -37.897284767664146 ], [ 145.144749602710391, -37.897294492926676 ], [ 145.144620851618811, -37.89728687667229 ], [ 145.14462507534455, -37.897182156353296 ], [ 145.144695677875973, -37.897178854632863 ] ] ] ] } },
{ "type": "Feature", "properties": { "Join_Count": 1, "TARGET_FID": 788605, "BF_FID": 1792722, "PARCEL_VIE": "1477561", "LAND_USE_T": "Residential - R1Z", "FLOOR_LEVE": -9.99, "FLOOD_RISK": -9999, "GROUND_ELE": 119.16, "HEIGHT_AVE": 3.44, "NO_OF_GROU": 0, "NO_ABOVE_G": -9999, "SOURCE_OF_": 1, "ACCURACY_O": 0, "DATE_CAPTU": null, "CAPTURED_B": null, "DATE_LAST_": null, "UPDATED_BY": null, "MI_PRINX": 0.0, "LGA_CODE": "348", "LGA_NAME": "MONASH", "height": 0 }, "geometry": { "type": "MultiPolygon", "coordinates": [ [ [ [ 145.14638683396322, -37.893231260301022 ], [ 145.146481354005687, -37.893246264233561 ], [ 145.146475675421129, -37.893345555759375 ], [ 145.146406823692189, -37.893342759326565 ], [ 145.146407352307818, -37.893321684111321 ], [ 145.146384913760556, -37.893307815569976 ], [ 145.146339452689602, -37.893307099457424 ], [ 145.146346864806816, -37.893239640761003 ], [ 145.14638683396322, -37.893231260301022 ] ] ] ] } },
{ "type": "Feature", "properties": { "Join_Count": 1, "TARGET_FID": 788606, "BF_FID": 1792723, "PARCEL_VIE": "1477533", "LAND_USE_T": "Residential - R1Z", "FLOOR_LEVE": -9.99, "FLOOD_RISK": -9999, "GROUND_ELE": 119.5, "HEIGHT_AVE": 3.51, "NO_OF_GROU": 0, "NO_ABOVE_G": -9999, "SOURCE_OF_": 1, "ACCURACY_O": 0, "DATE_CAPTU": null, "CAPTURED_B": null, "DATE_LAST_": null, "UPDATED_BY": null, "MI_PRINX": 0.0, "LGA_CODE": "348", "LGA_NAME": "MONASH", "height": 0 }, "geometry": { "type": "MultiPolygon", "coordinates": [ [ [ [ 145.146705823460394, -37.892529084851255 ], [ 145.146723899298735, -37.892556129414132 ], [ 145.146721868808953, -37.892607184487815 ], [ 145.146579206760237, -37.892589980905456 ], [ 145.146584470639539, -37.892495998766051 ], [ 145.146692995562631, -37.892498428811614 ], [ 145.146691491315664, -37.892528498728289 ], [ 145.146705823460394, -37.892529084851255 ] ] ] ] } },
{ "type": "Feature", "properties": { "Join_Count": 1, "TARGET_FID": 790439, "BF_FID": 1794556, "PARCEL_VIE": "1477532", "LAND_USE_T": "Residential - R1Z", "FLOOR_LEVE": -9.99, "FLOOD_RISK": -9999, "GROUND_ELE": 119.67, "HEIGHT_AVE": 4.32, "NO_OF_GROU": 0, "NO_ABOVE_G": -9999, "SOURCE_OF_": 1, "ACCURACY_O": 0, "DATE_CAPTU": null, "CAPTURED_B": null, "DATE_LAST_": null, "UPDATED_BY": null, "MI_PRINX": 0.0, "LGA_CODE": "348", "LGA_NAME": "MONASH", "height": 0 }, "geometry": { "type": "MultiPolygon", "coordinates": [ [ [ [ 145.146702874794642, -37.892418575049582 ], [ 145.146702128320555, -37.892429645669807 ], [ 145.146605809132666, -37.892419118617759 ], [ 145.14662088220922, -37.89227050978932 ], [ 145.146746765454253, -37.892272492366992 ], [ 145.146739493853602, -37.892319410373965 ], [ 145.146709869729563, -37.892319124024993 ], [ 145.146702874794642, -37.892418575049582 ] ] ] ] } },
{ "type": "Feature", "properties": { "Join_Count": 1, "TARGET_FID": 790440, "BF_FID": 1794557, "PARCEL_VIE": "1477527", "LAND_USE_T": "Residential - R1Z", "FLOOR_LEVE": -9.99, "FLOOD_RISK": -9999, "GROUND_ELE": 119.3, "HEIGHT_AVE": 3.55, "NO_OF_GROU": 0, "NO_ABOVE_G": -9999, "SOURCE_OF_": 1, "ACCURACY_O": 0, "DATE_CAPTU": null, "CAPTURED_B": null, "DATE_LAST_": null, "UPDATED_BY": null, "MI_PRINX": 0.0, "LGA_CODE": "348", "LGA_NAME": "MONASH", "height": 0 }, "geometry": { "type": "MultiPolygon", "coordinates": [ [ [ [ 145.14634363704107, -37.892086031744135 ], [ 145.146316560288085, -37.892178589064159 ], [ 145.146073118571934, -37.892145561409023 ], [ 145.14608644722108, -37.892077745427144 ], [ 145.146213012092403, -37.892097399033219 ], [ 145.146225034945076, -37.892059205567691 ], [ 145.146345256523745, -37.892073803569836 ], [ 145.14634363704107, -37.892086031744135 ] ] ] ] } },
{ "type": "Feature", "properties": { "Join_Count": 1, "TARGET_FID": 790441, "BF_FID": 1794558, "PARCEL_VIE": "152264805", "LAND_USE_T": "Residential - R1Z", "FLOOR_LEVE": -9.99, "FLOOD_RISK": -9999, "GROUND_ELE": 119.49, "HEIGHT_AVE": 3.82, "NO_OF_GROU": 0, "NO_ABOVE_G": -9999, "SOURCE_OF_": 1, "ACCURACY_O": 0, "DATE_CAPTU": null, "CAPTURED_B": null, "DATE_LAST_": null, "UPDATED_BY": null, "MI_PRINX": 0.0, "LGA_CODE": "348", "LGA_NAME": "MONASH", "height": 0 }, "geometry": { "type": "MultiPolygon", "coordinates": [ [ [ [ 145.146780784625122, -37.892119947158378 ], [ 145.146771797726473, -37.89223153040534 ], [ 145.14669061945591, -37.89222673801018 ], [ 145.146702936811408, -37.892120703360753 ], [ 145.146780784625122, -37.892119947158378 ] ] ] ] } },
{ "type": "Feature", "properties": { "Join_Count": 1, "TARGET_FID": 790442, "BF_FID": 1794559, "PARCEL_VIE": "152264814", "LAND_USE_T": "Residential - R1Z", "FLOOR_LEVE": -9.99, "FLOOD_RISK": -9999, "GROUND_ELE": 119.42, "HEIGHT_AVE": 3.92, "NO_OF_GROU": 0, "NO_ABOVE_G": -9999, "SOURCE_OF_": 1, "ACCURACY_O": 0, "DATE_CAPTU": null, "CAPTURED_B": null, "DATE_LAST_": null, "UPDATED_BY": null, "MI_PRINX": 0.0, "LGA_CODE": "348", "LGA_NAME": "MONASH", "height": 0 }, "geometry": { "type": "MultiPolygon", "coordinates": [ [ [ [ 145.146496831185175, -37.892075830702396 ], [ 145.146593179279535, -37.892077708634687 ], [ 145.146651938336362, -37.892094041287095 ], [ 145.1466585244562, -37.892145502372529 ], [ 145.146538359128414, -37.892143609763117 ], [ 145.14654145789379, -37.892177085901956 ], [ 145.14647940681931, -37.892176108547986 ], [ 145.146496831185175, -37.892075830702396 ] ] ] ] } },
{ "type": "Feature", "properties": { "Join_Count": 1, "TARGET_FID": 791319, "BF_FID": 1795444, "PARCEL_VIE": "152410161", "LAND_USE_T": "Business - B1Z", "FLOOR_LEVE": -9.99, "FLOOD_RISK": -9999, "GROUND_ELE": 118.0, "HEIGHT_AVE": 6.53, "NO_OF_GROU": 0, "NO_ABOVE_G": -9999, "SOURCE_OF_": 1, "ACCURACY_O": 0, "DATE_CAPTU": null, "CAPTURED_B": null, "DATE_LAST_": null, "UPDATED_BY": null, "MI_PRINX": 0.0, "LGA_CODE": "348", "LGA_NAME": "MONASH", "height": 0 }, "geometry": { "type": "MultiPolygon", "coordinates": [ [ [ [ 145.142843691214011, -37.890548422809843 ], [ 145.143075551267287, -37.890571903872633 ], [ 145.143053800283411, -37.890638955894715 ], [ 145.142785153708616, -37.890612912005203 ], [ 145.142793920329126, -37.890547637327344 ], [ 145.142843691214011, -37.890548422809843 ] ] ] ] } },
{ "type": "Feature", "properties": { "Join_Count": 1, "TARGET_FID": 792347, "BF_FID": 1796474, "PARCEL_VIE": "172298236", "LAND_USE_T": "Residential - R1Z", "FLOOR_LEVE": -9.99, "FLOOD_RISK": -9999, "GROUND_ELE": 120.87, "HEIGHT_AVE": 3.71, "NO_OF_GROU": 0, "NO_ABOVE_G": -9999, "SOURCE_OF_": 1, "ACCURACY_O": 0, "DATE_CAPTU": null, "CAPTURED_B": null, "DATE_LAST_": null, "UPDATED_BY": null, "MI_PRINX": 0.0, "LGA_CODE": "348", "LGA_NAME": "MONASH", "height": 0 }, "geometry": { "type": "MultiPolygon", "coordinates": [ [ [ [ 145.148924594221455, -37.891167177250772 ], [ 145.148919541707073, -37.891275308675155 ], [ 145.148897965363545, -37.891275690078565 ], [ 145.14889477815629, -37.891301859236336 ], [ 145.148770721198247, -37.891294411564544 ], [ 145.148779229268456, -37.891175612530539 ], [ 145.148843372245551, -37.891179144388474 ], [ 145.148855389518701, -37.891156087457354 ], [ 145.148924594221455, -37.891167177250772 ] ] ] ] } },
{ "type": "Feature", "properties": { "Join_Count": 1, "TARGET_FID": 792348, "BF_FID": 1796475, "PARCEL_VIE": "172298244", "LAND_USE_T": "Residential - R1Z", "FLOOR_LEVE": -9.99, "FLOOD_RISK": -9999, "GROUND_ELE": 120.86, "HEIGHT_AVE": 3.68, "NO_OF_GROU": 0, "NO_ABOVE_G": -9999, "SOURCE_OF_": 1, "ACCURACY_O": 0, "DATE_CAPTU": null, "CAPTURED_B": null, "DATE_LAST_": null, "UPDATED_BY": null, "MI_PRINX": 0.0, "LGA_CODE": "348", "LGA_NAME": "MONASH", "height": 0 }, "geometry": { "type": "MultiPolygon", "coordinates": [ [ [ [ 145.148763849009498, -37.891123292392002 ], [ 145.148743950825008, -37.891281286230914 ], [ 145.148675995326698, -37.891280217156982 ], [ 145.148670731171279, -37.891262024106489 ], [ 145.148626790083341, -37.891256827770654 ], [ 145.148636172102556, -37.891166784610192 ], [ 145.14866551008538, -37.891167246168784 ], [ 145.148670406888328, -37.891132724551476 ], [ 145.148763849009498, -37.891123292392002 ] ] ] ] } },
{ "type": "Feature", "properties": { "Join_Count": 1, "TARGET_FID": 793969, "BF_FID": 1798104, "PARCEL_VIE": "1477079", "LAND_USE_T": "Residential - R1Z", "FLOOR_LEVE": -9.99, "FLOOD_RISK": -9999, "GROUND_ELE": 112.36, "HEIGHT_AVE": 3.61, "NO_OF_GROU": 0, "NO_ABOVE_G": -9999, "SOURCE_OF_": 1, "ACCURACY_O": 0, "DATE_CAPTU": null, "CAPTURED_B": null, "DATE_LAST_": null, "UPDATED_BY": null, "MI_PRINX": 0.0, "LGA_CODE": "348", "LGA_NAME": "MONASH", "height": 0 }, "geometry": { "type": "MultiPolygon", "coordinates": [ [ [ [ 145.14434891371414, -37.89584125028145 ], [ 145.144403101652188, -37.895845528616427 ], [ 145.144406156505909, -37.895813500994358 ], [ 145.144450998612768, -37.895827723191815 ], [ 145.144431563695406, -37.895922022298549 ], [ 145.144239628270668, -37.895909985459305 ], [ 145.144254388396178, -37.89580020546974 ], [ 145.144351318210084, -37.895805247981045 ], [ 145.14434891371414, -37.89584125028145 ] ] ] ] } },
{ "type": "Feature", "properties": { "Join_Count": 1, "TARGET_FID": 793970, "BF_FID": 1798105, "PARCEL_VIE": "1477080", "LAND_USE_T": "Residential - R1Z", "FLOOR_LEVE": -9.99, "FLOOD_RISK": -9999, "GROUND_ELE": 111.79, "HEIGHT_AVE": 3.41, "NO_OF_GROU": 0, "NO_ABOVE_G": -9999, "SOURCE_OF_": 1, "ACCURACY_O": 0, "DATE_CAPTU": null, "CAPTURED_B": null, "DATE_LAST_": null, "UPDATED_BY": null, "MI_PRINX": 0.0, "LGA_CODE": "348", "LGA_NAME": "MONASH", "height": 0 }, "geometry": { "type": "MultiPolygon", "coordinates": [ [ [ [ 145.144447147858614, -37.896025883671328 ], [ 145.144438154180506, -37.896111427468163 ], [ 145.144381462270644, -37.896106028454767 ], [ 145.144376196624535, -37.896087925309764 ], [ 145.144342189232304, -37.896082883998623 ], [ 145.144302444499488, -37.896082257226425 ], [ 145.144301960467857, -37.896101531109174 ], [ 145.144211110906696, -37.896093340825097 ], [ 145.144225014648697, -37.895995260407695 ], [ 145.14444852274147, -37.896012210068847 ], [ 145.144447147858614, -37.896025883671328 ] ] ] ] } },
{ "type": "Feature", "properties": { "Join_Count": 1, "TARGET_FID": 794035, "BF_FID": 1798170, "PARCEL_VIE": "1477082", "LAND_USE_T": "Residential - R1Z", "FLOOR_LEVE": -9.99, "FLOOD_RISK": -9999, "GROUND_ELE": 109.05, "HEIGHT_AVE": 3.83, "NO_OF_GROU": 0, "NO_ABOVE_G": -9999, "SOURCE_OF_": 1, "ACCURACY_O": 0, "DATE_CAPTU": null, "CAPTURED_B": null, "DATE_LAST_": null, "UPDATED_BY": null, "MI_PRINX": 0.0, "LGA_CODE": "348", "LGA_NAME": "MONASH", "height": 0 }, "geometry": { "type": "MultiPolygon", "coordinates": [ [ [ [ 145.144280027149478, -37.896519341816244 ], [ 145.144301482873544, -37.896523824803516 ], [ 145.144289576830886, -37.896561028764737 ], [ 145.144420333829714, -37.896593274447412 ], [ 145.144413465580868, -37.896642721435448 ], [ 145.144160883711322, -37.896610897074034 ], [ 145.14416567604016, -37.896569436309726 ], [ 145.14420251514801, -37.896570017306146 ], [ 145.144210501868145, -37.896513379927846 ], [ 145.144280027149478, -37.896519341816244 ] ] ] ] } },
{ "type": "Feature", "properties": { "Join_Count": 1, "TARGET_FID": 794036, "BF_FID": 1798171, "PARCEL_VIE": "1478909", "LAND_USE_T": "Residential - R1Z", "FLOOR_LEVE": -9.99, "FLOOD_RISK": -9999, "GROUND_ELE": 108.72, "HEIGHT_AVE": 4.07, "NO_OF_GROU": 0, "NO_ABOVE_G": -9999, "SOURCE_OF_": 1, "ACCURACY_O": 0, "DATE_CAPTU": null, "CAPTURED_B": null, "DATE_LAST_": null, "UPDATED_BY": null, "MI_PRINX": 0.0, "LGA_CODE": "348", "LGA_NAME": "MONASH", "height": 0 }, "geometry": { "type": "MultiPolygon", "coordinates": [ [ [ [ 145.144266816397078, -37.896821330666818 ], [ 145.144263941472815, -37.896935803102267 ], [ 145.144045750142652, -37.896916143806052 ], [ 145.144051285552422, -37.896848835917751 ], [ 145.144110809523426, -37.896849774735841 ], [ 145.144112954323617, -37.89681665156845 ], [ 145.144266816397078, -37.896821330666818 ] ] ] ] } },
{ "type": "Feature", "properties": { "Join_Count": 1, "TARGET_FID": 794037, "BF_FID": 1798172, "PARCEL_VIE": "172683889", "LAND_USE_T": "Residential - R1Z", "FLOOR_LEVE": -9.99, "FLOOD_RISK": -9999, "GROUND_ELE": 108.25, "HEIGHT_AVE": 3.52, "NO_OF_GROU": 0, "NO_ABOVE_G": -9999, "SOURCE_OF_": 1, "ACCURACY_O": 0, "DATE_CAPTU": null, "CAPTURED_B": null, "DATE_LAST_": null, "UPDATED_BY": null, "MI_PRINX": 0.0, "LGA_CODE": "348", "LGA_NAME": "MONASH", "height": 0 }, "geometry": { "type": "MultiPolygon", "coordinates": [ [ [ [ 145.14438955629123, -37.896687394669165 ], [ 145.144429282003557, -37.896692526142054 ], [ 145.144421003677934, -37.896794389404981 ], [ 145.144231724334531, -37.896788521251395 ], [ 145.144231156253852, -37.896725261718871 ], [ 145.144337698865314, -37.896713516954087 ], [ 145.14434409319324, -37.896686677732106 ], [ 145.14438955629123, -37.896687394669165 ] ] ] ] } },
{ "type": "Feature", "properties": { "Join_Count": 1, "TARGET_FID": 794038, "BF_FID": 1798173, "PARCEL_VIE": "172683889", "LAND_USE_T": "Residential - R1Z", "FLOOR_LEVE": -9.99, "FLOOD_RISK": -9999, "GROUND_ELE": 109.09, "HEIGHT_AVE": 3.52, "NO_OF_GROU": 0, "NO_ABOVE_G": -9999, "SOURCE_OF_": 1, "ACCURACY_O": 0, "DATE_CAPTU": null, "CAPTURED_B": null, "DATE_LAST_": null, "UPDATED_BY": null, "MI_PRINX": 0.0, "LGA_CODE": "348", "LGA_NAME": "MONASH", "height": 0 }, "geometry": { "type": "MultiPolygon", "coordinates": [ [ [ [ 145.144100395988829, -37.896655804253868 ], [ 145.144208043207811, -37.896671017086781 ], [ 145.144188381512976, -37.896774322612295 ], [ 145.144052331407408, -37.896758661783757 ], [ 145.144083335619683, -37.89665553517802 ], [ 145.144100395988829, -37.896655804253868 ] ] ] ] } },
{ "type": "Feature", "properties": { "Join_Count": 1, "TARGET_FID": 794039, "BF_FID": 1798174, "PARCEL_VIE": "172683892", "LAND_USE_T": "Residential - R1Z", "FLOOR_LEVE": -9.99, "FLOOD_RISK": -9999, "GROUND_ELE": 108.11, "HEIGHT_AVE": 3.22, "NO_OF_GROU": 0, "NO_ABOVE_G": -9999, "SOURCE_OF_": 1, "ACCURACY_O": 0, "DATE_CAPTU": null, "CAPTURED_B": null, "DATE_LAST_": null, "UPDATED_BY": null, "MI_PRINX": 0.0, "LGA_CODE": "348", "LGA_NAME": "MONASH", "height": 0 }, "geometry": { "type": "MultiPolygon", "coordinates": [ [ [ [ 145.144514992252056, -37.89667387536673 ], [ 145.144507867480769, -37.896729805553889 ], [ 145.144479464743455, -37.896729357683192 ], [ 145.14447991707641, -37.89671134470877 ], [ 145.14444590939064, -37.89670630342043 ], [ 145.144449438744999, -37.896670318860437 ], [ 145.144514992252056, -37.89667387536673 ] ] ] ] } },
{ "type": "Feature", "properties": { "Join_Count": 1, "TARGET_FID": 794851, "BF_FID": 1799057, "PARCEL_VIE": "1467903", "LAND_USE_T": "Business - B3Z", "FLOOR_LEVE": -9.99, "FLOOD_RISK": -9999, "GROUND_ELE": 108.91, "HEIGHT_AVE": 6.6, "NO_OF_GROU": 0, "NO_ABOVE_G": -9999, "SOURCE_OF_": 1, "ACCURACY_O": 0, "DATE_CAPTU": null, "CAPTURED_B": null, "DATE_LAST_": null, "UPDATED_BY": null, "MI_PRINX": 0.0, "LGA_CODE": "348", "LGA_NAME": "MONASH", "height": 0 }, "geometry": { "type": "MultiPolygon", "coordinates": [ [ [ [ 145.140734141826982, -37.897784962347721 ], [ 145.140864591237687, -37.897799637532998 ], [ 145.140881105700458, -37.897821612668032 ], [ 145.140994850960965, -37.897814399677721 ], [ 145.14112509034959, -37.897829972261697 ], [ 145.141033461440884, -37.89832605954426 ], [ 145.140902606032341, -37.898320027768072 ], [ 145.140882207224081, -37.898452423467063 ], [ 145.140712334207961, -37.898431719338419 ], [ 145.140748575405723, -37.898299573992546 ], [ 145.140710261854451, -37.898283020825076 ], [ 145.140619240146862, -37.898281582559072 ], [ 145.140692759124619, -37.897845666887015 ], [ 145.140721369286325, -37.897841613930581 ], [ 145.1407223891363, -37.89780108483216 ], [ 145.140705328535518, -37.89780081525987 ], [ 145.140705784072026, -37.897782712262646 ], [ 145.140734141826982, -37.897784962347721 ] ] ] ] } },
{ "type": "Feature", "properties": { "Join_Count": 1, "TARGET_FID": 794852, "BF_FID": 1799058, "PARCEL_VIE": "1467912", "LAND_USE_T": "Business - B3Z", "FLOOR_LEVE": -9.99, "FLOOD_RISK": -9999, "GROUND_ELE": 109.03, "HEIGHT_AVE": 15.4, "NO_OF_GROU": 0, "NO_ABOVE_G": -9999, "SOURCE_OF_": 1, "ACCURACY_O": 0, "DATE_CAPTU": null, "CAPTURED_B": null, "DATE_LAST_": null, "UPDATED_BY": null, "MI_PRINX": 0.0, "LGA_CODE": "348", "LGA_NAME": "MONASH", "height": 0 }, "geometry": { "type": "MultiPolygon", "coordinates": [ [ [ [ 145.143156514946412, -37.897560119100454 ], [ 145.143158404787442, -37.897708814757763 ], [ 145.143135719809749, -37.897708456785139 ], [ 145.143123378222015, -37.897744302232901 ], [ 145.143180278173276, -37.897745200121342 ], [ 145.143191168004222, -37.897763392062146 ], [ 145.143134778088239, -37.89796982348448 ], [ 145.14301544719126, -37.897967940346284 ], [ 145.142981665407177, -37.897953892145438 ], [ 145.142924745858551, -37.897957498874923 ], [ 145.142856955975503, -37.897938408889907 ], [ 145.142629433476628, -37.897916797660244 ], [ 145.14265994383166, -37.897646887655164 ], [ 145.1426767426548, -37.897642647786569 ], [ 145.142678101015036, -37.897588608926775 ], [ 145.142718186103451, -37.897575726553136 ], [ 145.14274198350725, -37.897535556937974 ], [ 145.142822020956174, -37.897518800087767 ], [ 145.142822403529721, -37.897503579140732 ], [ 145.143162519550515, -37.897545076968044 ], [ 145.143156514946412, -37.897560119100454 ] ] ] ] } },
{ "type": "Feature", "properties": { "Join_Count": 1, "TARGET_FID": 794853, "BF_FID": 1799059, "PARCEL_VIE": "1467912", "LAND_USE_T": "Business - B3Z", "FLOOR_LEVE": -9.99, "FLOOD_RISK": -9999, "GROUND_ELE": 111.64, "HEIGHT_AVE": 6.04, "NO_OF_GROU": 0, "NO_ABOVE_G": -9999, "SOURCE_OF_": 1, "ACCURACY_O": 0, "DATE_CAPTU": null, "CAPTURED_B": null, "DATE_LAST_": null, "UPDATED_BY": null, "MI_PRINX": 0.0, "LGA_CODE": "348", "LGA_NAME": "MONASH", "height": 0 }, "geometry": { "type": "MultiPolygon", "coordinates": [ [ [ [ 145.14234766662824, -37.896934489031707 ], [ 145.142710558203902, -37.896976347692664 ], [ 145.142715936684795, -37.89698994766173 ], [ 145.142897902845334, -37.896988314600073 ], [ 145.142897563303109, -37.897001824318117 ], [ 145.14294769405214, -37.897007120505883 ], [ 145.142889668965353, -37.897293535278749 ], [ 145.142686140169246, -37.897268788930596 ], [ 145.142717712479481, -37.897143146555017 ], [ 145.142643733081144, -37.897146483885813 ], [ 145.14264328029364, -37.897164496840141 ], [ 145.142609159348922, -37.897163958257515 ], [ 145.142604233673495, -37.897132345330178 ], [ 145.14229240728244, -37.897095887655119 ], [ 145.142328679288056, -37.897010864809552 ], [ 145.142330606211715, -37.896934219700164 ], [ 145.14234766662824, -37.896934489031707 ] ], [ [ 145.142696386003536, -37.897088749637028 ], [ 145.142695933229788, -37.897106762592067 ], [ 145.142718731209243, -37.897102617405835 ], [ 145.142732111043273, -37.89702173813069 ], [ 145.142709426281982, -37.897021380081377 ], [ 145.142696386003536, -37.897088749637028 ] ] ] ] } },
{ "type": "Feature", "properties": { "Join_Count": 1, "TARGET_FID": 794854, "BF_FID": 1799060, "PARCEL_VIE": "1467912", "LAND_USE_T": "Business - B3Z", "FLOOR_LEVE": -9.99, "FLOOD_RISK": -9999, "GROUND_ELE": 111.37, "HEIGHT_AVE": 8.7, "NO_OF_GROU": 0, "NO_ABOVE_G": -9999, "SOURCE_OF_": 1, "ACCURACY_O": 0, "DATE_CAPTU": null, "CAPTURED_B": null, "DATE_LAST_": null, "UPDATED_BY": null, "MI_PRINX": 0.0, "LGA_CODE": "348", "LGA_NAME": "MONASH", "height": 0 }, "geometry": { "type": "MultiPolygon", "coordinates": [ [ [ [ 145.141891733097623, -37.896751594414454 ], [ 145.142139198524518, -37.8967780269343 ], [ 145.142052381907433, -37.897247161004991 ], [ 145.142265125775339, -37.897278360966894 ], [ 145.142205631350038, -37.897608180601864 ], [ 145.141701227084724, -37.897543993202767 ], [ 145.141700946210079, -37.897555161227729 ], [ 145.141666825103329, -37.897554622367267 ], [ 145.141519451298791, -37.897534274742931 ], [ 145.141606231860862, -37.897021982418416 ], [ 145.141787838798109, -37.897038365502283 ], [ 145.141839239652597, -37.896750765494176 ], [ 145.141891733097623, -37.896751594414454 ] ] ] ] } },
{ "type": "Feature", "properties": { "Join_Count": 1, "TARGET_FID": 794855, "BF_FID": 1799061, "PARCEL_VIE": "1467912", "LAND_USE_T": "Business - B3Z", "FLOOR_LEVE": -9.99, "FLOOD_RISK": -9999, "GROUND_ELE": 112.46, "HEIGHT_AVE": 7.77, "NO_OF_GROU": 0, "NO_ABOVE_G": -9999, "SOURCE_OF_": 1, "ACCURACY_O": 0, "DATE_CAPTU": null, "CAPTURED_B": null, "DATE_LAST_": null, "UPDATED_BY": null, "MI_PRINX": 0.0, "LGA_CODE": "348", "LGA_NAME": "MONASH", "height": 0 }, "geometry": { "type": "MultiPolygon", "coordinates": [ [ [ [ 145.142439031343514, -37.895818054273413 ], [ 145.142425262566746, -37.896000200373905 ], [ 145.142447753654011, -37.896004519840403 ], [ 145.142450756822484, -37.89596339131031 ], [ 145.142587971082122, -37.895969972198678 ], [ 145.142595058718769, -37.895915573258399 ], [ 145.1426235743061, -37.895911518336206 ], [ 145.142678727202195, -37.895925903955366 ], [ 145.14267242306039, -37.89598644210345 ], [ 145.143478398073682, -37.896061780690651 ], [ 145.143495157346081, -37.896074028473237 ], [ 145.143516012194112, -37.896150942949852 ], [ 145.143475947421507, -37.896159320901795 ], [ 145.143446526624416, -37.896199401960224 ], [ 145.143433260900764, -37.896275778110422 ], [ 145.143432921465092, -37.896289287834236 ], [ 145.143455492867162, -37.896294148979592 ], [ 145.143442679711569, -37.896352512164519 ], [ 145.143470629714415, -37.896370973246832 ], [ 145.14346983771074, -37.89640249593581 ], [ 145.143417279627926, -37.896460232044738 ], [ 145.143410430135589, -37.896505174238037 ], [ 145.143387423225221, -37.896513911391359 ], [ 145.14339133086699, -37.896586053465242 ], [ 145.143374157370744, -37.896590287527935 ], [ 145.143373704770283, -37.896608300491437 ], [ 145.143406015100595, -37.896680890700551 ], [ 145.143353589327432, -37.89672961881142 ], [ 145.143268154859101, -37.896737280824219 ], [ 145.143276564292876, -37.896712365571695 ], [ 145.142375285164775, -37.896608040393993 ], [ 145.142361887846192, -37.896637381862824 ], [ 145.142476166517895, -37.896019474542598 ], [ 145.142464757723985, -37.896018213240758 ], [ 145.142358878719023, -37.89662652229741 ], [ 145.141895039973065, -37.896582798288357 ], [ 145.141911755507948, -37.896469986101557 ], [ 145.142022178806684, -37.896471729688493 ], [ 145.14209601014872, -37.895914812853611 ], [ 145.142352869699039, -37.895951664680098 ], [ 145.14236544768923, -37.895816892664492 ], [ 145.142439031343514, -37.895818054273413 ] ] ] ] } },
{ "type": "Feature", "properties": { "Join_Count": 1, "TARGET_FID": 794856, "BF_FID": 1799062, "PARCEL_VIE": "1467996", "LAND_USE_T": "Business - B3Z", "FLOOR_LEVE": -9.99, "FLOOD_RISK": -9999, "GROUND_ELE": 108.59, "HEIGHT_AVE": 6.76, "NO_OF_GROU": 0, "NO_ABOVE_G": -9999, "SOURCE_OF_": 1, "ACCURACY_O": 0, "DATE_CAPTU": null, "CAPTURED_B": null, "DATE_LAST_": null, "UPDATED_BY": null, "MI_PRINX": 0.0, "LGA_CODE": "348", "LGA_NAME": "MONASH", "height": 0 }, "geometry": { "type": "MultiPolygon", "coordinates": [ [ [ [ 145.141584594299729, -37.897882280561738 ], [ 145.141777432594466, -37.89790334608729 ], [ 145.14179975834881, -37.897921718746922 ], [ 145.14195309712872, -37.897928645143573 ], [ 145.14186767662639, -37.898386898856515 ], [ 145.141816381133538, -37.898390593855183 ], [ 145.141803906017486, -37.898435447092112 ], [ 145.141747005579333, -37.898434548524556 ], [ 145.14173532321584, -37.898447879105724 ], [ 145.141707787394978, -37.898636655248126 ], [ 145.141537612924708, -37.898620452568728 ], [ 145.141564696099778, -37.898449689416239 ], [ 145.141451215509449, -37.898438887033315 ], [ 145.141544282327345, -37.897904169009358 ], [ 145.141550566783906, -37.89788174314414 ], [ 145.141584594299729, -37.897882280561738 ] ] ] ] } },
{ "type": "Feature", "properties": { "Join_Count": 1, "TARGET_FID": 794857, "BF_FID": 1799063, "PARCEL_VIE": "172790848", "LAND_USE_T": "Business - B3Z", "FLOOR_LEVE": -9.99, "FLOOD_RISK": -9999, "GROUND_ELE": 108.87, "HEIGHT_AVE": 6.96, "NO_OF_GROU": 0, "NO_ABOVE_G": -9999, "SOURCE_OF_": 1, "ACCURACY_O": 0, "DATE_CAPTU": null, "CAPTURED_B": null, "DATE_LAST_": null, "UPDATED_BY": null, "MI_PRINX": 0.0, "LGA_CODE": "348", "LGA_NAME": "MONASH", "height": 0 }, "geometry": { "type": "MultiPolygon", "coordinates": [ [ [ [ 145.141302766938992, -37.898464923889854 ], [ 145.141296403051683, -37.898490502000357 ], [ 145.141194265043453, -37.898479878536151 ], [ 145.14116874754788, -37.898592101022786 ], [ 145.140988623837217, -37.898568802645343 ], [ 145.141073306901887, -37.898110267691145 ], [ 145.141361625341915, -37.898141942393771 ], [ 145.141302766938992, -37.898464923889854 ] ] ] ] } },
{ "type": "Feature", "properties": { "Join_Count": 1, "TARGET_FID": 794858, "BF_FID": 1799064, "PARCEL_VIE": "172790885", "LAND_USE_T": "Business - B3Z", "FLOOR_LEVE": -9.99, "FLOOD_RISK": -9999, "GROUND_ELE": 109.09, "HEIGHT_AVE": 6.77, "NO_OF_GROU": 0, "NO_ABOVE_G": -9999, "SOURCE_OF_": 1, "ACCURACY_O": 0, "DATE_CAPTU": null, "CAPTURED_B": null, "DATE_LAST_": null, "UPDATED_BY": null, "MI_PRINX": 0.0, "LGA_CODE": "348", "LGA_NAME": "MONASH", "height": 0 }, "geometry": { "type": "MultiPolygon", "coordinates": [ [ [ [ 145.141159431615222, -37.897832947471429 ], [ 145.141413597472848, -37.897861559707316 ], [ 145.141361625341915, -37.898141942393771 ], [ 145.141073306901887, -37.898110267691145 ], [ 145.14112509034959, -37.897829972261697 ], [ 145.141159431615222, -37.897832947471429 ] ] ] ] } },
{ "type": "Feature", "properties": { "Join_Count": 1, "TARGET_FID": 795563, "BF_FID": 1799772, "PARCEL_VIE": "172844181", "LAND_USE_T": "Residential - R1Z", "FLOOR_LEVE": -9.99, "FLOOD_RISK": -9999, "GROUND_ELE": 119.06, "HEIGHT_AVE": 3.53, "NO_OF_GROU": 0, "NO_ABOVE_G": -9999, "SOURCE_OF_": 1, "ACCURACY_O": 0, "DATE_CAPTU": null, "CAPTURED_B": null, "DATE_LAST_": null, "UPDATED_BY": null, "MI_PRINX": 0.0, "LGA_CODE": "348", "LGA_NAME": "MONASH", "height": 0 }, "geometry": { "type": "MultiPolygon", "coordinates": [ [ [ [ 145.149354879228838, -37.893688023506428 ], [ 145.149400227840403, -37.893693241718978 ], [ 145.149399212898658, -37.893733771045056 ], [ 145.149438730945462, -37.893743402580768 ], [ 145.149426296515117, -37.893824297609321 ], [ 145.149295162758733, -37.893799710137714 ], [ 145.149309211336146, -37.893691810318863 ], [ 145.149354879228838, -37.893688023506428 ] ] ] ] } },
{ "type": "Feature", "properties": { "Join_Count": 1, "TARGET_FID": 795564, "BF_FID": 1799773, "PARCEL_VIE": "172844185", "LAND_USE_T": "Residential - R1Z", "FLOOR_LEVE": -9.99, "FLOOD_RISK": -9999, "GROUND_ELE": 118.79, "HEIGHT_AVE": 3.57, "NO_OF_GROU": 0, "NO_ABOVE_G": -9999, "SOURCE_OF_": 1, "ACCURACY_O": 0, "DATE_CAPTU": null, "CAPTURED_B": null, "DATE_LAST_": null, "UPDATED_BY": null, "MI_PRINX": 0.0, "LGA_CODE": "348", "LGA_NAME": "MONASH", "height": 0 }, "geometry": { "type": "MultiPolygon", "coordinates": [ [ [ [ 145.149547180371457, -37.893726457186006 ], [ 145.149571122659012, -37.893736474449085 ], [ 145.149550680607348, -37.893886260661688 ], [ 145.149452425685553, -37.893878048097214 ], [ 145.149456013368507, -37.893779714620393 ], [ 145.149508129990522, -37.893780534193269 ], [ 145.149512029796796, -37.893725904431385 ], [ 145.149547180371457, -37.893726457186006 ] ] ] ] } },
{ "type": "Feature", "properties": { "Join_Count": 1, "TARGET_FID": 795565, "BF_FID": 1799774, "PARCEL_VIE": "172844193", "LAND_USE_T": "Residential - R1Z", "FLOOR_LEVE": -9.99, "FLOOD_RISK": -9999, "GROUND_ELE": 118.65, "HEIGHT_AVE": 3.57, "NO_OF_GROU": 0, "NO_ABOVE_G": -9999, "SOURCE_OF_": 1, "ACCURACY_O": 0, "DATE_CAPTU": null, "CAPTURED_B": null, "DATE_LAST_": null, "UPDATED_BY": null, "MI_PRINX": 0.0, "LGA_CODE": "348", "LGA_NAME": "MONASH", "height": 0 }, "geometry": { "type": "MultiPolygon", "coordinates": [ [ [ [ 145.149683529805515, -37.893733736963966 ], [ 145.149722259980365, -37.893752366080477 ], [ 145.149697029778395, -37.893872433922986 ], [ 145.149589270259241, -37.893861819506888 ], [ 145.149596765191433, -37.893790938059134 ], [ 145.149657486420438, -37.893796397903152 ], [ 145.149667313670761, -37.893733481979872 ], [ 145.149683529805515, -37.893733736963966 ] ] ] ] } },
{ "type": "Feature", "properties": { "Join_Count": 1, "TARGET_FID": 800212, "BF_FID": 1804437, "PARCEL_VIE": "1477623", "LAND_USE_T": "Residential - R1Z", "FLOOR_LEVE": -9.99, "FLOOD_RISK": -9999, "GROUND_ELE": 108.63, "HEIGHT_AVE": 4.57, "NO_OF_GROU": 0, "NO_ABOVE_G": -9999, "SOURCE_OF_": 1, "ACCURACY_O": 0, "DATE_CAPTU": null, "CAPTURED_B": null, "DATE_LAST_": null, "UPDATED_BY": null, "MI_PRINX": 0.0, "LGA_CODE": "348", "LGA_NAME": "MONASH", "height": 0 }, "geometry": { "type": "MultiPolygon", "coordinates": [ [ [ [ 145.148434435493641, -37.898877934622284 ], [ 145.148530518593503, -37.89890197162412 ], [ 145.148521749113769, -37.898974995291525 ], [ 145.148432067872875, -37.898972412849183 ], [ 145.148352515866264, -37.898943590270981 ], [ 145.148357821735061, -37.89887781025913 ], [ 145.148434435493641, -37.898877934622284 ] ] ] ] } },
{ "type": "Feature", "properties": { "Join_Count": 1, "TARGET_FID": 800213, "BF_FID": 1804438, "PARCEL_VIE": "201947043", "LAND_USE_T": "Residential - R1Z", "FLOOR_LEVE": -9.99, "FLOOD_RISK": -9999, "GROUND_ELE": 111.98, "HEIGHT_AVE": 3.53, "NO_OF_GROU": 0, "NO_ABOVE_G": -9999, "SOURCE_OF_": 1, "ACCURACY_O": 0, "DATE_CAPTU": null, "CAPTURED_B": null, "DATE_LAST_": null, "UPDATED_BY": null, "MI_PRINX": 0.0, "LGA_CODE": "348", "LGA_NAME": "MONASH", "height": 0 }, "geometry": { "type": "MultiPolygon", "coordinates": [ [ [ [ 145.148045065136841, -37.898533839920887 ], [ 145.148116901311283, -37.898616061001597 ], [ 145.148093670767338, -37.898633715507486 ], [ 145.148030919763812, -37.898641737956957 ], [ 145.147981314121068, -37.898581761151569 ], [ 145.147981862705251, -37.898559875351133 ], [ 145.148010943455574, -37.898533302887714 ], [ 145.148045065136841, -37.898533839920887 ] ] ] ] } },
{ "type": "Feature", "properties": { "Join_Count": 1, "TARGET_FID": 800214, "BF_FID": 1804439, "PARCEL_VIE": "201947066", "LAND_USE_T": "Residential - R1Z", "FLOOR_LEVE": -9.99, "FLOOD_RISK": -9999, "GROUND_ELE": 111.1, "HEIGHT_AVE": 3.42, "NO_OF_GROU": 0, "NO_ABOVE_G": -9999, "SOURCE_OF_": 1, "ACCURACY_O": 0, "DATE_CAPTU": null, "CAPTURED_B": null, "DATE_LAST_": null, "UPDATED_BY": null, "MI_PRINX": 0.0, "LGA_CODE": "348", "LGA_NAME": "MONASH", "height": 0 }, "geometry": { "type": "MultiPolygon", "coordinates": [ [ [ [ 145.148184035226421, -37.898657662787613 ], [ 145.148200193181424, -37.898693957293844 ], [ 145.148255965414961, -37.898739885264185 ], [ 145.148255513969275, -37.898757898270908 ], [ 145.148187061904508, -37.898783851196512 ], [ 145.148097684622002, -37.898701804596932 ], [ 145.148103892686891, -37.898682350480264 ], [ 145.148150007226377, -37.898657127268521 ], [ 145.148184035226421, -37.898657662787613 ] ] ] ] } },
{ "type": "Feature", "properties": { "Join_Count": 1, "TARGET_FID": 800215, "BF_FID": 1804440, "PARCEL_VIE": "201947075", "LAND_USE_T": "Residential - R1Z", "FLOOR_LEVE": -9.99, "FLOOD_RISK": -9999, "GROUND_ELE": 108.75, "HEIGHT_AVE": 3.68, "NO_OF_GROU": 0, "NO_ABOVE_G": -9999, "SOURCE_OF_": 1, "ACCURACY_O": 0, "DATE_CAPTU": null, "CAPTURED_B": null, "DATE_LAST_": null, "UPDATED_BY": null, "MI_PRINX": 0.0, "LGA_CODE": "348", "LGA_NAME": "MONASH", "height": 0 }, "geometry": { "type": "MultiPolygon", "coordinates": [ [ [ [ 145.148587172062975, -37.898740591921175 ], [ 145.148650700277074, -37.898787632845625 ], [ 145.148577542643324, -37.89884045203133 ], [ 145.148483156835994, -37.898748686155805 ], [ 145.148533104284809, -37.898712711036481 ], [ 145.148587172062975, -37.898740591921175 ] ] ] ] } },
{ "type": "Feature", "properties": { "Join_Count": 1, "TARGET_FID": 800216, "BF_FID": 1804441, "PARCEL_VIE": "201947085", "LAND_USE_T": "Residential - R1Z", "FLOOR_LEVE": -9.99, "FLOOD_RISK": -9999, "GROUND_ELE": 110.49, "HEIGHT_AVE": 3.64, "NO_OF_GROU": 0, "NO_ABOVE_G": -9999, "SOURCE_OF_": 1, "ACCURACY_O": 0, "DATE_CAPTU": null, "CAPTURED_B": null, "DATE_LAST_": null, "UPDATED_BY": null, "MI_PRINX": 0.0, "LGA_CODE": "348", "LGA_NAME": "MONASH", "height": 0 }, "geometry": { "type": "MultiPolygon", "coordinates": [ [ [ [ 145.148471296044022, -37.898653173135479 ], [ 145.148480860044458, -37.898660711870619 ], [ 145.148417477382111, -37.898708909436408 ], [ 145.148310547782074, -37.898627487806394 ], [ 145.148372701577983, -37.898575937239741 ], [ 145.148471296044022, -37.898653173135479 ] ] ] ] } },
{ "type": "Feature", "properties": { "Join_Count": 1, "TARGET_FID": 800217, "BF_FID": 1804442, "PARCEL_VIE": "201947097", "LAND_USE_T": "Residential - R1Z", "FLOOR_LEVE": -9.99, "FLOOD_RISK": -9999, "GROUND_ELE": 111.61, "HEIGHT_AVE": 3.55, "NO_OF_GROU": 0, "NO_ABOVE_G": -9999, "SOURCE_OF_": 1, "ACCURACY_O": 0, "DATE_CAPTU": null, "CAPTURED_B": null, "DATE_LAST_": null, "UPDATED_BY": null, "MI_PRINX": 0.0, "LGA_CODE": "348", "LGA_NAME": "MONASH", "height": 0 }, "geometry": { "type": "MultiPolygon", "coordinates": [ [ [ [ 145.148325984088501, -37.89860277286234 ], [ 145.148305640313509, -37.898617499519183 ], [ 145.148209103600692, -37.898525519378254 ], [ 145.148245506002752, -37.898487439105828 ], [ 145.148364090952697, -37.898575261140635 ], [ 145.148325984088501, -37.89860277286234 ] ] ] ] } },
{ "type": "Feature", "properties": { "Join_Count": 1, "TARGET_FID": 800218, "BF_FID": 1804443, "PARCEL_VIE": "201947105", "LAND_USE_T": "Residential - R1Z", "FLOOR_LEVE": -9.99, "FLOOD_RISK": -9999, "GROUND_ELE": 112.28, "HEIGHT_AVE": 4.09, "NO_OF_GROU": 0, "NO_ABOVE_G": -9999, "SOURCE_OF_": 1, "ACCURACY_O": 0, "DATE_CAPTU": null, "CAPTURED_B": null, "DATE_LAST_": null, "UPDATED_BY": null, "MI_PRINX": 0.0, "LGA_CODE": "348", "LGA_NAME": "MONASH", "height": 0 }, "geometry": { "type": "MultiPolygon", "coordinates": [ [ [ [ 145.148216358208344, -37.898419404986853 ], [ 145.148229292567436, -37.8984421336759 ], [ 145.148157990316236, -37.898477051790984 ], [ 145.148121628617616, -37.898449899873093 ], [ 145.148102216434211, -37.898453648888456 ], [ 145.148072032512573, -37.898419476237848 ], [ 145.148168652322454, -37.898365945395483 ], [ 145.148216358208344, -37.898419404986853 ] ] ] ] } },
{ "type": "Feature", "properties": { "Join_Count": 1, "TARGET_FID": 800219, "BF_FID": 1804444, "PARCEL_VIE": "201947113", "LAND_USE_T": "Residential - R1Z", "FLOOR_LEVE": -9.99, "FLOOD_RISK": -9999, "GROUND_ELE": 112.72, "HEIGHT_AVE": 3.64, "NO_OF_GROU": 0, "NO_ABOVE_G": -9999, "SOURCE_OF_": 1, "ACCURACY_O": 0, "DATE_CAPTU": null, "CAPTURED_B": null, "DATE_LAST_": null, "UPDATED_BY": null, "MI_PRINX": 0.0, "LGA_CODE": "348", "LGA_NAME": "MONASH", "height": 0 }, "geometry": { "type": "MultiPolygon", "coordinates": [ [ [ [ 145.148157663032634, -37.898355410886175 ], [ 145.148168652322454, -37.898365945395483 ], [ 145.148072032512573, -37.898419476237848 ], [ 145.148032704365335, -37.898346056019619 ], [ 145.148109618385206, -37.89830050433094 ], [ 145.148157663032634, -37.898355410886175 ] ] ] ] } },
{ "type": "Feature", "properties": { "Join_Count": 1, "TARGET_FID": 800220, "BF_FID": 1804445, "PARCEL_VIE": "201947121", "LAND_USE_T": "Residential - R1Z", "FLOOR_LEVE": -9.99, "FLOOD_RISK": -9999, "GROUND_ELE": 113.03, "HEIGHT_AVE": 3.1, "NO_OF_GROU": 0, "NO_ABOVE_G": -9999, "SOURCE_OF_": 1, "ACCURACY_O": 0, "DATE_CAPTU": null, "CAPTURED_B": null, "DATE_LAST_": null, "UPDATED_BY": null, "MI_PRINX": 0.0, "LGA_CODE": "348", "LGA_NAME": "MONASH", "height": 0 }, "geometry": { "type": "MultiPolygon", "coordinates": [ [ [ [ 145.14803667072033, -37.898187811762405 ], [ 145.148080807486991, -37.898241485536566 ], [ 145.148046347323572, -37.898254458271836 ], [ 145.148040087362915, -37.898275983883046 ], [ 145.14803096840069, -37.898265658999563 ], [ 145.14800529274018, -37.898279851185649 ], [ 145.147923056127297, -37.898182329444865 ], [ 145.147998852033965, -37.89814396827262 ], [ 145.14803667072033, -37.898187811762405 ] ] ] ] } },
{ "type": "Feature", "properties": { "Join_Count": 1, "TARGET_FID": 800490, "BF_FID": 1804715, "PARCEL_VIE": "202021310", "LAND_USE_T": "Residential - R1Z", "FLOOR_LEVE": -9.99, "FLOOD_RISK": -9999, "GROUND_ELE": 118.5, "HEIGHT_AVE": 3.82, "NO_OF_GROU": 0, "NO_ABOVE_G": -9999, "SOURCE_OF_": 1, "ACCURACY_O": 0, "DATE_CAPTU": null, "CAPTURED_B": null, "DATE_LAST_": null, "UPDATED_BY": null, "MI_PRINX": 0.0, "LGA_CODE": "348", "LGA_NAME": "MONASH", "height": 0 }, "geometry": { "type": "MultiPolygon", "coordinates": [ [ [ [ 145.149525639525535, -37.893938846058511 ], [ 145.149516697732309, -37.89403754584324 ], [ 145.149346418857505, -37.894025857938018 ], [ 145.149354115780739, -37.893943176503583 ], [ 145.149450528911387, -37.893953792904014 ], [ 145.149450984498685, -37.893935599740047 ], [ 145.149525639525535, -37.893938846058511 ] ] ] ] } },
{ "type": "Feature", "properties": { "Join_Count": 1, "TARGET_FID": 801141, "BF_FID": 1805366, "PARCEL_VIE": "150752400", "LAND_USE_T": "Residential - R1Z", "FLOOR_LEVE": -9.99, "FLOOD_RISK": -9999, "GROUND_ELE": 118.34, "HEIGHT_AVE": 5.19, "NO_OF_GROU": 0, "NO_ABOVE_G": -9999, "SOURCE_OF_": 1, "ACCURACY_O": 0, "DATE_CAPTU": null, "CAPTURED_B": null, "DATE_LAST_": null, "UPDATED_BY": null, "MI_PRINX": 0.0, "LGA_CODE": "348", "LGA_NAME": "MONASH", "height": 0 }, "geometry": { "type": "MultiPolygon", "coordinates": [ [ [ [ 145.145670180717957, -37.89369308762641 ], [ 145.145698111058749, -37.893716052901759 ], [ 145.145695555912226, -37.893758089614373 ], [ 145.145583797147481, -37.893749931330817 ], [ 145.145586846124132, -37.893691954598822 ], [ 145.145670180717957, -37.89369308762641 ] ] ] ] } },
{ "type": "Feature", "properties": { "Join_Count": 1, "TARGET_FID": 801142, "BF_FID": 1805367, "PARCEL_VIE": "150752383", "LAND_USE_T": "Residential - R1Z", "FLOOR_LEVE": -9.99, "FLOOD_RISK": -9999, "GROUND_ELE": 118.4, "HEIGHT_AVE": 4.09, "NO_OF_GROU": 0, "NO_ABOVE_G": -9999, "SOURCE_OF_": 1, "ACCURACY_O": 0, "DATE_CAPTU": null, "CAPTURED_B": null, "DATE_LAST_": null, "UPDATED_BY": null, "MI_PRINX": 0.0, "LGA_CODE": "348", "LGA_NAME": "MONASH", "height": 0 }, "geometry": { "type": "MultiPolygon", "coordinates": [ [ [ [ 145.145729921758772, -37.893576898247794 ], [ 145.145755304543457, -37.893581803247294 ], [ 145.145750826690744, -37.893670571873663 ], [ 145.145600894288719, -37.893666497312488 ], [ 145.145605388871303, -37.893603227425025 ], [ 145.145638289681841, -37.89360374589414 ], [ 145.145638773321565, -37.893584471988603 ], [ 145.145673118668213, -37.893576003152077 ], [ 145.145729921758772, -37.893576898247794 ] ] ] ] } },
{ "type": "Feature", "properties": { "Join_Count": 1, "TARGET_FID": 803202, "BF_FID": 1807428, "PARCEL_VIE": "1477697", "LAND_USE_T": "Residential - R1Z", "FLOOR_LEVE": -9.99, "FLOOD_RISK": -9999, "GROUND_ELE": 101.29, "HEIGHT_AVE": 4.14, "NO_OF_GROU": 0, "NO_ABOVE_G": -9999, "SOURCE_OF_": 1, "ACCURACY_O": 0, "DATE_CAPTU": null, "CAPTURED_B": null, "DATE_LAST_": null, "UPDATED_BY": null, "MI_PRINX": 0.0, "LGA_CODE": "348", "LGA_NAME": "MONASH", "height": 0 }, "geometry": { "type": "MultiPolygon", "coordinates": [ [ [ [ 145.144898877855326, -37.89912534633595 ], [ 145.144885240211295, -37.899283798323523 ], [ 145.144773661735911, -37.899279336154223 ], [ 145.144760533604853, -37.899271831027406 ], [ 145.144775114469923, -37.899116907847805 ], [ 145.144898877855326, -37.89912534633595 ] ] ] ] } },
{ "type": "Feature", "properties": { "Join_Count": 1, "TARGET_FID": 804758, "BF_FID": 1808992, "PARCEL_VIE": "2613850", "LAND_USE_T": "Business - B1Z", "FLOOR_LEVE": -9.99, "FLOOD_RISK": -9999, "GROUND_ELE": 118.0, "HEIGHT_AVE": 6.98, "NO_OF_GROU": 0, "NO_ABOVE_G": -9999, "SOURCE_OF_": 1, "ACCURACY_O": 0, "DATE_CAPTU": null, "CAPTURED_B": null, "DATE_LAST_": null, "UPDATED_BY": null, "MI_PRINX": 0.0, "LGA_CODE": "348", "LGA_NAME": "MONASH", "height": 0 }, "geometry": { "type": "MultiPolygon", "coordinates": [ [ [ [ 145.142964037797896, -37.891188594656782 ], [ 145.142896614507919, -37.891632807751343 ], [ 145.142855973911594, -37.891641807139159 ], [ 145.142629326039582, -37.89161228104124 ], [ 145.142697340454532, -37.891166996237736 ], [ 145.142964037797896, -37.891188594656782 ] ] ] ] } },
{ "type": "Feature", "properties": { "Join_Count": 1, "TARGET_FID": 805407, "BF_FID": 1809641, "PARCEL_VIE": "1468046", "LAND_USE_T": "Business - B3Z", "FLOOR_LEVE": -9.99, "FLOOD_RISK": -9999, "GROUND_ELE": 111.13, "HEIGHT_AVE": 9.23, "NO_OF_GROU": 0, "NO_ABOVE_G": -9999, "SOURCE_OF_": 1, "ACCURACY_O": 0, "DATE_CAPTU": null, "CAPTURED_B": null, "DATE_LAST_": null, "UPDATED_BY": null, "MI_PRINX": 0.0, "LGA_CODE": "348", "LGA_NAME": "MONASH", "height": 0 }, "geometry": { "type": "MultiPolygon", "coordinates": [ [ [ [ 145.140704540355074, -37.89647560491364 ], [ 145.140772316972686, -37.89649514641733 ], [ 145.141072817179236, -37.896526924142606 ], [ 145.140975710968263, -37.8969985077308 ], [ 145.140979862412223, -37.897057138634111 ], [ 145.140962555822597, -37.897070380287609 ], [ 145.140967160453272, -37.897110998253254 ], [ 145.140942776181333, -37.897178188376756 ], [ 145.14096947954846, -37.897246185619224 ], [ 145.140923223080364, -37.897276989991035 ], [ 145.140909405301187, -37.897371467289751 ], [ 145.140932183885781, -37.897371827169721 ], [ 145.140931843979615, -37.897385336871828 ], [ 145.14090344104801, -37.897384888131718 ], [ 145.140883887828437, -37.897483689733342 ], [ 145.140899928617301, -37.897524488382572 ], [ 145.140346594609753, -37.897470694583831 ], [ 145.140544455530488, -37.896509566040194 ], [ 145.140540967584343, -37.896461847764428 ], [ 145.140704540355074, -37.89647560491364 ] ] ] ] } },
{ "type": "Feature", "properties": { "Join_Count": 1, "TARGET_FID": 805408, "BF_FID": 1809642, "PARCEL_VIE": "1468046", "LAND_USE_T": "Business - B3Z", "FLOOR_LEVE": -9.99, "FLOOD_RISK": -9999, "GROUND_ELE": 114.54, "HEIGHT_AVE": 14.91, "NO_OF_GROU": 0, "NO_ABOVE_G": -9999, "SOURCE_OF_": 1, "ACCURACY_O": 0, "DATE_CAPTU": null, "CAPTURED_B": null, "DATE_LAST_": null, "UPDATED_BY": null, "MI_PRINX": 0.0, "LGA_CODE": "348", "LGA_NAME": "MONASH", "height": 0 }, "geometry": { "type": "MultiPolygon", "coordinates": [ [ [ [ 145.140973886383335, -37.89571427653064 ], [ 145.141172229765715, -37.895739934992143 ], [ 145.14115211101884, -37.895861252864336 ], [ 145.14122561650305, -37.895880434099418 ], [ 145.141192700210667, -37.896055700224984 ], [ 145.141042668303015, -37.896055402453555 ], [ 145.141032268404444, -37.896107226146256 ], [ 145.141009429030504, -37.896109298042795 ], [ 145.14076299662284, -37.896079185370937 ], [ 145.140794972076975, -37.895945080440342 ], [ 145.140718024332699, -37.895939720023854 ], [ 145.140750952187631, -37.895760309598877 ], [ 145.140908357811725, -37.895765679761162 ], [ 145.140928197380902, -37.895722564760504 ], [ 145.140973886383335, -37.89571427653064 ] ] ] ] } },
{ "type": "Feature", "properties": { "Join_Count": 1, "TARGET_FID": 805418, "BF_FID": 1809652, "PARCEL_VIE": "2613432", "LAND_USE_T": "Business - B1Z", "FLOOR_LEVE": -9.99, "FLOOD_RISK": -9999, "GROUND_ELE": 117.84, "HEIGHT_AVE": 6.62, "NO_OF_GROU": 0, "NO_ABOVE_G": -9999, "SOURCE_OF_": 1, "ACCURACY_O": 0, "DATE_CAPTU": null, "CAPTURED_B": null, "DATE_LAST_": null, "UPDATED_BY": null, "MI_PRINX": 0.0, "LGA_CODE": "348", "LGA_NAME": "MONASH", "height": 0 }, "geometry": { "type": "MultiPolygon", "coordinates": [ [ [ [ 145.14298595151169, -37.890872507181804 ], [ 145.142980174561075, -37.890908366156083 ], [ 145.14274138099907, -37.890880901141131 ], [ 145.142754429740705, -37.890798214537369 ], [ 145.142993629648032, -37.890824424527416 ], [ 145.14298595151169, -37.890872507181804 ] ] ] ] } },
{ "type": "Feature", "properties": { "Join_Count": 1, "TARGET_FID": 805419, "BF_FID": 1809653, "PARCEL_VIE": "2613435", "LAND_USE_T": "Business - B1Z", "FLOOR_LEVE": -9.99, "FLOOD_RISK": -9999, "GROUND_ELE": 117.85, "HEIGHT_AVE": 3.55, "NO_OF_GROU": 0, "NO_ABOVE_G": -9999, "SOURCE_OF_": 1, "ACCURACY_O": 0, "DATE_CAPTU": null, "CAPTURED_B": null, "DATE_LAST_": null, "UPDATED_BY": null, "MI_PRINX": 0.0, "LGA_CODE": "348", "LGA_NAME": "MONASH", "height": 0 }, "geometry": { "type": "MultiPolygon", "coordinates": [ [ [ [ 145.142756321166473, -37.891081160251723 ], [ 145.142946682561728, -37.89110308561483 ], [ 145.142930389955524, -37.891176801087397 ], [ 145.142697578109875, -37.891157539426779 ], [ 145.142727981737721, -37.891078280263265 ], [ 145.142756321166473, -37.891081160251723 ] ] ] ] } },
{ "type": "Feature", "properties": { "Join_Count": 1, "TARGET_FID": 805420, "BF_FID": 1809654, "PARCEL_VIE": "2613818", "LAND_USE_T": "Business - B1Z", "FLOOR_LEVE": -9.99, "FLOOD_RISK": -9999, "GROUND_ELE": 117.94, "HEIGHT_AVE": 3.36, "NO_OF_GROU": 0, "NO_ABOVE_G": -9999, "SOURCE_OF_": 1, "ACCURACY_O": 0, "DATE_CAPTU": null, "CAPTURED_B": null, "DATE_LAST_": null, "UPDATED_BY": null, "MI_PRINX": 0.0, "LGA_CODE": "348", "LGA_NAME": "MONASH", "height": 0 }, "geometry": { "type": "MultiPolygon", "coordinates": [ [ [ [ 145.142896394700273, -37.890484742521394 ], [ 145.143096182923557, -37.890508348106422 ], [ 145.143075551267287, -37.890571903872633 ], [ 145.142860718477948, -37.890549952937128 ], [ 145.142844822790778, -37.890503390368075 ], [ 145.142856616799435, -37.890485556377328 ], [ 145.142896394700273, -37.890484742521394 ] ] ] ] } },
{ "type": "Feature", "properties": { "Join_Count": 1, "TARGET_FID": 806988, "BF_FID": 1811227, "PARCEL_VIE": "1478819", "LAND_USE_T": "Residential - R1Z", "FLOOR_LEVE": -9.99, "FLOOD_RISK": -9999, "GROUND_ELE": 120.23, "HEIGHT_AVE": 3.73, "NO_OF_GROU": 0, "NO_ABOVE_G": -9999, "SOURCE_OF_": 1, "ACCURACY_O": 0, "DATE_CAPTU": null, "CAPTURED_B": null, "DATE_LAST_": null, "UPDATED_BY": null, "MI_PRINX": 0.0, "LGA_CODE": "348", "LGA_NAME": "MONASH", "height": 0 }, "geometry": { "type": "MultiPolygon", "coordinates": [ [ [ [ 145.14913469946535, -37.89271471725619 ], [ 145.149138811179427, -37.892778933589454 ], [ 145.149026494475095, -37.892774373839138 ], [ 145.149033404833006, -37.892704384231401 ], [ 145.14913469946535, -37.89271471725619 ] ] ] ] } },
{ "type": "Feature", "properties": { "Join_Count": 1, "TARGET_FID": 807071, "BF_FID": 1811312, "PARCEL_VIE": "172791301", "LAND_USE_T": "Business - B3Z", "FLOOR_LEVE": -9.99, "FLOOD_RISK": -9999, "GROUND_ELE": 108.71, "HEIGHT_AVE": 7.21, "NO_OF_GROU": 0, "NO_ABOVE_G": -9999, "SOURCE_OF_": 1, "ACCURACY_O": 0, "DATE_CAPTU": null, "CAPTURED_B": null, "DATE_LAST_": null, "UPDATED_BY": null, "MI_PRINX": 0.0, "LGA_CODE": "348", "LGA_NAME": "MONASH", "height": 0 }, "geometry": { "type": "MultiPolygon", "coordinates": [ [ [ [ 145.142034796246946, -37.89806959092769 ], [ 145.142539352511363, -37.8981316169181 ], [ 145.142613332900197, -37.898128279679369 ], [ 145.14269818358656, -37.898147639095129 ], [ 145.142737929393803, -37.898148266437815 ], [ 145.142738382174258, -37.89813025348554 ], [ 145.142755442870765, -37.898130522765143 ], [ 145.142668555420016, -37.898647319257606 ], [ 145.142651381402601, -37.89865155319977 ], [ 145.142643849704427, -37.898723604804189 ], [ 145.142609142548508, -37.898750087106436 ], [ 145.142285646529842, -37.89872245519561 ], [ 145.142305766662474, -37.898601047092548 ], [ 145.141914575007576, -37.898554325312354 ], [ 145.142000768636194, -37.89806905363799 ], [ 145.142034796246946, -37.89806959092769 ] ] ] ] } },
{ "type": "Feature", "properties": { "Join_Count": 1, "TARGET_FID": 808410, "BF_FID": 1812668, "PARCEL_VIE": "2613638", "LAND_USE_T": "Business - B1Z", "FLOOR_LEVE": -9.99, "FLOOD_RISK": -9999, "GROUND_ELE": 118.01, "HEIGHT_AVE": 6.31, "NO_OF_GROU": 0, "NO_ABOVE_G": -9999, "SOURCE_OF_": 1, "ACCURACY_O": 0, "DATE_CAPTU": null, "CAPTURED_B": null, "DATE_LAST_": null, "UPDATED_BY": null, "MI_PRINX": 0.0, "LGA_CODE": "348", "LGA_NAME": "MONASH", "height": 0 }, "geometry": { "type": "MultiPolygon", "coordinates": [ [ [ [ 145.144412950162121, -37.89054614781783 ], [ 145.144458390156842, -37.890551369356565 ], [ 145.144463448695205, -37.890573974274616 ], [ 145.14454851743622, -37.890584325668605 ], [ 145.144559406627195, -37.890602517485 ], [ 145.144507048525497, -37.89087658891998 ], [ 145.144376551596139, -37.890864259746799 ], [ 145.14434298303496, -37.890841835957957 ], [ 145.144387361718856, -37.890545744325955 ], [ 145.144412950162121, -37.89054614781783 ] ] ] ] } },
{ "type": "Feature", "properties": { "Join_Count": 1, "TARGET_FID": 809130, "BF_FID": 1813396, "PARCEL_VIE": "1477670", "LAND_USE_T": "Residential - R1Z", "FLOOR_LEVE": -9.99, "FLOOD_RISK": -9999, "GROUND_ELE": 104.72, "HEIGHT_AVE": 3.53, "NO_OF_GROU": 0, "NO_ABOVE_G": -9999, "SOURCE_OF_": 1, "ACCURACY_O": 0, "DATE_CAPTU": null, "CAPTURED_B": null, "DATE_LAST_": null, "UPDATED_BY": null, "MI_PRINX": 0.0, "LGA_CODE": "348", "LGA_NAME": "MONASH", "height": 0 }, "geometry": { "type": "MultiPolygon", "coordinates": [ [ [ [ 145.144527637205243, -37.897757443521996 ], [ 145.144629681078897, -37.897768062601521 ], [ 145.144654351019597, -37.897786471688399 ], [ 145.144649222572781, -37.897818917115004 ], [ 145.144614655204151, -37.897817471067079 ], [ 145.144611601335981, -37.897853192821785 ], [ 145.144559669466616, -37.897852373962785 ], [ 145.144553097915235, -37.897875065773036 ], [ 145.144498091963811, -37.897869693387797 ], [ 145.144510576577687, -37.897757174501493 ], [ 145.144527637205243, -37.897757443521996 ] ] ] ] } },
{ "type": "Feature", "properties": { "Join_Count": 1, "TARGET_FID": 809131, "BF_FID": 1813397, "PARCEL_VIE": "1477672", "LAND_USE_T": "Residential - R1Z", "FLOOR_LEVE": -9.99, "FLOOD_RISK": -9999, "GROUND_ELE": 103.94, "HEIGHT_AVE": 3.72, "NO_OF_GROU": 0, "NO_ABOVE_G": -9999, "SOURCE_OF_": 1, "ACCURACY_O": 0, "DATE_CAPTU": null, "CAPTURED_B": null, "DATE_LAST_": null, "UPDATED_BY": null, "MI_PRINX": 0.0, "LGA_CODE": "348", "LGA_NAME": "MONASH", "height": 0 }, "geometry": { "type": "MultiPolygon", "coordinates": [ [ [ [ 145.144580099571698, -37.898159127972114 ], [ 145.144554702807312, -37.898192064703395 ], [ 145.144416224082335, -37.898142307981793 ], [ 145.144475149190413, -37.898081248026998 ], [ 145.144603265655064, -37.898129129379093 ], [ 145.144580099571698, -37.898159127972114 ] ] ] ] } },
{ "type": "Feature", "properties": { "Join_Count": 1, "TARGET_FID": 811264, "BF_FID": 1815536, "PARCEL_VIE": "204385396", "LAND_USE_T": "Residential - R1Z", "FLOOR_LEVE": -9.99, "FLOOD_RISK": -9999, "GROUND_ELE": 120.1, "HEIGHT_AVE": 3.57, "NO_OF_GROU": 0, "NO_ABOVE_G": -9999, "SOURCE_OF_": 1, "ACCURACY_O": 0, "DATE_CAPTU": null, "CAPTURED_B": null, "DATE_LAST_": null, "UPDATED_BY": null, "MI_PRINX": 0.0, "LGA_CODE": "348", "LGA_NAME": "MONASH", "height": 0 }, "geometry": { "type": "MultiPolygon", "coordinates": [ [ [ [ 145.148931044653153, -37.892822698080927 ], [ 145.148903839072688, -37.892890566414245 ], [ 145.148773133565584, -37.892848956090859 ], [ 145.148796910903485, -37.89279067462622 ], [ 145.148931044653153, -37.892822698080927 ] ] ] ] } },
{ "type": "Feature", "properties": { "Join_Count": 1, "TARGET_FID": 811265, "BF_FID": 1815537, "PARCEL_VIE": "204385388", "LAND_USE_T": "Residential - R1Z", "FLOOR_LEVE": -9.99, "FLOOD_RISK": -9999, "GROUND_ELE": 120.13, "HEIGHT_AVE": 3.07, "NO_OF_GROU": 0, "NO_ABOVE_G": -9999, "SOURCE_OF_": 1, "ACCURACY_O": 0, "DATE_CAPTU": null, "CAPTURED_B": null, "DATE_LAST_": null, "UPDATED_BY": null, "MI_PRINX": 0.0, "LGA_CODE": "348", "LGA_NAME": "MONASH", "height": 0 }, "geometry": { "type": "MultiPolygon", "coordinates": [ [ [ [ 145.149129343277764, -37.892857442538435 ], [ 145.149115151075563, -37.892926146308476 ], [ 145.148951963304398, -37.89290474842074 ], [ 145.148967890462131, -37.892841658202578 ], [ 145.149129343277764, -37.892857442538435 ] ] ] ] } },
{ "type": "Feature", "properties": { "Join_Count": 1, "TARGET_FID": 811816, "BF_FID": 1816090, "PARCEL_VIE": "151759074", "LAND_USE_T": "Residential - R1Z", "FLOOR_LEVE": -9.99, "FLOOD_RISK": -9999, "GROUND_ELE": 107.21, "HEIGHT_AVE": 3.4, "NO_OF_GROU": 0, "NO_ABOVE_G": -9999, "SOURCE_OF_": 1, "ACCURACY_O": 0, "DATE_CAPTU": null, "CAPTURED_B": null, "DATE_LAST_": null, "UPDATED_BY": null, "MI_PRINX": 0.0, "LGA_CODE": "348", "LGA_NAME": "MONASH", "height": 0 }, "geometry": { "type": "MultiPolygon", "coordinates": [ [ [ [ 145.144312176201879, -37.89713235223082 ], [ 145.144322765328667, -37.897229737691674 ], [ 145.144228374919606, -37.897220590563151 ], [ 145.144221842569323, -37.897125972090038 ], [ 145.144312176201879, -37.89713235223082 ] ] ] ] } },
{ "type": "Feature", "properties": { "Join_Count": 1, "TARGET_FID": 811817, "BF_FID": 1816091, "PARCEL_VIE": "151759066", "LAND_USE_T": "Residential - R1Z", "FLOOR_LEVE": -9.99, "FLOOD_RISK": -9999, "GROUND_ELE": 108.2, "HEIGHT_AVE": 4.16, "NO_OF_GROU": 0, "NO_ABOVE_G": -9999, "SOURCE_OF_": 1, "ACCURACY_O": 0, "DATE_CAPTU": null, "CAPTURED_B": null, "DATE_LAST_": null, "UPDATED_BY": null, "MI_PRINX": 0.0, "LGA_CODE": "348", "LGA_NAME": "MONASH", "height": 0 }, "geometry": { "type": "MultiPolygon", "coordinates": [ [ [ [ 145.144117748275676, -37.897096219014927 ], [ 145.144133608952728, -37.897106920826658 ], [ 145.144119116790449, -37.89719481057346 ], [ 145.144024894561909, -37.897190170960926 ], [ 145.144028504608087, -37.897147249950947 ], [ 145.143999633023498, -37.897146794567782 ], [ 145.144004213709366, -37.897091364895225 ], [ 145.144117748275676, -37.897096219014927 ] ] ] ] } },
{ "type": "Feature", "properties": { "Join_Count": 1, "TARGET_FID": 812093, "BF_FID": 1816367, "PARCEL_VIE": "207594465", "LAND_USE_T": "Residential - R1Z", "FLOOR_LEVE": -9.99, "FLOOD_RISK": -9999, "GROUND_ELE": 118.78, "HEIGHT_AVE": 3.65, "NO_OF_GROU": 0, "NO_ABOVE_G": -9999, "SOURCE_OF_": 1, "ACCURACY_O": 0, "DATE_CAPTU": null, "CAPTURED_B": null, "DATE_LAST_": null, "UPDATED_BY": null, "MI_PRINX": 0.0, "LGA_CODE": "348", "LGA_NAME": "MONASH", "height": 0 }, "geometry": { "type": "MultiPolygon", "coordinates": [ [ [ [ 145.145423234541255, -37.892431932210151 ], [ 145.145528100251312, -37.8924381799863 ], [ 145.145511037509749, -37.892505306344113 ], [ 145.145294246842411, -37.89247891401191 ], [ 145.145314772172554, -37.892415806687794 ], [ 145.145423234541255, -37.892431932210151 ] ] ] ] } },
{ "type": "Feature", "properties": { "Join_Count": 1, "TARGET_FID": 812094, "BF_FID": 1816368, "PARCEL_VIE": "207594465", "LAND_USE_T": "Residential - R1Z", "FLOOR_LEVE": -9.99, "FLOOD_RISK": -9999, "GROUND_ELE": 119.03, "HEIGHT_AVE": 3.82, "NO_OF_GROU": 0, "NO_ABOVE_G": -9999, "SOURCE_OF_": 1, "ACCURACY_O": 0, "DATE_CAPTU": null, "CAPTURED_B": null, "DATE_LAST_": null, "UPDATED_BY": null, "MI_PRINX": 0.0, "LGA_CODE": "348", "LGA_NAME": "MONASH", "height": 0 }, "geometry": { "type": "MultiPolygon", "coordinates": [ [ [ [ 145.144970509410001, -37.892346138530002 ], [ 145.144970229081736, -37.892357306585531 ], [ 145.145021068142086, -37.892371623087847 ], [ 145.14521963032908, -37.892388268044158 ], [ 145.145230406915317, -37.892410963053209 ], [ 145.145206254256721, -37.892469147755705 ], [ 145.144866177141211, -37.892423241722902 ], [ 145.14486843798079, -37.892333176764438 ], [ 145.144970509410001, -37.892346138530002 ] ] ] ] } },
{ "type": "Feature", "properties": { "Join_Count": 1, "TARGET_FID": 812095, "BF_FID": 1816369, "PARCEL_VIE": "1477525", "LAND_USE_T": "Residential - R1Z", "FLOOR_LEVE": -9.99, "FLOOD_RISK": -9999, "GROUND_ELE": 119.27, "HEIGHT_AVE": 3.8, "NO_OF_GROU": 0, "NO_ABOVE_G": -9999, "SOURCE_OF_": 1, "ACCURACY_O": 0, "DATE_CAPTU": null, "CAPTURED_B": null, "DATE_LAST_": null, "UPDATED_BY": null, "MI_PRINX": 0.0, "LGA_CODE": "348", "LGA_NAME": "MONASH", "height": 0 }, "geometry": { "type": "MultiPolygon", "coordinates": [ [ [ [ 145.14604096284026, -37.892380758019577 ], [ 145.146097226200936, -37.892399394246439 ], [ 145.146115064957741, -37.892383547272779 ], [ 145.146185714625318, -37.892408086440085 ], [ 145.146129373628185, -37.892497209367946 ], [ 145.145993166406925, -37.892435777265739 ], [ 145.14604096284026, -37.892380758019577 ] ] ] ] } },
{ "type": "Feature", "properties": { "Join_Count": 1, "TARGET_FID": 812096, "BF_FID": 1816370, "PARCEL_VIE": "1477524", "LAND_USE_T": "Residential - R1Z", "FLOOR_LEVE": -9.99, "FLOOD_RISK": -9999, "GROUND_ELE": 119.24, "HEIGHT_AVE": 3.6, "NO_OF_GROU": 0, "NO_ABOVE_G": -9999, "SOURCE_OF_": 1, "ACCURACY_O": 0, "DATE_CAPTU": null, "CAPTURED_B": null, "DATE_LAST_": null, "UPDATED_BY": null, "MI_PRINX": 0.0, "LGA_CODE": "348", "LGA_NAME": "MONASH", "height": 0 }, "geometry": { "type": "MultiPolygon", "coordinates": [ [ [ [ 145.145636482624525, -37.892367807466975 ], [ 145.145576113196995, -37.892426863140031 ], [ 145.145459836608779, -37.892370880240541 ], [ 145.14550653250086, -37.8923036802883 ], [ 145.145636482624525, -37.892367807466975 ] ] ] ] } },
{ "type": "Feature", "properties": { "Join_Count": 1, "TARGET_FID": 812401, "BF_FID": 1816677, "PARCEL_VIE": "206061472", "LAND_USE_T": "Residential - R1Z", "FLOOR_LEVE": -9.99, "FLOOD_RISK": -9999, "GROUND_ELE": 114.18, "HEIGHT_AVE": 3.56, "NO_OF_GROU": 0, "NO_ABOVE_G": -9999, "SOURCE_OF_": 1, "ACCURACY_O": 0, "DATE_CAPTU": null, "CAPTURED_B": null, "DATE_LAST_": null, "UPDATED_BY": null, "MI_PRINX": 0.0, "LGA_CODE": "348", "LGA_NAME": "MONASH", "height": 0 }, "geometry": { "type": "MultiPolygon", "coordinates": [ [ [ [ 145.147642887346393, -37.898049886473167 ], [ 145.147654431018879, -37.898057005935712 ], [ 145.147699414738383, -37.898028251172875 ], [ 145.147747915146994, -37.898079921447156 ], [ 145.147655159475391, -37.898170093601337 ], [ 145.147502421734799, -37.898071822131953 ], [ 145.147561412037703, -37.89800805861227 ], [ 145.147642887346393, -37.898049886473167 ] ] ] ] } },
{ "type": "Feature", "properties": { "Join_Count": 1, "TARGET_FID": 812402, "BF_FID": 1816678, "PARCEL_VIE": "206061480", "LAND_USE_T": "Residential - R1Z", "FLOOR_LEVE": -9.99, "FLOOD_RISK": -9999, "GROUND_ELE": 113.82, "HEIGHT_AVE": 3.32, "NO_OF_GROU": 0, "NO_ABOVE_G": -9999, "SOURCE_OF_": 1, "ACCURACY_O": 0, "DATE_CAPTU": null, "CAPTURED_B": null, "DATE_LAST_": null, "UPDATED_BY": null, "MI_PRINX": 0.0, "LGA_CODE": "348", "LGA_NAME": "MONASH", "height": 0 }, "geometry": { "type": "MultiPolygon", "coordinates": [ [ [ [ 145.14784807479478, -37.897978693287129 ], [ 145.147849699469674, -37.898026111754653 ], [ 145.147896175484192, -37.898031348315868 ], [ 145.14786066620735, -37.89822459570302 ], [ 145.147789159198538, -37.898226533569385 ], [ 145.147788335117411, -37.898259407300777 ], [ 145.147756182118741, -37.898258901183532 ], [ 145.147728117416221, -37.898244944329242 ], [ 145.147725552150831, -37.898208863726346 ], [ 145.147727859374498, -37.898195384961589 ], [ 145.147754481659092, -37.898195804027218 ], [ 145.147781033598619, -37.897974574605797 ], [ 145.14784807479478, -37.897978693287129 ] ] ] ] } },
{ "type": "Feature", "properties": { "Join_Count": 1, "TARGET_FID": 812536, "BF_FID": 1816813, "PARCEL_VIE": "207342377", "LAND_USE_T": "Residential - R1Z", "FLOOR_LEVE": -9.99, "FLOOD_RISK": -9999, "GROUND_ELE": 109.79, "HEIGHT_AVE": 4.47, "NO_OF_GROU": 0, "NO_ABOVE_G": -9999, "SOURCE_OF_": 1, "ACCURACY_O": 0, "DATE_CAPTU": null, "CAPTURED_B": null, "DATE_LAST_": null, "UPDATED_BY": null, "MI_PRINX": 0.0, "LGA_CODE": "348", "LGA_NAME": "MONASH", "height": 0 }, "geometry": { "type": "MultiPolygon", "coordinates": [ [ [ [ 145.144284105323976, -37.896356954862227 ], [ 145.144420895856143, -37.896365509149618 ], [ 145.144413439834523, -37.896430894666302 ], [ 145.144390060367726, -37.896439536041939 ], [ 145.14438836405148, -37.896507084695386 ], [ 145.144105316793514, -37.89647108567101 ], [ 145.144110591200103, -37.896343226097947 ], [ 145.144284105323976, -37.896356954862227 ] ] ] ] } },
{ "type": "Feature", "properties": { "Join_Count": 1, "TARGET_FID": 814510, "BF_FID": 1818804, "PARCEL_VIE": "206177154", "LAND_USE_T": "Residential - R1Z", "FLOOR_LEVE": -9.99, "FLOOD_RISK": -9999, "GROUND_ELE": 104.29, "HEIGHT_AVE": 3.57, "NO_OF_GROU": 0, "NO_ABOVE_G": -9999, "SOURCE_OF_": 1, "ACCURACY_O": 0, "DATE_CAPTU": null, "CAPTURED_B": null, "DATE_LAST_": null, "UPDATED_BY": null, "MI_PRINX": 0.0, "LGA_CODE": "348", "LGA_NAME": "MONASH", "height": 0 }, "geometry": { "type": "MultiPolygon", "coordinates": [ [ [ [ 145.144559733684332, -37.897928239613655 ], [ 145.144562485114676, -37.897956844863458 ], [ 145.144635593567529, -37.897984487179443 ], [ 145.14463412353993, -37.898043029338567 ], [ 145.144481123391728, -37.898022596696258 ], [ 145.144494942553251, -37.897924154540036 ], [ 145.144559733684332, -37.897928239613655 ] ] ] ] } },
{ "type": "Feature", "properties": { "Join_Count": 1, "TARGET_FID": 814511, "BF_FID": 1818805, "PARCEL_VIE": "206177162", "LAND_USE_T": "Residential - R1Z", "FLOOR_LEVE": -9.99, "FLOOD_RISK": -9999, "GROUND_ELE": 104.97, "HEIGHT_AVE": 3.8, "NO_OF_GROU": 0, "NO_ABOVE_G": -9999, "SOURCE_OF_": 1, "ACCURACY_O": 0, "DATE_CAPTU": null, "CAPTURED_B": null, "DATE_LAST_": null, "UPDATED_BY": null, "MI_PRINX": 0.0, "LGA_CODE": "348", "LGA_NAME": "MONASH", "height": 0 }, "geometry": { "type": "MultiPolygon", "coordinates": [ [ [ [ 145.144319495148608, -37.89789390716885 ], [ 145.14435340962774, -37.897898947028523 ], [ 145.144364054227651, -37.897930650073846 ], [ 145.144350376391287, -37.898019723987808 ], [ 145.144250475665814, -37.898013373186487 ], [ 145.144251014033273, -37.897991937754391 ], [ 145.144236203114104, -37.897991704173222 ], [ 145.144243630100476, -37.897927489535412 ], [ 145.144284695235228, -37.897920388516567 ], [ 145.144290885127589, -37.897897961004986 ], [ 145.144319495148608, -37.89789390716885 ] ] ] ] } },
{ "type": "Feature", "properties": { "Join_Count": 1, "TARGET_FID": 816008, "BF_FID": 1820305, "PARCEL_VIE": "151818943", "LAND_USE_T": "Residential - R1Z", "FLOOR_LEVE": -9.99, "FLOOD_RISK": -9999, "GROUND_ELE": 120.97, "HEIGHT_AVE": 3.42, "NO_OF_GROU": 0, "NO_ABOVE_G": -9999, "SOURCE_OF_": 1, "ACCURACY_O": 0, "DATE_CAPTU": null, "CAPTURED_B": null, "DATE_LAST_": null, "UPDATED_BY": null, "MI_PRINX": 0.0, "LGA_CODE": "348", "LGA_NAME": "MONASH", "height": 0 }, "geometry": { "type": "MultiPolygon", "coordinates": [ [ [ [ 145.148812885993834, -37.89103360273625 ], [ 145.148812412249612, -37.891052516424089 ], [ 145.148829471371442, -37.891052784781053 ], [ 145.148835595050741, -37.891036662991716 ], [ 145.148954563255387, -37.891052590109325 ], [ 145.148958760498658, -37.89111338398255 ], [ 145.148934873893751, -37.89115733777674 ], [ 145.148843966114867, -37.89113671631636 ], [ 145.148843513592738, -37.891109859198892 ], [ 145.148730267457722, -37.891093841785434 ], [ 145.148727934560384, -37.89102226515525 ], [ 145.148812885993834, -37.89103360273625 ] ] ] ] } },
{ "type": "Feature", "properties": { "Join_Count": 1, "TARGET_FID": 816009, "BF_FID": 1820306, "PARCEL_VIE": "151818935", "LAND_USE_T": "Residential - R1Z", "FLOOR_LEVE": -9.99, "FLOOD_RISK": -9999, "GROUND_ELE": 121.04, "HEIGHT_AVE": 3.28, "NO_OF_GROU": 0, "NO_ABOVE_G": -9999, "SOURCE_OF_": 1, "ACCURACY_O": 0, "DATE_CAPTU": null, "CAPTURED_B": null, "DATE_LAST_": null, "UPDATED_BY": null, "MI_PRINX": 0.0, "LGA_CODE": "348", "LGA_NAME": "MONASH", "height": 0 }, "geometry": { "type": "MultiPolygon", "coordinates": [ [ [ [ 145.148906132449895, -37.89094586990165 ], [ 145.148962482476605, -37.890964776422805 ], [ 145.148954563255387, -37.891052590109325 ], [ 145.148835595050741, -37.891036662991716 ], [ 145.148835978552967, -37.891021351910837 ], [ 145.14881320182306, -37.891020993611008 ], [ 145.148812885993834, -37.89103360273625 ], [ 145.148722343283168, -37.891017131556985 ], [ 145.148723974392169, -37.890952014434404 ], [ 145.148865958266924, -37.890958753045084 ], [ 145.148866296644769, -37.89094524326746 ], [ 145.148906132449895, -37.89094586990165 ] ] ] ] } },
{ "type": "Feature", "properties": { "Join_Count": 1, "TARGET_FID": 816014, "BF_FID": 1820311, "PARCEL_VIE": "1477435", "LAND_USE_T": "Residential - R1Z", "FLOOR_LEVE": -9.99, "FLOOD_RISK": -9999, "GROUND_ELE": 120.62, "HEIGHT_AVE": 3.73, "NO_OF_GROU": 0, "NO_ABOVE_G": -9999, "SOURCE_OF_": 1, "ACCURACY_O": 0, "DATE_CAPTU": null, "CAPTURED_B": null, "DATE_LAST_": null, "UPDATED_BY": null, "MI_PRINX": 0.0, "LGA_CODE": "348", "LGA_NAME": "MONASH", "height": 0 }, "geometry": { "type": "MultiPolygon", "coordinates": [ [ [ [ 145.14851563610145, -37.891097402809024 ], [ 145.14861540289948, -37.891112487557173 ], [ 145.148609100041995, -37.891229339057453 ], [ 145.14849093809238, -37.891218650112378 ], [ 145.148486445749057, -37.891128478768216 ], [ 145.148498576972372, -37.891097134406294 ], [ 145.14851563610145, -37.891097402809024 ] ] ] ] } },
{ "type": "Feature", "properties": { "Join_Count": 1, "TARGET_FID": 817048, "BF_FID": 1821345, "PARCEL_VIE": "1477705", "LAND_USE_T": "Residential - R1Z", "FLOOR_LEVE": -9.99, "FLOOD_RISK": -9999, "GROUND_ELE": 107.34, "HEIGHT_AVE": 3.95, "NO_OF_GROU": 0, "NO_ABOVE_G": -9999, "SOURCE_OF_": 1, "ACCURACY_O": 0, "DATE_CAPTU": null, "CAPTURED_B": null, "DATE_LAST_": null, "UPDATED_BY": null, "MI_PRINX": 0.0, "LGA_CODE": "348", "LGA_NAME": "MONASH", "height": 0 }, "geometry": { "type": "MultiPolygon", "coordinates": [ [ [ [ 145.145712614357365, -37.898437010182491 ], [ 145.145702928438283, -37.89851281229128 ], [ 145.145629153552278, -37.898500477218704 ], [ 145.145619058677823, -37.89845058264126 ], [ 145.145638040809416, -37.89837429633581 ], [ 145.145660726023635, -37.898374653831489 ], [ 145.145661291113356, -37.898352137604697 ], [ 145.145695412665589, -37.898352675316815 ], [ 145.145695751712907, -37.898339165580417 ], [ 145.145789627840571, -37.898335238865073 ], [ 145.1457728895885, -37.898437960010909 ], [ 145.145712614357365, -37.898437010182491 ] ] ] ] } },
{ "type": "Feature", "properties": { "Join_Count": 1, "TARGET_FID": 817049, "BF_FID": 1821346, "PARCEL_VIE": "1478931", "LAND_USE_T": "Residential - R1Z", "FLOOR_LEVE": -9.99, "FLOOD_RISK": -9999, "GROUND_ELE": 110.91, "HEIGHT_AVE": 3.68, "NO_OF_GROU": 0, "NO_ABOVE_G": -9999, "SOURCE_OF_": 1, "ACCURACY_O": 0, "DATE_CAPTU": null, "CAPTURED_B": null, "DATE_LAST_": null, "UPDATED_BY": null, "MI_PRINX": 0.0, "LGA_CODE": "348", "LGA_NAME": "MONASH", "height": 0 }, "geometry": { "type": "MultiPolygon", "coordinates": [ [ [ [ 145.146092807134721, -37.897849508581778 ], [ 145.146128823282282, -37.89787917848998 ], [ 145.146161033898807, -37.897858692532218 ], [ 145.146203785655075, -37.897903965827155 ], [ 145.146174328402935, -37.897934316133068 ], [ 145.146219371880704, -37.897966741149872 ], [ 145.146114693720136, -37.898057354947625 ], [ 145.146074615116419, -37.898021404092795 ], [ 145.146115330376063, -37.897983392436146 ], [ 145.146019452175437, -37.897902683467088 ], [ 145.146092807134721, -37.897849508581778 ] ] ] ] } },
{ "type": "Feature", "properties": { "Join_Count": 1, "TARGET_FID": 817050, "BF_FID": 1821347, "PARCEL_VIE": "1477725", "LAND_USE_T": "Residential - R1Z", "FLOOR_LEVE": -9.99, "FLOOD_RISK": -9999, "GROUND_ELE": 109.97, "HEIGHT_AVE": 3.14, "NO_OF_GROU": 0, "NO_ABOVE_G": -9999, "SOURCE_OF_": 1, "ACCURACY_O": 0, "DATE_CAPTU": null, "CAPTURED_B": null, "DATE_LAST_": null, "UPDATED_BY": null, "MI_PRINX": 0.0, "LGA_CODE": "348", "LGA_NAME": "MONASH", "height": 0 }, "geometry": { "type": "MultiPolygon", "coordinates": [ [ [ [ 145.146168340965971, -37.898314986675956 ], [ 145.146343554085007, -37.898358382291676 ], [ 145.146326521999043, -37.898439204465085 ], [ 145.146222207878111, -37.89843305610848 ], [ 145.146193917444407, -37.898428105387779 ], [ 145.14618865120886, -37.898410002314805 ], [ 145.146120614764044, -37.898404425395654 ], [ 145.146131856660816, -37.898318916903158 ], [ 145.146168340965971, -37.898314986675956 ] ] ] ] } },
{ "type": "Feature", "properties": { "Join_Count": 1, "TARGET_FID": 817051, "BF_FID": 1821348, "PARCEL_VIE": "1477726", "LAND_USE_T": "Residential - R1Z", "FLOOR_LEVE": -9.99, "FLOOD_RISK": -9999, "GROUND_ELE": 109.77, "HEIGHT_AVE": 3.89, "NO_OF_GROU": 0, "NO_ABOVE_G": -9999, "SOURCE_OF_": 1, "ACCURACY_O": 0, "DATE_CAPTU": null, "CAPTURED_B": null, "DATE_LAST_": null, "UPDATED_BY": null, "MI_PRINX": 0.0, "LGA_CODE": "348", "LGA_NAME": "MONASH", "height": 0 }, "geometry": { "type": "MultiPolygon", "coordinates": [ [ [ [ 145.146334945958216, -37.898473485272099 ], [ 145.146391592410765, -37.898480774756919 ], [ 145.146378216235689, -37.898561654526887 ], [ 145.146280459207162, -37.898563268057949 ], [ 145.146280167716071, -37.898574886434645 ], [ 145.146184696683775, -37.898567615945971 ], [ 145.146187204986092, -37.898467643871868 ], [ 145.146334945958216, -37.898473485272099 ] ] ] ] } },
{ "type": "Feature", "properties": { "Join_Count": 1, "TARGET_FID": 817052, "BF_FID": 1821349, "PARCEL_VIE": "209208688", "LAND_USE_T": "Residential - R1Z", "FLOOR_LEVE": -9.99, "FLOOD_RISK": -9999, "GROUND_ELE": 109.33, "HEIGHT_AVE": 3.34, "NO_OF_GROU": 0, "NO_ABOVE_G": -9999, "SOURCE_OF_": 1, "ACCURACY_O": 0, "DATE_CAPTU": null, "CAPTURED_B": null, "DATE_LAST_": null, "UPDATED_BY": null, "MI_PRINX": 0.0, "LGA_CODE": "348", "LGA_NAME": "MONASH", "height": 0 }, "geometry": { "type": "MultiPolygon", "coordinates": [ [ [ [ 145.146009182475808, -37.898184896741668 ], [ 145.145994373050115, -37.898330355967879 ], [ 145.145861157774419, -37.898317444884434 ], [ 145.145869145732178, -37.898260717316312 ], [ 145.145913992178038, -37.898252413903919 ], [ 145.145910236809897, -37.898177841590766 ], [ 145.146009182475808, -37.898184896741668 ] ] ] ] } },
{ "type": "Feature", "properties": { "Join_Count": 1, "TARGET_FID": 817053, "BF_FID": 1821350, "PARCEL_VIE": "209208696", "LAND_USE_T": "Residential - R1Z", "FLOOR_LEVE": -9.99, "FLOOD_RISK": -9999, "GROUND_ELE": 108.49, "HEIGHT_AVE": 3.29, "NO_OF_GROU": 0, "NO_ABOVE_G": -9999, "SOURCE_OF_": 1, "ACCURACY_O": 0, "DATE_CAPTU": null, "CAPTURED_B": null, "DATE_LAST_": null, "UPDATED_BY": null, "MI_PRINX": 0.0, "LGA_CODE": "348", "LGA_NAME": "MONASH", "height": 0 }, "geometry": { "type": "MultiPolygon", "coordinates": [ [ [ [ 145.145905879433684, -37.898351486759069 ], [ 145.145951117595445, -37.898361209611679 ], [ 145.145961895204294, -37.898383904560447 ], [ 145.145947614575164, -37.898500810239049 ], [ 145.14592998875159, -37.898523057649541 ], [ 145.145845023686832, -37.898508203778491 ], [ 145.14585308337081, -37.89841498662927 ], [ 145.145882987478529, -37.898355631079674 ], [ 145.145905879433684, -37.898351486759069 ] ] ] ] } },
{ "type": "Feature", "properties": { "Join_Count": 1, "TARGET_FID": 817054, "BF_FID": 1821351, "PARCEL_VIE": "209208704", "LAND_USE_T": "Residential - R1Z", "FLOOR_LEVE": -9.99, "FLOOD_RISK": -9999, "GROUND_ELE": 107.6, "HEIGHT_AVE": 3.52, "NO_OF_GROU": 0, "NO_ABOVE_G": -9999, "SOURCE_OF_": 1, "ACCURACY_O": 0, "DATE_CAPTU": null, "CAPTURED_B": null, "DATE_LAST_": null, "UPDATED_BY": null, "MI_PRINX": 0.0, "LGA_CODE": "348", "LGA_NAME": "MONASH", "height": 0 }, "geometry": { "type": "MultiPolygon", "coordinates": [ [ [ [ 145.145894081204148, -37.8985451070956 ], [ 145.145908688946008, -37.898545967971344 ], [ 145.145910404962365, -37.898675649669535 ], [ 145.145793269696924, -37.8986572254382 ], [ 145.14579560844092, -37.898601399965528 ], [ 145.145808227292576, -37.898603040418116 ], [ 145.145838495180612, -37.898544141117661 ], [ 145.145894081204148, -37.8985451070956 ] ] ] ] } },
{ "type": "Feature", "properties": { "Join_Count": 1, "TARGET_FID": 817067, "BF_FID": 1821364, "PARCEL_VIE": "1477088", "LAND_USE_T": "Residential - R1Z", "FLOOR_LEVE": -9.99, "FLOOD_RISK": -9999, "GROUND_ELE": 106.97, "HEIGHT_AVE": 3.57, "NO_OF_GROU": 0, "NO_ABOVE_G": -9999, "SOURCE_OF_": 1, "ACCURACY_O": 0, "DATE_CAPTU": null, "CAPTURED_B": null, "DATE_LAST_": null, "UPDATED_BY": null, "MI_PRINX": 0.0, "LGA_CODE": "348", "LGA_NAME": "MONASH", "height": 0 }, "geometry": { "type": "MultiPolygon", "coordinates": [ [ [ [ 145.1440487698342, -37.897803951870891 ], [ 145.144036787095985, -37.897829261318201 ], [ 145.143934443624943, -37.897826836145164 ], [ 145.143934724164836, -37.897815668106574 ], [ 145.143878144123391, -37.897805765577608 ], [ 145.143885106609503, -37.897756320120926 ], [ 145.143908357222671, -37.897734161742711 ], [ 145.14395953907254, -37.897734969058277 ], [ 145.143967303239833, -37.897717071421155 ], [ 145.144059225625426, -37.897719962902542 ], [ 145.1440487698342, -37.897803951870891 ] ] ] ] } },
{ "type": "Feature", "properties": { "Join_Count": 1, "TARGET_FID": 817068, "BF_FID": 1821365, "PARCEL_VIE": "209209783", "LAND_USE_T": "Residential - R1Z", "FLOOR_LEVE": -9.99, "FLOOD_RISK": -9999, "GROUND_ELE": 106.92, "HEIGHT_AVE": 3.75, "NO_OF_GROU": 0, "NO_ABOVE_G": -9999, "SOURCE_OF_": 1, "ACCURACY_O": 0, "DATE_CAPTU": null, "CAPTURED_B": null, "DATE_LAST_": null, "UPDATED_BY": null, "MI_PRINX": 0.0, "LGA_CODE": "348", "LGA_NAME": "MONASH", "height": 0 }, "geometry": { "type": "MultiPolygon", "coordinates": [ [ [ [ 145.144001532385772, -37.897873845611585 ], [ 145.143982057790424, -37.897969675685928 ], [ 145.143841630159642, -37.897956468361187 ], [ 145.143853945530395, -37.897891790258718 ], [ 145.143908666977609, -37.897893554436841 ], [ 145.143909314039632, -37.89786779589685 ], [ 145.144001532385772, -37.897873845611585 ] ] ] ] } },
{ "type": "Feature", "properties": { "Join_Count": 1, "TARGET_FID": 817069, "BF_FID": 1821366, "PARCEL_VIE": "209209791", "LAND_USE_T": "Residential - R1Z", "FLOOR_LEVE": -9.99, "FLOOD_RISK": -9999, "GROUND_ELE": 105.87, "HEIGHT_AVE": 3.54, "NO_OF_GROU": 0, "NO_ABOVE_G": -9999, "SOURCE_OF_": 1, "ACCURACY_O": 0, "DATE_CAPTU": null, "CAPTURED_B": null, "DATE_LAST_": null, "UPDATED_BY": null, "MI_PRINX": 0.0, "LGA_CODE": "348", "LGA_NAME": "MONASH", "height": 0 }, "geometry": { "type": "MultiPolygon", "coordinates": [ [ [ [ 145.144143431597371, -37.897884463038551 ], [ 145.144142472436727, -37.897922650529338 ], [ 145.144215363353453, -37.897932810173906 ], [ 145.144203092262927, -37.897999471226697 ], [ 145.144055492778961, -37.897988043158165 ], [ 145.144081031540367, -37.897878523337923 ], [ 145.144143431597371, -37.897884463038551 ] ] ] ] } },
{ "type": "Feature", "properties": { "Join_Count": 1, "TARGET_FID": 817070, "BF_FID": 1821367, "PARCEL_VIE": "209209918", "LAND_USE_T": "Residential - R1Z", "FLOOR_LEVE": -9.99, "FLOOD_RISK": -9999, "GROUND_ELE": 118.8, "HEIGHT_AVE": 3.26, "NO_OF_GROU": 0, "NO_ABOVE_G": -9999, "SOURCE_OF_": 1, "ACCURACY_O": 0, "DATE_CAPTU": null, "CAPTURED_B": null, "DATE_LAST_": null, "UPDATED_BY": null, "MI_PRINX": 0.0, "LGA_CODE": "348", "LGA_NAME": "MONASH", "height": 0 }, "geometry": { "type": "MultiPolygon", "coordinates": [ [ [ [ 145.148670008819835, -37.89424046969603 ], [ 145.148733835080606, -37.894253006719005 ], [ 145.148713195137077, -37.894335754779704 ], [ 145.148605343644476, -37.894325047909369 ], [ 145.148618922988419, -37.894239665965998 ], [ 145.148670008819835, -37.89424046969603 ] ] ] ] } },
{ "type": "Feature", "properties": { "Join_Count": 1, "TARGET_FID": 817071, "BF_FID": 1821368, "PARCEL_VIE": "209209910", "LAND_USE_T": "Residential - R1Z", "FLOOR_LEVE": -9.99, "FLOOD_RISK": -9999, "GROUND_ELE": 118.71, "HEIGHT_AVE": 3.54, "NO_OF_GROU": 0, "NO_ABOVE_G": -9999, "SOURCE_OF_": 1, "ACCURACY_O": 0, "DATE_CAPTU": null, "CAPTURED_B": null, "DATE_LAST_": null, "UPDATED_BY": null, "MI_PRINX": 0.0, "LGA_CODE": "348", "LGA_NAME": "MONASH", "height": 0 }, "geometry": { "type": "MultiPolygon", "coordinates": [ [ [ [ 145.148836092056683, -37.894195058886332 ], [ 145.148870137299639, -37.894198567777941 ], [ 145.148855920790169, -37.894305653980993 ], [ 145.148765091031009, -37.89430422508979 ], [ 145.148779830293222, -37.894187506356076 ], [ 145.148836092056683, -37.894195058886332 ] ] ] ] } },
{ "type": "Feature", "properties": { "Join_Count": 1, "TARGET_FID": 817072, "BF_FID": 1821369, "PARCEL_VIE": "4277463", "LAND_USE_T": "Residential - R1Z", "FLOOR_LEVE": -9.99, "FLOOD_RISK": -9999, "GROUND_ELE": 119.17, "HEIGHT_AVE": 6.14, "NO_OF_GROU": 0, "NO_ABOVE_G": -9999, "SOURCE_OF_": 1, "ACCURACY_O": 0, "DATE_CAPTU": null, "CAPTURED_B": null, "DATE_LAST_": null, "UPDATED_BY": null, "MI_PRINX": 0.0, "LGA_CODE": "348", "LGA_NAME": "MONASH", "height": 0 }, "geometry": { "type": "MultiPolygon", "coordinates": [ [ [ [ 145.148930175119659, -37.893883168911522 ], [ 145.148905779487052, -37.893932430601716 ], [ 145.148820974047169, -37.893930105417844 ], [ 145.148827412166639, -37.893841547678981 ], [ 145.148935837925762, -37.8938555069956 ], [ 145.148930175119659, -37.893883168911522 ] ] ] ] } },
{ "type": "Feature", "properties": { "Join_Count": 1, "TARGET_FID": 817073, "BF_FID": 1821370, "PARCEL_VIE": "209210190", "LAND_USE_T": "Residential - R1Z", "FLOOR_LEVE": -9.99, "FLOOD_RISK": -9999, "GROUND_ELE": 118.94, "HEIGHT_AVE": 3.62, "NO_OF_GROU": 0, "NO_ABOVE_G": -9999, "SOURCE_OF_": 1, "ACCURACY_O": 0, "DATE_CAPTU": null, "CAPTURED_B": null, "DATE_LAST_": null, "UPDATED_BY": null, "MI_PRINX": 0.0, "LGA_CODE": "348", "LGA_NAME": "MONASH", "height": 0 }, "geometry": { "type": "MultiPolygon", "coordinates": [ [ [ [ 145.148901778415279, -37.894054724316007 ], [ 145.148871454866594, -37.894145969739036 ], [ 145.14876158328525, -37.894137303550721 ], [ 145.148786364691148, -37.894065162403493 ], [ 145.148817305327071, -37.894069072972172 ], [ 145.148822134832756, -37.894044731677262 ], [ 145.148901778415279, -37.894054724316007 ] ] ] ] } },
{ "type": "Feature", "properties": { "Join_Count": 1, "TARGET_FID": 817074, "BF_FID": 1821371, "PARCEL_VIE": "209210206", "LAND_USE_T": "Residential - R1Z", "FLOOR_LEVE": -9.99, "FLOOD_RISK": -9999, "GROUND_ELE": 118.87, "HEIGHT_AVE": 3.65, "NO_OF_GROU": 0, "NO_ABOVE_G": -9999, "SOURCE_OF_": 1, "ACCURACY_O": 0, "DATE_CAPTU": null, "CAPTURED_B": null, "DATE_LAST_": null, "UPDATED_BY": null, "MI_PRINX": 0.0, "LGA_CODE": "348", "LGA_NAME": "MONASH", "height": 0 }, "geometry": { "type": "MultiPolygon", "coordinates": [ [ [ [ 145.14875929121024, -37.894030408149817 ], [ 145.148741181394342, -37.894124458601084 ], [ 145.148673167711081, -37.894114378521202 ], [ 145.148691249552428, -37.893984017088727 ], [ 145.148747079602117, -37.893986337031855 ], [ 145.148738725870459, -37.894027832099894 ], [ 145.14875929121024, -37.894030408149817 ] ] ] ] } },
{ "type": "Feature", "properties": { "Join_Count": 1, "TARGET_FID": 817075, "BF_FID": 1821372, "PARCEL_VIE": "1477501", "LAND_USE_T": "Residential - R1Z", "FLOOR_LEVE": -9.99, "FLOOD_RISK": -9999, "GROUND_ELE": 120.31, "HEIGHT_AVE": 3.82, "NO_OF_GROU": 0, "NO_ABOVE_G": -9999, "SOURCE_OF_": 1, "ACCURACY_O": 0, "DATE_CAPTU": null, "CAPTURED_B": null, "DATE_LAST_": null, "UPDATED_BY": null, "MI_PRINX": 0.0, "LGA_CODE": "348", "LGA_NAME": "MONASH", "height": 0 }, "geometry": { "type": "MultiPolygon", "coordinates": [ [ [ [ 145.14887990237446, -37.892446083786808 ], [ 145.148864054804164, -37.892603330426191 ], [ 145.148796604893249, -37.892593259298252 ], [ 145.148789191913352, -37.892548542861142 ], [ 145.148746662822106, -37.892543098473993 ], [ 145.148754189959817, -37.892470956170236 ], [ 145.148802777616311, -37.89247036901974 ], [ 145.148802537189852, -37.892435045783216 ], [ 145.14887990237446, -37.892446083786808 ] ] ] ] } },
{ "type": "Feature", "properties": { "Join_Count": 1, "TARGET_FID": 817076, "BF_FID": 1821373, "PARCEL_VIE": "209212442", "LAND_USE_T": "Residential - R1Z", "FLOOR_LEVE": -9.99, "FLOOD_RISK": -9999, "GROUND_ELE": 120.46, "HEIGHT_AVE": 3.38, "NO_OF_GROU": 0, "NO_ABOVE_G": -9999, "SOURCE_OF_": 1, "ACCURACY_O": 0, "DATE_CAPTU": null, "CAPTURED_B": null, "DATE_LAST_": null, "UPDATED_BY": null, "MI_PRINX": 0.0, "LGA_CODE": "348", "LGA_NAME": "MONASH", "height": 0 }, "geometry": { "type": "MultiPolygon", "coordinates": [ [ [ [ 145.149076140615279, -37.892461964877846 ], [ 145.149066018869689, -37.892506675796788 ], [ 145.149044809084728, -37.892503639164268 ], [ 145.14903678530203, -37.892539463115206 ], [ 145.148928971441563, -37.892531099774239 ], [ 145.14893264405822, -37.892459347327609 ], [ 145.149038884889649, -37.892474353369749 ], [ 145.149041943773909, -37.892460796285548 ], [ 145.149076140615279, -37.892461964877846 ] ] ] ] } },
{ "type": "Feature", "properties": { "Join_Count": 1, "TARGET_FID": 817077, "BF_FID": 1821374, "PARCEL_VIE": "209213227", "LAND_USE_T": "Residential - R1Z", "FLOOR_LEVE": -9.99, "FLOOD_RISK": -9999, "GROUND_ELE": 120.96, "HEIGHT_AVE": 3.69, "NO_OF_GROU": 0, "NO_ABOVE_G": -9999, "SOURCE_OF_": 1, "ACCURACY_O": 0, "DATE_CAPTU": null, "CAPTURED_B": null, "DATE_LAST_": null, "UPDATED_BY": null, "MI_PRINX": 0.0, "LGA_CODE": "348", "LGA_NAME": "MONASH", "height": 0 }, "geometry": { "type": "MultiPolygon", "coordinates": [ [ [ [ 145.148822553546154, -37.891557329780333 ], [ 145.148867675220004, -37.891571554682315 ], [ 145.148842397728203, -37.891674772807441 ], [ 145.14870640416126, -37.891653441987522 ], [ 145.148708518126028, -37.89156905092694 ], [ 145.148822553546154, -37.891557329780333 ] ] ] ] } },
{ "type": "Feature", "properties": { "Join_Count": 1, "TARGET_FID": 817078, "BF_FID": 1821375, "PARCEL_VIE": "209213239", "LAND_USE_T": "Residential - R1Z", "FLOOR_LEVE": -9.99, "FLOOD_RISK": -9999, "GROUND_ELE": 120.7, "HEIGHT_AVE": 3.26, "NO_OF_GROU": 0, "NO_ABOVE_G": -9999, "SOURCE_OF_": 1, "ACCURACY_O": 0, "DATE_CAPTU": null, "CAPTURED_B": null, "DATE_LAST_": null, "UPDATED_BY": null, "MI_PRINX": 0.0, "LGA_CODE": "348", "LGA_NAME": "MONASH", "height": 0 }, "geometry": { "type": "MultiPolygon", "coordinates": [ [ [ [ 145.14879029948284, -37.891710714312545 ], [ 145.148830115615141, -37.891719629927834 ], [ 145.148819128421053, -37.891828839286802 ], [ 145.14873619779064, -37.891826633659448 ], [ 145.148743501485882, -37.891763407797797 ], [ 145.148715100588532, -37.891762960998498 ], [ 145.148722062391215, -37.891709640831387 ], [ 145.14879029948284, -37.891710714312545 ] ] ] ] } },
{ "type": "Feature", "properties": { "Join_Count": 1, "TARGET_FID": 817735, "BF_FID": 1822034, "PARCEL_VIE": "1477572", "LAND_USE_T": "Residential - R1Z", "FLOOR_LEVE": -9.99, "FLOOD_RISK": -9999, "GROUND_ELE": 118.38, "HEIGHT_AVE": 3.89, "NO_OF_GROU": 0, "NO_ABOVE_G": -9999, "SOURCE_OF_": 1, "ACCURACY_O": 0, "DATE_CAPTU": null, "CAPTURED_B": null, "DATE_LAST_": null, "UPDATED_BY": null, "MI_PRINX": 0.0, "LGA_CODE": "348", "LGA_NAME": "MONASH", "height": 0 }, "geometry": { "type": "MultiPolygon", "coordinates": [ [ [ [ 145.145767433123439, -37.893442248337458 ], [ 145.145790097569943, -37.893447110495408 ], [ 145.145793233587995, -37.893546360666598 ], [ 145.145666991491566, -37.893536172237219 ], [ 145.145666620428727, -37.893502378666994 ], [ 145.145695286251424, -37.893499766963785 ], [ 145.145702756453801, -37.893441229190564 ], [ 145.145767433123439, -37.893442248337458 ] ] ] ] } },
{ "type": "Feature", "properties": { "Join_Count": 1, "TARGET_FID": 818969, "BF_FID": 1823274, "PARCEL_VIE": "1477499", "LAND_USE_T": "Residential - R1Z", "FLOOR_LEVE": -9.99, "FLOOD_RISK": -9999, "GROUND_ELE": 119.99, "HEIGHT_AVE": 3.41, "NO_OF_GROU": 0, "NO_ABOVE_G": -9999, "SOURCE_OF_": 1, "ACCURACY_O": 0, "DATE_CAPTU": null, "CAPTURED_B": null, "DATE_LAST_": null, "UPDATED_BY": null, "MI_PRINX": 0.0, "LGA_CODE": "348", "LGA_NAME": "MONASH", "height": 0 }, "geometry": { "type": "MultiPolygon", "coordinates": [ [ [ [ 145.147582617527803, -37.892254298044719 ], [ 145.147604586438376, -37.892286899898224 ], [ 145.147572704231948, -37.892425333198354 ], [ 145.147447759089118, -37.89241958204407 ], [ 145.14746024769704, -37.892374007528467 ], [ 145.14744499444123, -37.892301686892743 ], [ 145.147477451964704, -37.892297422529175 ], [ 145.147482180012901, -37.892262177512109 ], [ 145.147582617527803, -37.892254298044719 ] ] ] ] } },
{ "type": "Feature", "properties": { "Join_Count": 1, "TARGET_FID": 818970, "BF_FID": 1823275, "PARCEL_VIE": "1477538", "LAND_USE_T": "Residential - R1Z", "FLOOR_LEVE": -9.99, "FLOOD_RISK": -9999, "GROUND_ELE": 119.95, "HEIGHT_AVE": 3.53, "NO_OF_GROU": 0, "NO_ABOVE_G": -9999, "SOURCE_OF_": 1, "ACCURACY_O": 0, "DATE_CAPTU": null, "CAPTURED_B": null, "DATE_LAST_": null, "UPDATED_BY": null, "MI_PRINX": 0.0, "LGA_CODE": "348", "LGA_NAME": "MONASH", "height": 0 }, "geometry": { "type": "MultiPolygon", "coordinates": [ [ [ [ 145.14767526504167, -37.892415054361507 ], [ 145.14767889522517, -37.892457278600993 ], [ 145.147747970975388, -37.892462330323184 ], [ 145.147756757920632, -37.892444718806942 ], [ 145.147845629537699, -37.89245683960943 ], [ 145.147831530089348, -37.892533023029806 ], [ 145.147814357772518, -37.892537257774705 ], [ 145.147807944803844, -37.892564907831463 ], [ 145.147649496962174, -37.892548988790246 ], [ 145.147645020629369, -37.892570452378699 ], [ 145.147588951139937, -37.892566506342554 ], [ 145.14761222438031, -37.892408655988191 ], [ 145.14767526504167, -37.892415054361507 ] ] ] ] } },
{ "type": "Feature", "properties": { "Join_Count": 1, "TARGET_FID": 818971, "BF_FID": 1823276, "PARCEL_VIE": "1477539", "LAND_USE_T": "Residential - R1Z", "FLOOR_LEVE": -9.99, "FLOOD_RISK": -9999, "GROUND_ELE": 120.01, "HEIGHT_AVE": 3.59, "NO_OF_GROU": 0, "NO_ABOVE_G": -9999, "SOURCE_OF_": 1, "ACCURACY_O": 0, "DATE_CAPTU": null, "CAPTURED_B": null, "DATE_LAST_": null, "UPDATED_BY": null, "MI_PRINX": 0.0, "LGA_CODE": "348", "LGA_NAME": "MONASH", "height": 0 }, "geometry": { "type": "MultiPolygon", "coordinates": [ [ [ [ 145.147825650215793, -37.892711509939495 ], [ 145.147802838828341, -37.892768635096488 ], [ 145.147604315495215, -37.892750373287889 ], [ 145.147605333642616, -37.892709753931079 ], [ 145.147661573728868, -37.892710639224376 ], [ 145.147669970675594, -37.892659954645083 ], [ 145.147753068252911, -37.892666758793652 ], [ 145.147752052445583, -37.892707288089071 ], [ 145.147825650215793, -37.892711509939495 ] ] ] ] } },
{ "type": "Feature", "properties": { "Join_Count": 1, "TARGET_FID": 819195, "BF_FID": 1823501, "PARCEL_VIE": "1477456", "LAND_USE_T": "Residential - R1Z", "FLOOR_LEVE": -9.99, "FLOOD_RISK": -9999, "GROUND_ELE": 120.83, "HEIGHT_AVE": 3.54, "NO_OF_GROU": 0, "NO_ABOVE_G": -9999, "SOURCE_OF_": 1, "ACCURACY_O": 0, "DATE_CAPTU": null, "CAPTURED_B": null, "DATE_LAST_": null, "UPDATED_BY": null, "MI_PRINX": 0.0, "LGA_CODE": "348", "LGA_NAME": "MONASH", "height": 0 }, "geometry": { "type": "MultiPolygon", "coordinates": [ [ [ [ 145.148641051753117, -37.891540959327358 ], [ 145.148657998178294, -37.891545730970307 ], [ 145.148640571526016, -37.891698627923859 ], [ 145.148631047335812, -37.891711993181538 ], [ 145.148585587188421, -37.891711277961839 ], [ 145.148568640730815, -37.891706506307706 ], [ 145.148581561714593, -37.891643639136191 ], [ 145.14850220873555, -37.891633380574447 ], [ 145.148509957102618, -37.891552411894168 ], [ 145.148641051753117, -37.891540959327358 ] ] ] ] } },
{ "type": "Feature", "properties": { "Join_Count": 1, "TARGET_FID": 819196, "BF_FID": 1823502, "PARCEL_VIE": "1477457", "LAND_USE_T": "Residential - R1Z", "FLOOR_LEVE": -9.99, "FLOOD_RISK": -9999, "GROUND_ELE": 121.19, "HEIGHT_AVE": 3.57, "NO_OF_GROU": 0, "NO_ABOVE_G": -9999, "SOURCE_OF_": 1, "ACCURACY_O": 0, "DATE_CAPTU": null, "CAPTURED_B": null, "DATE_LAST_": null, "UPDATED_BY": null, "MI_PRINX": 0.0, "LGA_CODE": "348", "LGA_NAME": "MONASH", "height": 0 }, "geometry": { "type": "MultiPolygon", "coordinates": [ [ [ [ 145.149060386905717, -37.891597111174327 ], [ 145.149033209114208, -37.891772470082678 ], [ 145.148972454988524, -37.891779623507155 ], [ 145.148978214183956, -37.891699434409333 ], [ 145.148898861079118, -37.891689176112237 ], [ 145.14891245853471, -37.891599289343944 ], [ 145.149060386905717, -37.891597111174327 ] ] ] ] } },
{ "type": "Feature", "properties": { "Join_Count": 1, "TARGET_FID": 819199, "BF_FID": 1823505, "PARCEL_VIE": "1478820", "LAND_USE_T": "Residential - R1Z", "FLOOR_LEVE": -9.99, "FLOOD_RISK": -9999, "GROUND_ELE": 120.34, "HEIGHT_AVE": 3.44, "NO_OF_GROU": 0, "NO_ABOVE_G": -9999, "SOURCE_OF_": 1, "ACCURACY_O": 0, "DATE_CAPTU": null, "CAPTURED_B": null, "DATE_LAST_": null, "UPDATED_BY": null, "MI_PRINX": 0.0, "LGA_CODE": "348", "LGA_NAME": "MONASH", "height": 0 }, "geometry": { "type": "MultiPolygon", "coordinates": [ [ [ [ 145.149112388947799, -37.89262084186749 ], [ 145.149182314349446, -37.892629420038723 ], [ 145.149169693664817, -37.892680308607012 ], [ 145.149141179625531, -37.892684365160001 ], [ 145.149134803226048, -37.892710574258324 ], [ 145.149039446402611, -37.892695288995469 ], [ 145.149051999560356, -37.89261340475668 ], [ 145.149112388947799, -37.89262084186749 ] ] ] ] } },
{ "type": "Feature", "properties": { "Join_Count": 1, "TARGET_FID": 819264, "BF_FID": 1823570, "PARCEL_VIE": "209212411", "LAND_USE_T": "Residential - R1Z", "FLOOR_LEVE": -9.99, "FLOOD_RISK": -9999, "GROUND_ELE": 120.54, "HEIGHT_AVE": 3.13, "NO_OF_GROU": 0, "NO_ABOVE_G": -9999, "SOURCE_OF_": 1, "ACCURACY_O": 0, "DATE_CAPTU": null, "CAPTURED_B": null, "DATE_LAST_": null, "UPDATED_BY": null, "MI_PRINX": 0.0, "LGA_CODE": "348", "LGA_NAME": "MONASH", "height": 0 }, "geometry": { "type": "MultiPolygon", "coordinates": [ [ [ [ 145.149185503013399, -37.892513330450122 ], [ 145.149171327734166, -37.892577619565991 ], [ 145.149088593739521, -37.892571272641511 ], [ 145.149091500581875, -37.892466441204711 ], [ 145.14910851717471, -37.892468420767983 ], [ 145.14910494001083, -37.892483951916468 ], [ 145.149189408729285, -37.892495912352864 ], [ 145.149185503013399, -37.892513330450122 ] ] ] ] } },
{ "type": "Feature", "properties": { "Join_Count": 1, "TARGET_FID": 819560, "BF_FID": 1823866, "PARCEL_VIE": "4277464", "LAND_USE_T": "Residential - R1Z", "FLOOR_LEVE": -9.99, "FLOOD_RISK": -9999, "GROUND_ELE": 119.28, "HEIGHT_AVE": 3.77, "NO_OF_GROU": 0, "NO_ABOVE_G": -9999, "SOURCE_OF_": 1, "ACCURACY_O": 0, "DATE_CAPTU": null, "CAPTURED_B": null, "DATE_LAST_": null, "UPDATED_BY": null, "MI_PRINX": 0.0, "LGA_CODE": "348", "LGA_NAME": "MONASH", "height": 0 }, "geometry": { "type": "MultiPolygon", "coordinates": [ [ [ [ 145.148941617022132, -37.893826945902198 ], [ 145.148935837925762, -37.8938555069956 ], [ 145.148835357078269, -37.893842573669005 ], [ 145.14884355931656, -37.893758458610527 ], [ 145.148942168403948, -37.893760009806023 ], [ 145.148941617022132, -37.893826945902198 ] ] ] ] } },
{ "type": "Feature", "properties": { "Join_Count": 1, "TARGET_FID": 819663, "BF_FID": 1823970, "PARCEL_VIE": "209708974", "LAND_USE_T": "Residential - R1Z", "FLOOR_LEVE": -9.99, "FLOOD_RISK": -9999, "GROUND_ELE": 121.61, "HEIGHT_AVE": 3.16, "NO_OF_GROU": 0, "NO_ABOVE_G": -9999, "SOURCE_OF_": 1, "ACCURACY_O": 0, "DATE_CAPTU": null, "CAPTURED_B": null, "DATE_LAST_": null, "UPDATED_BY": null, "MI_PRINX": 0.0, "LGA_CODE": "348", "LGA_NAME": "MONASH", "height": 0 }, "geometry": { "type": "MultiPolygon", "coordinates": [ [ [ [ 145.149759338245303, -37.89093054583617 ], [ 145.149776316496485, -37.890941534765112 ], [ 145.149763290380093, -37.89100115680894 ], [ 145.149641375118193, -37.890998068566262 ], [ 145.149648619970691, -37.890925921738933 ], [ 145.149759338245303, -37.89093054583617 ] ] ] ] } },
{ "type": "Feature", "properties": { "Join_Count": 1, "TARGET_FID": 819665, "BF_FID": 1823972, "PARCEL_VIE": "1477227", "LAND_USE_T": "Residential - R1Z", "FLOOR_LEVE": -9.99, "FLOOD_RISK": -9999, "GROUND_ELE": 121.44, "HEIGHT_AVE": 3.88, "NO_OF_GROU": 0, "NO_ABOVE_G": -9999, "SOURCE_OF_": 1, "ACCURACY_O": 0, "DATE_CAPTU": null, "CAPTURED_B": null, "DATE_LAST_": null, "UPDATED_BY": null, "MI_PRINX": 0.0, "LGA_CODE": "348", "LGA_NAME": "MONASH", "height": 0 }, "geometry": { "type": "MultiPolygon", "coordinates": [ [ [ [ 145.149408844699082, -37.890851422250385 ], [ 145.149462827402147, -37.890860019826697 ], [ 145.149464211561934, -37.890909596966544 ], [ 145.14952530534427, -37.89091506271528 ], [ 145.149525384758704, -37.890953086450487 ], [ 145.149475731950588, -37.890951314542534 ], [ 145.149487039678689, -37.891012760821418 ], [ 145.149388620420666, -37.891007518977609 ], [ 145.149388061852932, -37.890958675626933 ], [ 145.149330295731801, -37.890943891669352 ], [ 145.149330711208279, -37.89084866178807 ], [ 145.149408844699082, -37.890851422250385 ] ] ] ] } },
{ "type": "Feature", "properties": { "Join_Count": 1, "TARGET_FID": 819666, "BF_FID": 1823973, "PARCEL_VIE": "1477226", "LAND_USE_T": "Residential - R1Z", "FLOOR_LEVE": -9.99, "FLOOD_RISK": -9999, "GROUND_ELE": 121.5, "HEIGHT_AVE": 3.58, "NO_OF_GROU": 0, "NO_ABOVE_G": -9999, "SOURCE_OF_": 1, "ACCURACY_O": 0, "DATE_CAPTU": null, "CAPTURED_B": null, "DATE_LAST_": null, "UPDATED_BY": null, "MI_PRINX": 0.0, "LGA_CODE": "348", "LGA_NAME": "MONASH", "height": 0 }, "geometry": { "type": "MultiPolygon", "coordinates": [ [ [ [ 145.149412374048097, -37.890710470189539 ], [ 145.149480291004636, -37.890720548294638 ], [ 145.149507451234399, -37.890770530770034 ], [ 145.14960988033414, -37.890776646469341 ], [ 145.14960822716381, -37.890835185917453 ], [ 145.149352951737569, -37.890825495277674 ], [ 145.149369125981281, -37.890718800133946 ], [ 145.149412374048097, -37.890710470189539 ] ] ] ] } },
{ "type": "Feature", "properties": { "Join_Count": 1, "TARGET_FID": 819729, "BF_FID": 1824036, "PARCEL_VIE": "1477592", "LAND_USE_T": "Residential - R1Z", "FLOOR_LEVE": -9.99, "FLOOD_RISK": -9999, "GROUND_ELE": 117.93, "HEIGHT_AVE": 3.93, "NO_OF_GROU": 0, "NO_ABOVE_G": -9999, "SOURCE_OF_": 1, "ACCURACY_O": 0, "DATE_CAPTU": null, "CAPTURED_B": null, "DATE_LAST_": null, "UPDATED_BY": null, "MI_PRINX": 0.0, "LGA_CODE": "348", "LGA_NAME": "MONASH", "height": 0 }, "geometry": { "type": "MultiPolygon", "coordinates": [ [ [ [ 145.149726042927881, -37.894305373181858 ], [ 145.149741290261687, -37.894306874334951 ], [ 145.149734275718686, -37.894470927395588 ], [ 145.149597030411229, -37.894461921663755 ], [ 145.14959218937534, -37.894385620404734 ], [ 145.149659057743605, -37.894381536147705 ], [ 145.149665936832065, -37.894301544853249 ], [ 145.149726042927881, -37.894305373181858 ] ] ] ] } },
{ "type": "Feature", "properties": { "Join_Count": 1, "TARGET_FID": 820896, "BF_FID": 1825211, "PARCEL_VIE": "173232684", "LAND_USE_T": "Residential - R1Z", "FLOOR_LEVE": -9.99, "FLOOD_RISK": -9999, "GROUND_ELE": 118.32, "HEIGHT_AVE": 5.35, "NO_OF_GROU": 0, "NO_ABOVE_G": -9999, "SOURCE_OF_": 1, "ACCURACY_O": 0, "DATE_CAPTU": null, "CAPTURED_B": null, "DATE_LAST_": null, "UPDATED_BY": null, "MI_PRINX": 0.0, "LGA_CODE": "348", "LGA_NAME": "MONASH", "height": 0 }, "geometry": { "type": "MultiPolygon", "coordinates": [ [ [ [ 145.145191403789397, -37.8935129092865 ], [ 145.145247944601664, -37.893524252148815 ], [ 145.145240262598151, -37.893594950129625 ], [ 145.145008727693636, -37.893569315953158 ], [ 145.145021264277943, -37.893525634590823 ], [ 145.145082933500618, -37.893530661232987 ], [ 145.145089235762214, -37.893503730399971 ], [ 145.145191403789397, -37.8935129092865 ] ] ] ] } },
{ "type": "Feature", "properties": { "Join_Count": 1, "TARGET_FID": 820897, "BF_FID": 1825212, "PARCEL_VIE": "173232676", "LAND_USE_T": "Residential - R1Z", "FLOOR_LEVE": -9.99, "FLOOD_RISK": -9999, "GROUND_ELE": 118.28, "HEIGHT_AVE": 5.05, "NO_OF_GROU": 0, "NO_ABOVE_G": -9999, "SOURCE_OF_": 1, "ACCURACY_O": 0, "DATE_CAPTU": null, "CAPTURED_B": null, "DATE_LAST_": null, "UPDATED_BY": null, "MI_PRINX": 0.0, "LGA_CODE": "348", "LGA_NAME": "MONASH", "height": 0 }, "geometry": { "type": "MultiPolygon", "coordinates": [ [ [ [ 145.145220794908312, -37.893608428672202 ], [ 145.14522283729741, -37.893691443505027 ], [ 145.145032165669022, -37.893674111999637 ], [ 145.145040057615546, -37.89361747303618 ], [ 145.145069385207705, -37.893618385840973 ], [ 145.145069670055108, -37.893607037657297 ], [ 145.14513781502248, -37.893608111823546 ], [ 145.145138106641099, -37.893596493444548 ], [ 145.145220794908312, -37.893608428672202 ] ] ] ] } },
{ "type": "Feature", "properties": { "Join_Count": 1, "TARGET_FID": 820898, "BF_FID": 1825213, "PARCEL_VIE": "1477077", "LAND_USE_T": "Residential - R1Z", "FLOOR_LEVE": -9.99, "FLOOD_RISK": -9999, "GROUND_ELE": 118.29, "HEIGHT_AVE": 4.0, "NO_OF_GROU": 0, "NO_ABOVE_G": -9999, "SOURCE_OF_": 1, "ACCURACY_O": 0, "DATE_CAPTU": null, "CAPTURED_B": null, "DATE_LAST_": null, "UPDATED_BY": null, "MI_PRINX": 0.0, "LGA_CODE": "348", "LGA_NAME": "MONASH", "height": 0 }, "geometry": { "type": "MultiPolygon", "coordinates": [ [ [ [ 145.144771331019513, -37.893485834433143 ], [ 145.144822487150066, -37.89349502029205 ], [ 145.144794484827258, -37.89364675870717 ], [ 145.144659633971571, -37.89363210864547 ], [ 145.144655499006376, -37.893568973044019 ], [ 145.144680424571504, -37.893483770483975 ], [ 145.144771331019513, -37.893485834433143 ] ] ] ] } },
{ "type": "Feature", "properties": { "Join_Count": 1, "TARGET_FID": 821662, "BF_FID": 1825979, "PARCEL_VIE": "209276061", "LAND_USE_T": "Residential - R1Z", "FLOOR_LEVE": -9.99, "FLOOD_RISK": -9999, "GROUND_ELE": 118.76, "HEIGHT_AVE": 3.79, "NO_OF_GROU": 0, "NO_ABOVE_G": -9999, "SOURCE_OF_": 1, "ACCURACY_O": 0, "DATE_CAPTU": null, "CAPTURED_B": null, "DATE_LAST_": null, "UPDATED_BY": null, "MI_PRINX": 0.0, "LGA_CODE": "348", "LGA_NAME": "MONASH", "height": 0 }, "geometry": { "type": "MultiPolygon", "coordinates": [ [ [ [ 145.146036789225349, -37.893586238380983 ], [ 145.145962457766558, -37.893585067263857 ], [ 145.145969454346499, -37.893549137260244 ], [ 145.146009630420849, -37.893536255161273 ], [ 145.146016384253471, -37.893491311269848 ], [ 145.146138870242936, -37.893494232101581 ], [ 145.146137539465713, -37.893547280390003 ], [ 145.146094609084201, -37.893546604050151 ], [ 145.146088311701448, -37.893573354816318 ], [ 145.146047349730196, -37.893572709470519 ], [ 145.146036789225349, -37.893586238380983 ] ] ] ] } },
{ "type": "Feature", "properties": { "Join_Count": 1, "TARGET_FID": 822578, "BF_FID": 1826901, "PARCEL_VIE": "2613436", "LAND_USE_T": "Business - B1Z", "FLOOR_LEVE": -9.99, "FLOOD_RISK": -9999, "GROUND_ELE": 118.11, "HEIGHT_AVE": 4.08, "NO_OF_GROU": 0, "NO_ABOVE_G": -9999, "SOURCE_OF_": 1, "ACCURACY_O": 0, "DATE_CAPTU": null, "CAPTURED_B": null, "DATE_LAST_": null, "UPDATED_BY": null, "MI_PRINX": 0.0, "LGA_CODE": "348", "LGA_NAME": "MONASH", "height": 0 }, "geometry": { "type": "MultiPolygon", "coordinates": [ [ [ [ 145.143457534040749, -37.890834267081559 ], [ 145.143449575003274, -37.890856216162739 ], [ 145.143349813980109, -37.89084842528456 ], [ 145.14331442795276, -37.89086850001415 ], [ 145.1432846515888, -37.891027328065455 ], [ 145.143263893061004, -37.891025018320903 ], [ 145.143296171798028, -37.890844966015699 ], [ 145.143329962131418, -37.890824956215774 ], [ 145.143457534040749, -37.890834267081559 ] ] ] ] } },
{ "type": "Feature", "properties": { "Join_Count": 1, "TARGET_FID": 824862, "BF_FID": 1829186, "PARCEL_VIE": "1479074", "LAND_USE_T": "Residential - R1Z", "FLOOR_LEVE": -9.99, "FLOOD_RISK": -9999, "GROUND_ELE": 107.97, "HEIGHT_AVE": 3.85, "NO_OF_GROU": 0, "NO_ABOVE_G": -9999, "SOURCE_OF_": 1, "ACCURACY_O": 0, "DATE_CAPTU": null, "CAPTURED_B": null, "DATE_LAST_": null, "UPDATED_BY": null, "MI_PRINX": 0.0, "LGA_CODE": "348", "LGA_NAME": "MONASH", "height": 0 }, "geometry": { "type": "MultiPolygon", "coordinates": [ [ [ [ 145.14553966574789, -37.89779898581898 ], [ 145.145518748492577, -37.897903803486962 ], [ 145.145450900058989, -37.897898229148204 ], [ 145.145470533234857, -37.897796004170999 ], [ 145.14553966574789, -37.89779898581898 ] ] ] ] } },
{ "type": "Feature", "properties": { "Join_Count": 1, "TARGET_FID": 824863, "BF_FID": 1829187, "PARCEL_VIE": "1477704", "LAND_USE_T": "Residential - R1Z", "FLOOR_LEVE": -9.99, "FLOOD_RISK": -9999, "GROUND_ELE": 110.53, "HEIGHT_AVE": 3.85, "NO_OF_GROU": 0, "NO_ABOVE_G": -9999, "SOURCE_OF_": 1, "ACCURACY_O": 0, "DATE_CAPTU": null, "CAPTURED_B": null, "DATE_LAST_": null, "UPDATED_BY": null, "MI_PRINX": 0.0, "LGA_CODE": "348", "LGA_NAME": "MONASH", "height": 0 }, "geometry": { "type": "MultiPolygon", "coordinates": [ [ [ [ 145.146016753243231, -37.897782266622478 ], [ 145.145956377633127, -37.897811499023618 ], [ 145.1458323440105, -37.897653220214373 ], [ 145.145923646927713, -37.897617267143438 ], [ 145.146034356256649, -37.897760919840373 ], [ 145.146016753243231, -37.897782266622478 ] ] ] ] } },
{ "type": "Feature", "properties": { "Join_Count": 1, "TARGET_FID": 824864, "BF_FID": 1829188, "PARCEL_VIE": "1477689", "LAND_USE_T": "Residential - R1Z", "FLOOR_LEVE": -9.99, "FLOOD_RISK": -9999, "GROUND_ELE": 107.4, "HEIGHT_AVE": 3.74, "NO_OF_GROU": 0, "NO_ABOVE_G": -9999, "SOURCE_OF_": 1, "ACCURACY_O": 0, "DATE_CAPTU": null, "CAPTURED_B": null, "DATE_LAST_": null, "UPDATED_BY": null, "MI_PRINX": 0.0, "LGA_CODE": "348", "LGA_NAME": "MONASH", "height": 0 }, "geometry": { "type": "MultiPolygon", "coordinates": [ [ [ [ 145.145227559328788, -37.897508267773432 ], [ 145.145231786174151, -37.897578973217229 ], [ 145.145296677582678, -37.897582789161206 ], [ 145.145291018321672, -37.897628921534334 ], [ 145.145077035911441, -37.897617079116529 ], [ 145.145084686139938, -37.897536469636286 ], [ 145.145138959028543, -37.89753741526367 ], [ 145.145150621865241, -37.897506154020668 ], [ 145.145227559328788, -37.897508267773432 ] ] ] ] } },
{ "type": "Feature", "properties": { "Join_Count": 1, "TARGET_FID": 824865, "BF_FID": 1829189, "PARCEL_VIE": "1477687", "LAND_USE_T": "Residential - R1Z", "FLOOR_LEVE": -9.99, "FLOOD_RISK": -9999, "GROUND_ELE": 108.6, "HEIGHT_AVE": 4.29, "NO_OF_GROU": 0, "NO_ABOVE_G": -9999, "SOURCE_OF_": 1, "ACCURACY_O": 0, "DATE_CAPTU": null, "CAPTURED_B": null, "DATE_LAST_": null, "UPDATED_BY": null, "MI_PRINX": 0.0, "LGA_CODE": "348", "LGA_NAME": "MONASH", "height": 0 }, "geometry": { "type": "MultiPolygon", "coordinates": [ [ [ [ 145.145278337597603, -37.897159027564811 ], [ 145.145202555504824, -37.897271539944811 ], [ 145.145136475690776, -37.89724409887797 ], [ 145.145173818624244, -37.897157380094335 ], [ 145.145185891650442, -37.897162075425932 ], [ 145.145202425350988, -37.897134765276455 ], [ 145.145278337597603, -37.897159027564811 ] ] ] ] } },
{ "type": "Feature", "properties": { "Join_Count": 1, "TARGET_FID": 825681, "BF_FID": 1830009, "PARCEL_VIE": "209274175", "LAND_USE_T": "Residential - R1Z", "FLOOR_LEVE": -9.99, "FLOOD_RISK": -9999, "GROUND_ELE": 119.53, "HEIGHT_AVE": 3.44, "NO_OF_GROU": 0, "NO_ABOVE_G": -9999, "SOURCE_OF_": 1, "ACCURACY_O": 0, "DATE_CAPTU": null, "CAPTURED_B": null, "DATE_LAST_": null, "UPDATED_BY": null, "MI_PRINX": 0.0, "LGA_CODE": "348", "LGA_NAME": "MONASH", "height": 0 }, "geometry": { "type": "MultiPolygon", "coordinates": [ [ [ [ 145.148789404490998, -37.893561998207026 ], [ 145.148820786517234, -37.893566996924285 ], [ 145.148808816870087, -37.893692949510708 ], [ 145.148740784494208, -37.893687374210771 ], [ 145.148755172280403, -37.893565964705942 ], [ 145.148789404490998, -37.893561998207026 ] ] ] ] } },
{ "type": "Feature", "properties": { "Join_Count": 1, "TARGET_FID": 825682, "BF_FID": 1830010, "PARCEL_VIE": "209274159", "LAND_USE_T": "Residential - R1Z", "FLOOR_LEVE": -9.99, "FLOOD_RISK": -9999, "GROUND_ELE": 119.35, "HEIGHT_AVE": 3.31, "NO_OF_GROU": 0, "NO_ABOVE_G": -9999, "SOURCE_OF_": 1, "ACCURACY_O": 0, "DATE_CAPTU": null, "CAPTURED_B": null, "DATE_LAST_": null, "UPDATED_BY": null, "MI_PRINX": 0.0, "LGA_CODE": "348", "LGA_NAME": "MONASH", "height": 0 }, "geometry": { "type": "MultiPolygon", "coordinates": [ [ [ [ 145.148976290696908, -37.89359196826986 ], [ 145.148998861691098, -37.893596828341735 ], [ 145.148972793989998, -37.893731569249589 ], [ 145.148882096801174, -37.893721132478049 ], [ 145.148889638530022, -37.89364466557759 ], [ 145.148872578809517, -37.893644397213841 ], [ 145.148873255627933, -37.893617377670807 ], [ 145.148890315342157, -37.893617646034272 ], [ 145.148890766549755, -37.893599633005323 ], [ 145.148976290696908, -37.89359196826986 ] ] ] ] } },
{ "type": "Feature", "properties": { "Join_Count": 1, "TARGET_FID": 826619, "BF_FID": 1830948, "PARCEL_VIE": "210972789", "LAND_USE_T": "Residential - R1Z", "FLOOR_LEVE": -9.99, "FLOOD_RISK": -9999, "GROUND_ELE": 108.6, "HEIGHT_AVE": 3.31, "NO_OF_GROU": 0, "NO_ABOVE_G": -9999, "SOURCE_OF_": 1, "ACCURACY_O": 0, "DATE_CAPTU": null, "CAPTURED_B": null, "DATE_LAST_": null, "UPDATED_BY": null, "MI_PRINX": 0.0, "LGA_CODE": "348", "LGA_NAME": "MONASH", "height": 0 }, "geometry": { "type": "MultiPolygon", "coordinates": [ [ [ [ 145.145573860349913, -37.897617251331056 ], [ 145.145624362610306, -37.897663818284151 ], [ 145.145566909767723, -37.897696159963537 ], [ 145.145516928072112, -37.897655007222376 ], [ 145.145573860349913, -37.897617251331056 ] ] ] ] } },
{ "type": "Feature", "properties": { "Join_Count": 1, "TARGET_FID": 826620, "BF_FID": 1830949, "PARCEL_VIE": "210972765", "LAND_USE_T": "Residential - R1Z", "FLOOR_LEVE": -9.99, "FLOOD_RISK": -9999, "GROUND_ELE": 108.71, "HEIGHT_AVE": 6.67, "NO_OF_GROU": 0, "NO_ABOVE_G": -9999, "SOURCE_OF_": 1, "ACCURACY_O": 0, "DATE_CAPTU": null, "CAPTURED_B": null, "DATE_LAST_": null, "UPDATED_BY": null, "MI_PRINX": 0.0, "LGA_CODE": "348", "LGA_NAME": "MONASH", "height": 0 }, "geometry": { "type": "MultiPolygon", "coordinates": [ [ [ [ 145.145622241568873, -37.897666127472412 ], [ 145.145697009742179, -37.897732268215776 ], [ 145.145752094476165, -37.897827922019552 ], [ 145.145694963214623, -37.897873603706643 ], [ 145.145656361643745, -37.897868490370101 ], [ 145.145550798731648, -37.897770148900236 ], [ 145.145603861826316, -37.897729629002384 ], [ 145.145566909767723, -37.897696159963537 ], [ 145.145622241568873, -37.897666127472412 ] ] ] ] } },
{ "type": "Feature", "properties": { "Join_Count": 1, "TARGET_FID": 826621, "BF_FID": 1830950, "PARCEL_VIE": "210972824", "LAND_USE_T": "Common", "FLOOR_LEVE": -9.99, "FLOOD_RISK": -9999, "GROUND_ELE": 109.03, "HEIGHT_AVE": 8.76, "NO_OF_GROU": 0, "NO_ABOVE_G": -9999, "SOURCE_OF_": 1, "ACCURACY_O": 0, "DATE_CAPTU": null, "CAPTURED_B": null, "DATE_LAST_": null, "UPDATED_BY": null, "MI_PRINX": 0.0, "LGA_CODE": "348", "LGA_NAME": "MONASH", "height": 0 }, "geometry": { "type": "MultiPolygon", "coordinates": [ [ [ [ 145.145624774929331, -37.897658598950777 ], [ 145.145776994034975, -37.897769929236709 ], [ 145.145788977641132, -37.897796877931071 ], [ 145.145752094476165, -37.897827922019552 ], [ 145.145725176271696, -37.897768301786272 ], [ 145.145624774929331, -37.897658598950777 ] ] ] ] } },
{ "type": "Feature", "properties": { "Join_Count": 1, "TARGET_FID": 827242, "BF_FID": 1831573, "PARCEL_VIE": "2613511", "LAND_USE_T": "Residential - R1Z", "FLOOR_LEVE": -9.99, "FLOOD_RISK": -9999, "GROUND_ELE": 110.04, "HEIGHT_AVE": 4.0, "NO_OF_GROU": 0, "NO_ABOVE_G": -9999, "SOURCE_OF_": 1, "ACCURACY_O": 0, "DATE_CAPTU": null, "CAPTURED_B": null, "DATE_LAST_": null, "UPDATED_BY": null, "MI_PRINX": 0.0, "LGA_CODE": "348", "LGA_NAME": "MONASH", "height": 0 }, "geometry": { "type": "MultiPolygon", "coordinates": [ [ [ [ 145.140539087165308, -37.891300589685194 ], [ 145.140538284991919, -37.891332472607942 ], [ 145.14062709843671, -37.891331893744955 ], [ 145.140625698096187, -37.891387553765 ], [ 145.14053946518564, -37.891386191190179 ], [ 145.14053995423825, -37.891426383767168 ], [ 145.140492656924778, -37.891427888904637 ], [ 145.140488265221762, -37.891304291641404 ], [ 145.140539087165308, -37.891300589685194 ] ] ] ] } },
{ "type": "Feature", "properties": { "Join_Count": 1, "TARGET_FID": 827243, "BF_FID": 1831574, "PARCEL_VIE": "211792924", "LAND_USE_T": "Residential - R1Z", "FLOOR_LEVE": -9.99, "FLOOD_RISK": -9999, "GROUND_ELE": 108.4, "HEIGHT_AVE": 3.68, "NO_OF_GROU": 0, "NO_ABOVE_G": -9999, "SOURCE_OF_": 1, "ACCURACY_O": 0, "DATE_CAPTU": null, "CAPTURED_B": null, "DATE_LAST_": null, "UPDATED_BY": null, "MI_PRINX": 0.0, "LGA_CODE": "348", "LGA_NAME": "MONASH", "height": 0 }, "geometry": { "type": "MultiPolygon", "coordinates": [ [ [ [ 145.140379765972057, -37.891304649410948 ], [ 145.140406745659448, -37.891361568812783 ], [ 145.140372514124834, -37.89136553288872 ], [ 145.140360719377583, -37.891383366608515 ], [ 145.140309542029712, -37.891382557842469 ], [ 145.140299447006925, -37.891332843000086 ], [ 145.140260384828849, -37.89130519550752 ], [ 145.140261404691898, -37.891264666374617 ], [ 145.140333412606424, -37.891242558408216 ], [ 145.140379765972057, -37.891304649410948 ] ] ] ] } },
{ "type": "Feature", "properties": { "Join_Count": 1, "TARGET_FID": 827244, "BF_FID": 1831575, "PARCEL_VIE": "2613509", "LAND_USE_T": "Residential - R1Z", "FLOOR_LEVE": -9.99, "FLOOD_RISK": -9999, "GROUND_ELE": 107.25, "HEIGHT_AVE": 4.72, "NO_OF_GROU": 0, "NO_ABOVE_G": -9999, "SOURCE_OF_": 1, "ACCURACY_O": 0, "DATE_CAPTU": null, "CAPTURED_B": null, "DATE_LAST_": null, "UPDATED_BY": null, "MI_PRINX": 0.0, "LGA_CODE": "348", "LGA_NAME": "MONASH", "height": 0 }, "geometry": { "type": "MultiPolygon", "coordinates": [ [ [ [ 145.140245624487989, -37.891206121925464 ], [ 145.140222469297385, -37.891325139217642 ], [ 145.140089547612632, -37.891316010584575 ], [ 145.140085379955281, -37.891284139217753 ], [ 145.140109356224855, -37.891281544849456 ], [ 145.140110174447528, -37.891249031481067 ], [ 145.140140318833659, -37.891247255398284 ], [ 145.14014668823674, -37.891206540513487 ], [ 145.140245624487989, -37.891206121925464 ] ] ] ] } },
{ "type": "Feature", "properties": { "Join_Count": 1, "TARGET_FID": 828244, "BF_FID": 1832576, "PARCEL_VIE": "212072686", "LAND_USE_T": "Residential - R1Z", "FLOOR_LEVE": -9.99, "FLOOD_RISK": -9999, "GROUND_ELE": 106.81, "HEIGHT_AVE": 3.82, "NO_OF_GROU": 0, "NO_ABOVE_G": -9999, "SOURCE_OF_": 1, "ACCURACY_O": 0, "DATE_CAPTU": null, "CAPTURED_B": null, "DATE_LAST_": null, "UPDATED_BY": null, "MI_PRINX": 0.0, "LGA_CODE": "348", "LGA_NAME": "MONASH", "height": 0 }, "geometry": { "type": "MultiPolygon", "coordinates": [ [ [ [ 145.14392585081518, -37.898142773199744 ], [ 145.143930255903314, -37.898243665152684 ], [ 145.143829394584429, -37.898245678186093 ], [ 145.14383387037455, -37.89813843908496 ], [ 145.14392585081518, -37.898142773199744 ] ] ] ] } },
{ "type": "Feature", "properties": { "Join_Count": 1, "TARGET_FID": 828245, "BF_FID": 1832577, "PARCEL_VIE": "1477089", "LAND_USE_T": "Residential - R1Z", "FLOOR_LEVE": -9.99, "FLOOD_RISK": -9999, "GROUND_ELE": 107.02, "HEIGHT_AVE": 3.79, "NO_OF_GROU": 0, "NO_ABOVE_G": -9999, "SOURCE_OF_": 1, "ACCURACY_O": 0, "DATE_CAPTU": null, "CAPTURED_B": null, "DATE_LAST_": null, "UPDATED_BY": null, "MI_PRINX": 0.0, "LGA_CODE": "348", "LGA_NAME": "MONASH", "height": 0 }, "geometry": { "type": "MultiPolygon", "coordinates": [ [ [ [ 145.143962621600366, -37.898063974652239 ], [ 145.143955979110132, -37.898104415107845 ], [ 145.143906948502263, -37.898103821922327 ], [ 145.143905742108956, -37.898080917363536 ], [ 145.143871433236626, -37.898080376178584 ], [ 145.143874097655242, -37.89804897312942 ], [ 145.143822916878435, -37.898044381569996 ], [ 145.143830349417897, -37.897991159312404 ], [ 145.143975581755541, -37.897999757210101 ], [ 145.143962621600366, -37.898063974652239 ] ] ] ] } },
{ "type": "Feature", "properties": { "Join_Count": 1, "TARGET_FID": 828246, "BF_FID": 1832578, "PARCEL_VIE": "1477091", "LAND_USE_T": "Residential - R1Z", "FLOOR_LEVE": -9.99, "FLOOD_RISK": -9999, "GROUND_ELE": 106.61, "HEIGHT_AVE": 3.83, "NO_OF_GROU": 0, "NO_ABOVE_G": -9999, "SOURCE_OF_": 1, "ACCURACY_O": 0, "DATE_CAPTU": null, "CAPTURED_B": null, "DATE_LAST_": null, "UPDATED_BY": null, "MI_PRINX": 0.0, "LGA_CODE": "348", "LGA_NAME": "MONASH", "height": 0 }, "geometry": { "type": "MultiPolygon", "coordinates": [ [ [ [ 145.143951927938929, -37.898329151975688 ], [ 145.14394947077713, -37.898374704074136 ], [ 145.14397056238181, -37.898375036759191 ], [ 145.143964887357811, -37.898425493629361 ], [ 145.143783577666596, -37.898415785998168 ], [ 145.143805584306904, -37.898331168371847 ], [ 145.14388766922616, -37.89833372461095 ], [ 145.143888006341143, -37.898320304953188 ], [ 145.143951927938929, -37.898329151975688 ] ] ] ] } }
]
}
